OBJECTID,HSISID,NAME,ADDRESS1,ADDRESS2,CITY,STATE,POSTALCODE,PHONENUMBER,RESTAURANTOPENDATE,FACILITYTYPE,X,Y,GEOCODESTATUS,PERMITID
1,04092010037,AUBREY & PEEDIE'S GRILL,38 N MAIN ST ,,WENDELL,NC,27591,(919) 365-5528,672555600000,1 - Restaurant,-78.36945556,35.78246291,M,Not Provided
2,04092010018,ANGUS BARN,9401 GLENWOOD AVE ,,RALEIGH,NC,27628,(919) 781-2444,673246800000,1 - Restaurant,-78.76417626,35.89836431,M,Not Provided
3,04092010065,BISCUITVILLE,2426 WAKE FOREST RD,,RALEIGH,NC,27608-1710,(919) 821-2060,672901200000,1 - Restaurant,-78.62569015,35.81542941,M,Not Provided
4,04092010070,BOJANGLES # 3,1013 NEW BERN AVE ,,RALEIGH,NC,27601-1605,(919) 821-3735,672555600000,1 - Restaurant,-78.62298982,35.78024775,M,Not Provided
5,04092010072,BOJANGLES #11,7525 KNIGHTDALE BLVD,,KNIGHTDALE,NC,27545-9274,(919) 266-2768,673074000000,1 - Restaurant,-78.47567193,35.79946349,M,Not Provided
6,04092010073,BOJANGLES #12,3808 WESTERN BLVD ,,RALEIGH,NC,27606,(919) 664-8613,669272400000,1 - Restaurant,-78.68874338,35.7852001,M,Not Provided
7,04092010093,BUFFALOE LANES,6701 FAYETTEVILLE RD,,RALEIGH,NC,27603-4829,(919) 779-1888,670568400000,1 - Restaurant,-78.68338522,35.6849577,M,Not Provided
8,04092010076,THE BORDER RESTAURANT,712 N MAIN ST,,WAKE FOREST,NC,27587,(919) 556-2125,672901200000,1 - Restaurant,-78.50484966,35.98936312,M,Not Provided
9,04092010133,CASA CARBONE,6019-A GLENWOOD AVE ,,RALEIGH,NC,27612,(919) 781-8750,673246800000,1 - Restaurant,-78.70153994,35.85400324,M,Not Provided
10,04092010094,BUFFALOE LANES NORTH FOODSERVICE,5900 OAK FOREST DR,,RALEIGH,NC,27616-2903,(919) 876-5681,673160400000,1 - Restaurant,-78.5885334,35.86304848,M,Not Provided
11,04092010138,CHAR-GRILL,3211 EDWARDS MILL RD ,,RALEIGH,NC,27612-5367,(919) 781-2945,673506000000,1 - Restaurant,-78.70580387,35.82555466,M,Not Provided
12,04092010174,MARRIOTT COURTYARD CRABTREE RESTAURANT,3908 ARROW DR ,,RALEIGH,NC,27612-4657,(919) 782-6868,673506000000,1 - Restaurant,-78.67369538,35.834925,M,Not Provided
13,04092010167,CLOOS CONEY ISLAND,2233-102 AVENT FERRY RD ,,RALEIGH,NC,27606-2138,(919) 834-3354,672037200000,1 - Restaurant,-78.67605304,35.77835842,M,Not Provided
14,04092010189,NORTH RALEIGH COURTYARD BY MARRIOTT,1041 WAKE TOWNE DR ,,RALEIGH,NC,27609-7850,(919) 821-3400,672901200000,1 - Restaurant,-78.62297698,35.82408017,M,Not Provided
15,04092010190,THE BISTRO AT COURTYARD BY MARRIOTT,102 EDINBURGH SOUTH DR ,,CARY,NC,27511,(919) 481-9666,673246800000,1 - Restaurant,-78.79973652,35.73823794,M,Not Provided
16,04092010218,DENNY'S RESTAURANT,3215 WAKE FOREST RD ,,RALEIGH,NC,27609-7446,(919) 876-9556,670827600000,1 - Restaurant,-78.62096506,35.82707549,M,Not Provided
17,04092010237,EL DORADO MEXICAN RESTAURANT,2811 BRENTWOOD RD,,RALEIGH,NC,27604-3225,(919) 872-8440,673160400000,1 - Restaurant,-78.5961504,35.81728333,M,Not Provided
18,04092010069,BOJANGLES # 2,4405 FALLS OF NEUSE RD ,,RALEIGH,NC,27609-6201,(919) 876-7363,673160400000,1 - Restaurant,-78.61244606,35.84129524,M,Not Provided
19,04092010262,FIRST BAPTIST CHURCH,99 N SALISBURY ST ,,RALEIGH,NC,27603-1737,(919) 961-5953,672555600000,1 - Restaurant,-78.64073856,35.78096884,M,Not Provided
20,04092010264,FIRST PRESBYTERIAN CHURCH,120 W HARGETT ST,,RALEIGH,NC,27601-1344,(919) 832-9929,670568400000,1 - Restaurant,-78.64072906,35.77902559,M,Not Provided
21,04092010274,FRANKS PIZZA RESTAURANT,2030 NEW BERN AVE ,,RALEIGH,NC,27610-2429,(919) 231-8990,672555600000,1 - Restaurant,-78.60562466,35.77870975,M,Not Provided
22,04092010286,GLAXO ZEBULON FOODSERVICE,1011 N ARENDELL AVE ,,ZEBULON,NC,27597,(919) 269-1161,682923600000,1 - Restaurant,-78.32836965,35.83183757,M,Not Provided
23,04092010287,GLENWOOD GRILL,2603-151 GLENWOOD AVE ,,RALEIGH,NC,27608,(919) 782-3102,669272400000,1 - Restaurant,-78.66062738,35.81550133,M,Not Provided
24,04092010350,HARRIS TEETER #289 DELI ,2603 GLENWOOD AVE ,,RALEIGH,NC,27608-1044,(919) 787-5526,669272400000,1 - Restaurant,-78.66062738,35.81550133,M,Not Provided
25,04092010485,MECCA RESTAURANT,13 E MARTIN ST ,,RALEIGH,NC,27601-1841,(919) 832-5714,670568400000,1 - Restaurant,-78.6386433,35.77709034,M,Not Provided
26,04092010405,KANKI JAPANESE HOUSE OF STEAKS,4500 OLD WAKE FOREST RD ,,RALEIGH,NC,27609-6235,(919) 876-4157,673678800000,1 - Restaurant,-78.60995698,35.8419524,M,Not Provided
27,04092010490,MEREDITH COLLEGE DINING HALL,3800 HILLSBOROUGH ST ,,RALEIGH,NC,27607-5237,(919) 760-8377,669358800000,1 - Restaurant,-78.68916129,35.79996792,M,Not Provided
28,04092010548,WILLIAM PEACE UNIVERSITY CAFETERIA,15 E PEACE ST ,,RALEIGH,NC,27604-1176,(919) 508-2342,672901200000,1 - Restaurant,-78.63745155,35.78928458,M,Not Provided
29,04092010556,PICCOLA ITALIA,423 WOODBURN RD,,RALEIGH,NC,27605-1323,(919) 833-6888,669358800000,1 - Restaurant,-78.6602578,35.78996917,M,Not Provided
30,04092010549,THE PEDDLER STEAK HOUSE,6005 GLENWOOD AVE ,,RALEIGH,NC,27612-2636,(919) 787-6980,674110800000,1 - Restaurant,-78.70153994,35.85400324,M,Not Provided
31,04092010495,MILTON'S PIZZA HOUSE,8853 SIX FORKS RD ,,RALEIGH,NC,27615-2970,(919) 847-0604,673765200000,1 - Restaurant,-78.65461063,35.89932731,M,Not Provided
32,04092010585,PLAYERS RETREAT,105 OBERLIN RD,,RALEIGH,NC,27605-1648,(919) 755-9589,669358800000,1 - Restaurant,-78.66152339,35.78621542,M,Not Provided
33,04092010593,ADVENTURE LANDING,3311 CAPITAL BLVD ,,RALEIGH,NC,27604-3339,(919) 872-1688,673160400000,1 - Restaurant,-78.58785441,35.82525799,M,Not Provided
34,04092010617,REX HOSPITAL CAFETERIA,4420 LAKE BOONE TRL ,,RALEIGH,NC,27607-6599,(919) 784-4173,674110800000,1 - Restaurant,-78.70241812,35.81817357,M,Not Provided
35,04092010618,ROAST GRILL,7 S WEST ST ,,RALEIGH,NC,27603-1831,(919) 832-8292,672296400000,1 - Restaurant,-78.64564339,35.78023101,M,Not Provided
36,04092010648,SHAW UNIVERSITY CAFETERIA,118 E SOUTH ST ,,RALEIGH,NC,27601-2341,(919) 899-6598,670654800000,1 - Restaurant,-78.63776722,35.77078109,M,Not Provided
37,04092010661,SIDE STREET RESTAURANT,225 N BLOODWORTH ST ,,RALEIGH,NC,27601-1105,(919) 828-4927,672901200000,1 - Restaurant,-78.63331248,35.78351542,M,Not Provided
38,04092010658,SHORTYS,214 S WHITE ST ,,WAKE FOREST,NC,27587,(919) 556-8026,672901200000,1 - Restaurant,-78.51012825,35.9776018,M,Not Provided
39,04092010682,SOUTHEASTERN FREEWILL BAPT.COLLEGE CAFETERIA,532 EAGLE ROCK RD ,,WENDELL,NC,27591-9072,(919) 365-7711,673160400000,1 - Restaurant,-78.41589146,35.79770891,M,Not Provided
40,04092010686,SAINT MARY'S SCHOOL DINING AND ALDERT'S CORNER MAR,900 HILLSBOROUGH ST ,,RALEIGH,NC,27603-1610,(919) 424-4093,669358800000,1 - Restaurant,-78.65261196,35.78272392,M,Not Provided
41,04092010688,STATE HWY BUILDING LUNCHENETTE,1 S WILMINGTON ST ,,RALEIGH,NC,27601,(919) 733-7280,670654800000,1 - Restaurant,-78.63730739,35.77991508,M,Not Provided
42,04092010775,UPPER DECK,329 N HARRISON AVE,,CARY,NC,27513-4560,(919) 460-1786,673506000000,1 - Restaurant,-78.78373893,35.78994983,M,Not Provided
43,04092010795,WATKINS GRILL,1625 WAKE FOREST RD,,RALEIGH,NC,27604-1332,(919) 834-0467,673074000000,1 - Restaurant,-78.62518839,35.80177809,M,Not Provided
44,04092010708,SUBWAY,4112 PLEASANT VALLEY RD ,,RALEIGH,NC,27612-6256,(919) 787-7981,674110800000,1 - Restaurant,-78.70472779,35.86043849,M,Not Provided
45,04092010815,WILDWOOD GREEN SNACK BAR,3000 BALLYBUNION WAY ,,RALEIGH,NC,27612,(919) 846-5380,674110800000,1 - Restaurant,-78.68572854,35.91006573,M,Not Provided
46,04092010851,PARKSIDE,301 W MARTIN ST,,RALEIGH,NC,27601-1352,(984) 232-8969,679122000000,1 - Restaurant,-78.6437939,35.77679368,M,Not Provided
47,04092010827,WINSTON'S GRILLE,6401 FALLS OF NEUSE RD ,,RALEIGH,NC,27615-6812,(919) 790-0700,673678800000,1 - Restaurant,-78.62162989,35.86964481,M,Not Provided
48,04092010872,WAKE MED KITCHEN,3000 NEW BERN AVE,,RALEIGH,NC,27610-1231,(919) 350-8042,697870800000,1 - Restaurant,-78.58795523,35.78389509,M,Not Provided
49,04092010975,CUP A JOE,3100 HILLSBOROUGH ST,,RALEIGH,NC,27607-5437,(919) 828-9665,688194000000,1 - Restaurant,-78.67755529,35.79005017,M,Not Provided
50,04092011046,CHILIS BAR AND GRILL,6324 GLENWOOD AVE ,,RALEIGH,NC,27612-2618,(919) 571-3600,707720400000,1 - Restaurant,-78.70465562,35.85833232,M,Not Provided
51,04092010989,LOS TRES MAGUEYES,110 SW MAYNARD RD ,,CARY,NC,27511-4402,(919) 460-8757,695538000000,1 - Restaurant,-78.78312327,35.77217526,M,Not Provided
52,04092010870,TAYLOR'S CONVENIENCE STORE,10005 SIX FORKS RD ,,RALEIGH,NC,27615-1636,(919) 847-3069,695624400000,1 - Restaurant,-78.65046954,35.91578847,M,Not Provided
53,04092011062,CHAR-GRILL,4617 ATLANTIC AVE,,RALEIGH,NC,27604-8103,(919) 954-9556,700203600000,1 - Restaurant,-78.60292756,35.84801798,M,Not Provided
54,04092011070,OUTBACK STEAKHOUSE #3440,7500 CREEDMOOR RD ,,RALEIGH,NC,27613-1641,(919) 846-3848,713422800000,1 - Restaurant,-78.67923546,35.8882399,M,Not Provided
55,04092011060,OLIVE GARDEN,1809 WALNUT ST ,,CARY,NC,27511-9201,(919) 233-9714,701586000000,1 - Restaurant,-78.74263886,35.76053784,M,Not Provided
56,04092011099,BARRYS CAFE,2851 JONES FRANKLIN RD ,,RALEIGH,NC,27606-4346,(919) 859-3555,706165200000,1 - Restaurant,-78.7377362,35.74360868,M,Not Provided
57,04092011108,MARGAUXS,8111 CREEDMOOR RD ,,RALEIGH,NC,27613-4389,(919) 846-9846,732430800000,1 - Restaurant,-78.68248846,35.8985009,M,Not Provided
58,04092011117,ROYAL INDIA RESTAURANT,3901-103 CAPITAL BLVD,,RALEIGH,NC,27604,(919) 981-0849,712213200000,1 - Restaurant,-78.58517482,35.8349864,M,Not Provided
59,04092011132,BOJANGLES,1400 N MAIN ST ,,FUQUAY-VARINA,NC,27526-8901,(919) 557-0749,713422800000,1 - Restaurant,-78.77334769,35.59221963,M,Not Provided
60,04092011173,BOJANGLES #15,5409 CAPITAL BLVD ,,RALEIGH,NC,27616-2929,(919) 872-5820,720766800000,1 - Restaurant,-78.582482,35.85985466,M,Not Provided
61,04092011181,NC FARM BUREAU CAFETERIA,5301 GLENWOOD AVE ,,RALEIGH,NC,27612-3244,(919) 781-0547,721630800000,1 - Restaurant,-78.69210811,35.84689265,M,Not Provided
62,04092011192,SUBWAY #12044,235 TIMBER DR,,GARNER,NC,27529-4870,(919) 779-6820,723186000000,1 - Restaurant,-78.60613274,35.68500311,M,Not Provided
63,04092011235,OLIVE GARDEN,4805 CAPITAL BLVD,,RALEIGH,NC,27616-4483,(919) 954-8557,731653200000,1 - Restaurant,-78.58155933,35.85089099,M,Not Provided
64,04092011193,EL RODEO RESTAURANT,2404 WAKE FOREST RD,,RALEIGH,NC,27608-1710,(919) 833-1460,723963600000,1 - Restaurant,-78.62594081,35.81378275,M,Not Provided
65,04092011186,KASHIN RESTAURANT,309 CROSSROADS BLVD ,,CARY,NC,27511-6894,(919) 851-7101,722667600000,1 - Restaurant,-78.73871469,35.76064643,M,Not Provided
66,04092011278,HARDEES #1638,403 S MAIN ST ,,ROLESVILLE,NC,27571-9664,(919) 554-2720,736750800000,1 - Restaurant,-78.46490536,35.91816505,M,Not Provided
67,04092011314,REVENUE BLDG. CAFETERIA,305 N WILMINGTON ST ,,RALEIGH,NC,27601,,742712400000,1 - Restaurant,-78.63784764,35.7765961,M,Not Provided
68,04092011279,OLE TIME BARBECUE,6309 HILLSBOROUGH ST ,,RALEIGH,NC,27606-1148,(919) 859-2544,737096400000,1 - Restaurant,-78.73876969,35.78733184,M,Not Provided
69,04092011334,CHICK-FIL-A,6612 GLENWOOD AVE ,,RALEIGH,NC,27612-7128,(919) 571-8480,746254800000,1 - Restaurant,-78.70866037,35.86104241,M,Not Provided
70,04092011321,BOWLERO CARY,301 NOTTINGHAM DR,,CARY,NC,27511-4947,(919) 467-2411,744008400000,1 - Restaurant,-78.74288286,35.76719977,M,Not Provided
71,04092011339,AMF SNACK BAR AND LOUNGE,5501 COMMERCIAL AVE ,,RALEIGH,NC,27612-7002,,746859600000,1 - Restaurant,-78.7093492,35.85721598,M,Not Provided
72,04092011376,CONFERENCE DINING SERVICES FACILITY,3000 NEW BERN AVE,,RALEIGH,NC,27610,(919) 350-8190,751179600000,1 - Restaurant,-78.58795523,35.78389509,M,Not Provided
73,04092011399,BOJANGLES,1209 LAURA VILLAGE  RD ,,APEX,NC,27523-7140,(919) 362-1416,754808400000,1 - Restaurant,-78.83682643,35.74886593,M,Not Provided
74,04092011426,"ATRIUM CAFE, THE","500 SAS CAMPUS DR,  BLDG R ",BUILDING R,CARY,NC,27513,,759733200000,1 - Restaurant,-78.75797286,35.82399708,M,Not Provided
75,04092011465,BURGER KING #223,349 TRYON RD ,,RALEIGH,NC,27603-3529,(919) 772-5255,764312400000,1 - Restaurant,-78.6504203,35.73082051,M,Not Provided
76,04092011394,MCDONALD'S # 13334,6213 FALLS OF NEUSE RD ,,RALEIGH,NC,27609-3505,(919) 878-0085,754549200000,1 - Restaurant,-78.62123397,35.86745099,M,Not Provided
77,04092011497,BARNES AND NOBLE CAFE,4325 GLENWOOD AVE,,RALEIGH,NC,27612-4532,(919) 782-0030,770619600000,1 - Restaurant,-78.67900996,35.83931725,M,Not Provided
78,04092011619,LEGISLATIVE BLDG CAFETERIA,16 W JONES ST ,,RALEIGH,NC,27601-1030,(919) 733-6032,789714000000,1 - Restaurant,-78.63894782,35.78320992,M,Not Provided
79,04092011620,LEGISLATIVE BLDG SNACK BAR,16 W JONES ST ,,RALEIGH,NC,27601-1030,,789714000000,1 - Restaurant,-78.63894782,35.78320992,M,Not Provided
80,04092011678,MCDONALD'S #14961,4413 CAPITAL BLVD ,,RALEIGH,NC,27604-4314,(919) 878-0155,798526800000,1 - Restaurant,-78.58053199,35.8441304,M,Not Provided
81,04092011649,DANNY'S BARBEQUE,311 ASHVILLE AVE ,,CARY,NC,27518,(919) 851-5541,794034000000,1 - Restaurant,-78.78493552,35.73790444,M,Not Provided
82,04092011682,SALSA FRESH MEXICAN GRILL,5910 DURALEIGH RD ,,RALEIGH,NC,27612-2580,(919) 571-9111,798786000000,1 - Restaurant,-78.71199827,35.85872108,M,Not Provided
83,04092011179,RED DRAGON CHINESE RESTAURANT,2513 FAIRVIEW RD,,RALEIGH,NC,27608,(919) 782-1102,718520400000,1 - Restaurant,-78.65491974,35.80920957,M,Not Provided
84,04092011428,NC SEAFOOD RESTAURANT,1217 FARMERS MARKET DR ,,RALEIGH,NC,27603,(919) 833-4661,759992400000,1 - Restaurant,-78.66408894,35.76388303,M,Not Provided
85,04092011740,BURGER KING #9246,3500 POOLE RD ,,RALEIGH,NC,27610-2904,(919) 231-3008,812696400000,1 - Restaurant,-78.57713899,35.76737783,M,Not Provided
86,04092011623,JOSE AND SONS MEXICAN KITCHEN   BAR,4112 PLEASANT VALLEY RD ,,RALEIGH,NC,27612-6256,(919) 571-1188,789714000000,1 - Restaurant,-78.70472779,35.86043849,M,Not Provided
87,04092011723,KORNER CAFE FOOD COURT,4420 LAKE BOONE TRL ,,RALEIGH,NC,27607-7505,(919) 784-3401,809154000000,1 - Restaurant,-78.70241812,35.81817357,M,Not Provided
88,04092011773,CUP A JOE,2109 AVENT FERRY RD,SUITE 142,RALEIGH,NC,27606-2137,(919) 828-9886,815374800000,1 - Restaurant,-78.67605304,35.77835842,M,Not Provided
89,04092011788,TACO BELL,2748 CAPITAL BLVD ,,RALEIGH,NC,27604-1510,(919) 832-6450,818917200000,1 - Restaurant,-78.59785732,35.81729325,M,Not Provided
90,04092011048,NY PIZZA,1831 N HARRISON AVE ,,CARY,NC,27513-2408,(919) 677-8484,704696400000,1 - Restaurant,-78.76811106,35.8299652,M,Not Provided
91,04092011804,TACO BELL OF KNIGHTDALE,7036 KNIGHTDALE BLVD,,KNIGHTDALE,NC,27545-8800,(919) 217-9524,820645200000,1 - Restaurant,-78.49388935,35.79807017,M,Not Provided
92,04092011783,TACO BELL #3421,1120 KILDAIRE FARM RD,,CARY,NC,27511-4523,(919) 481-0850,818053200000,1 - Restaurant,-78.7822126,35.76974584,M,Not Provided
93,04092011828,TACO BELL,1384 N MAIN ST ,,FUQUAY-VARINA,NC,27526-2617,(919) 557-5283,820558800000,1 - Restaurant,-78.7742087,35.59204904,M,Not Provided
94,04092011831,TACO BELL #3279,3821 WESTERN BLVD ,,RALEIGH,NC,27606-1934,(919) 851-9034,818398800000,1 - Restaurant,-78.68953247,35.78425417,M,Not Provided
95,04092011862,ZEBULON BP GRILL,603 W GANNON AVE,,ZEBULON,NC,27597-2511,(919) 375-5200,830408400000,1 - Restaurant,-78.32832015,35.81991106,M,Not Provided
96,04092011879,EL DORADO #8,8111 CREEDMOOR RD ,STE.161,RALEIGH,NC,27613-4389,(919) 848-0788,833518800000,1 - Restaurant,-78.68248846,35.8985009,M,Not Provided
97,04092011923,PAULS CASH GROCERY  SERVICES,7301 POOLE RD,,RALEIGH,NC,27610-9366,(919) 266-2624,841208400000,1 - Restaurant,-78.51574177,35.75588643,M,Not Provided
98,04092011895,FIESTA MEXICANA,2839 JONES FRANKLIN RD ,,RALEIGH,NC,27606-4346,(919) 859-1303,836370000000,1 - Restaurant,-78.7377362,35.74360868,M,Not Provided
99,04092011955,PAM'S FARMHOUSE RESTAURANT,5111 WESTERN BLVD ,,RALEIGH,NC,27603,(919) 859-9990,847342800000,1 - Restaurant,-78.7118452,35.78599159,M,Not Provided
100,04092011949,O'MALLEY'S TAVERN,5228 HOLLYRIDGE DR ,,RALEIGH,NC,27612-3114,(919) 787-1234,845269200000,1 - Restaurant,-78.70051428,35.85321065,M,Not Provided
101,04092011976,CHAR-GRILL,9601 STRICKLAND RD,,RALEIGH,NC,27615,(919) 845-8994,849848400000,1 - Restaurant,-78.6558313,35.90114598,M,Not Provided
102,04092011977,HONEYBAKED HAM COMPANY,423 CROSSROADS BLVD ,,CARY,NC,27511-6896,(919) 854-1222,848638800000,1 - Restaurant,-78.73871469,35.76064643,M,Not Provided
103,04092012029,WAKE TECHNICAL COMMUNITY COLLEGE REST.,9101 FAYETTEVILLE RD,,RALEIGH,NC,27603-5655,(919) 866-5990,859957200000,1 - Restaurant,-78.70372013,35.64986654,M,Not Provided
104,04092012007,BEE HIVE CAFE,3800 HILLSBOROUGH ST ,,RALEIGH,NC,27607,(919) 829-8328,854686800000,1 - Restaurant,-78.68916129,35.79996792,M,Not Provided
105,04092011980,REMINGTON GRILL,208 CROSSROADS BLVD,,CARY,NC,27511-6892,(919) 233-1494,850280400000,1 - Restaurant,-78.73871469,35.76064643,M,Not Provided
106,04092012057,WARAJI JAPANESE RESTAURANT,5910 DURALEIGH RD ,STE 147,RALEIGH,NC,27612-2580,(919) 783-1883,865832400000,1 - Restaurant,-78.71199827,35.85872108,M,Not Provided
107,04092012051,LA RANCHERITA,102 N SALEM ST ,,APEX,NC,27502-1428,(919) 303-2448,862894800000,1 - Restaurant,-78.85126634,35.73076686,M,Not Provided
108,04092012037,WOODY'S SPORTS TAVERN   GRILL,8322 CHAPEL HILL RD,,CARY,NC,27513-4051,(919) 380-7737,859179600000,1 - Restaurant,-78.77617019,35.79224525,M,Not Provided
109,04092012056,TORERO'S MEXICAN RESTAURANT V,1207-C KILDAIRE FARM RD ,,CARY,NC,27511,(919) 468-8711,865314000000,1 - Restaurant,-78.78219418,35.76380551,M,Not Provided
110,04092012063,WHOLE FOODS MARKET CAFE,3540 WADE AVE ,,RALEIGH,NC,27607-4048,(919) 828-5805,866696400000,1 - Restaurant,-78.68557988,35.80211883,M,Not Provided
111,04092012065,MAYFLOWER SEAFOOD RESTAURANT,3301 CAPITAL BLVD ,,RALEIGH,NC,27604-3339,(919) 875-9007,862376400000,1 - Restaurant,-78.58813766,35.82461108,M,Not Provided
112,04092012102,CARRABBA'S ITALIAN GRILL #3420,4821 CAPITAL BLVD ,,RALEIGH,NC,27616-4483,(919) 871-0001,871880400000,1 - Restaurant,-78.58143557,35.85253808,M,Not Provided
113,04092012067,KABUKI JAPANESE STEAK HOUSE,220 NOTTINGHAM DR,,CARY,NC,27511,(919) 380-8081,867301200000,1 - Restaurant,-78.74295028,35.76835892,M,Not Provided
114,04092012120,SECOND EMPIRE AT DODD-HINSDALE,330 HILLSBOROUGH ST ,,RALEIGH,NC,27603-1726,(919) 829-3663,873435600000,1 - Restaurant,-78.64468881,35.78102351,M,Not Provided
115,04092012113,CHINA CHEF,930 US 64 HWY W ,,APEX,NC,27523,(919) 468-8982,871016400000,1 - Restaurant,-78.820808,35.74557219,M,Not Provided
116,04092012149,NEW PANDA CHINESE RESTAURANT,2660 TIMBER DR ,,GARNER,NC,27529-2571,(919) 661-8393,877928400000,1 - Restaurant,-78.63679232,35.71605085,M,Not Provided
117,04092012179,CHICK-FIL-A #00678,2720 TIMBER DR ,,GARNER,NC,27529-2591,(919) 661-2448,884149200000,1 - Restaurant,-78.63762924,35.71713143,M,Not Provided
118,04092012212,STARBUCKS #8270,7498 CREEDMOOR RD ,,RALEIGH,NC,27613-1664,(919) 846-0633,890802000000,1 - Restaurant,-78.67810638,35.88786089,M,Not Provided
119,04092012198,WINDSOR POINT RESTAURANT,1221 BROAD ST,,FUQUAY-VARINA,NC,27526-3602,(919) 552-4580,888555600000,1 - Restaurant,-78.80376902,35.60087072,M,Not Provided
120,04092012200,N.Y.PIZZA,6458 TRYON RD,,CARY,NC,27518,(919) 852-2242,886654800000,1 - Restaurant,-78.76155635,35.7455991,M,Not Provided
121,04092012219,THAI VILLA RESTAURANT,1319 BUCK JONES RD ,,RALEIGH,NC,27606-3328,(919) 462-9010,892443600000,1 - Restaurant,-78.74230845,35.76485926,M,Not Provided
122,04092012252,JACKS SEAFOOD RESTAURANT,1516 NEW BERN AVE ,,RALEIGH,NC,27610-2536,(919) 755-1551,896763600000,1 - Restaurant,-78.61632082,35.77973525,M,Not Provided
123,04092012231,KNIGHTS PLAY GOLF CENTER,2512 TEN TEN RD,,APEX,NC,27502,(919) 303-3747,893653200000,1 - Restaurant,-78.81418825,35.71129061,M,Not Provided
124,04092012279,KANKI JAPANESE HOUSE OF STEAKS AND SUSHI,4325 GLENWOOD AVE ,,RALEIGH,NC,27612,(919) 782-9708,901774800000,1 - Restaurant,-78.67900996,35.83931725,M,Not Provided
125,04092012262,INTERNATIONAL HOUSE OF PANCAKES,1450 US 70 HWY ,,GARNER,NC,27529,(919) 661-2604,898491600000,1 - Restaurant,-78.64196989,35.72164018,M,Not Provided
126,04092012307,STARBUCKS,3101 EDWARDS MILL RD ,,RALEIGH,NC,27612-5303,(919) 789-4922,902466000000,1 - Restaurant,-78.70695545,35.82544758,M,Not Provided
127,04092012312,TACO BELL,1205 LAURA VILLAGE RD ,,APEX,NC,27523-7140,(919) 363-6684,907650000000,1 - Restaurant,-78.83614033,35.74864094,M,Not Provided
128,04092012824,WANG'S KITCHEN,1601-41 CROSS LINK RD ,,RALEIGH,NC,27610-4186,(919) 832-0706,908946000000,1 - Restaurant,-78.6148089,35.7548246,M,Not Provided
129,04092012835,MCDONALD'S #17721,900 US 64 HWY W ,,APEX,NC,27523,(919) 380-0906,911192400000,1 - Restaurant,-78.82150684,35.7445101,M,Not Provided
130,04092012858,WANG'S KITCHEN,3416 POOLE RD ,,RALEIGH,NC,27610-2918,(919) 250-0902,916722000000,1 - Restaurant,-78.57953607,35.76724392,M,Not Provided
131,04092012848,TACO BELL #020165,2101 WALNUT ST,,CARY,NC,27511-9207,(919) 852-0680,913698000000,1 - Restaurant,-78.74089719,35.75662477,M,Not Provided
132,04092012855,BUFFALOE LANES - CARY,151 HIGH HOUSE RD ,,CARY,NC,27511-6715,(919) 468-8684,915080400000,1 - Restaurant,-78.79635109,35.78232843,M,Not Provided
133,04092012875,RUCKUS PIZZA,2233 AVENT FERRY RD ,,RALEIGH,NC,27606-2138,(919) 835-2002,919314000000,1 - Restaurant,-78.67605304,35.77835842,M,Not Provided
134,04092012890,HIGH PARK BAR AND GRILL,625 E WHITAKER MILL RD,,RALEIGH,NC,27608-2635,(919) 833-4527,921646800000,1 - Restaurant,-78.6305369,35.8074925,M,Not Provided
135,04092012930,PTA OF WAKE FOREST,12277 CAPITAL BLVD ,,WAKE FOREST,NC,27587-6200,(919) 554-1400,926917200000,1 - Restaurant,-78.54097708,35.98087662,M,Not Provided
136,04092012901,LINKS GRILLE AT LOCHMERE,2511 KILDAIRE FARM RD,,CARY,NC,27511-9611,(919) 851-0611,922683600000,1 - Restaurant,-78.76802053,35.72297344,M,Not Provided
137,04092012937,PF CHANGS RESTAURANT,4325 GLENWOOD AVE ,SUITE 2089,RALEIGH,NC,27612,(919) 787-7754,928818000000,1 - Restaurant,-78.67900996,35.83931725,M,Not Provided
138,04092012900,LOS TRES VAQUEROS,7909-109 FALLS OF NEUSE RD ,,RALEIGH,NC,27615-3348,(919) 846-6666,922424400000,1 - Restaurant,-78.62599455,35.89329706,M,Not Provided
139,04092012990,GREAT WOK,2823 WENDELL BLVD ,,WENDELL,NC,27591-6904,(919) 365-6988,933224400000,1 - Restaurant,-78.38037272,35.79568491,M,Not Provided
140,04092012954,VIC'S ITALIAN CAFE,331 BLAKE ST ,,RALEIGH,NC,27601-1801,(919) 829-7090,930718800000,1 - Restaurant,-78.63562889,35.77592959,M,Not Provided
141,04092013006,BOJANGLES,2620 ATLANTIC AVE,,RALEIGH,NC,27604-1502,(919) 546-9701,936766800000,1 - Restaurant,-78.61499807,35.81837341,M,Not Provided
142,04092012996,GLENAIRE DINING SERVICES,4000 GLENAIRE CIRCLE ,,CARY,NC,27511-3802,(919) 460-8095,935038800000,1 - Restaurant,-78.78516043,35.77627942,M,Not Provided
143,04092013020,LA FARM BAKERY,4248 NW CARY PKY ,,CARY,NC,27513-8478,(919) 657-0657,939790800000,1 - Restaurant,-78.82751593,35.79057967,M,Not Provided
144,04092013023,RESIDENCE INN-CRABTREE FOODSERVICE,2200 SUMMIT PARK LN ,,RALEIGH,NC,27612-4653,(919) 279-3000,939790800000,1 - Restaurant,-78.6756247,35.834583,M,Not Provided
145,04092013025,POINTS WEST CAFE AT WAKE MED CARY,1900 KILDAIRE FARM RD ,,CARY,NC,27518,(919) 350-2736,941691600000,1 - Restaurant,-78.78171676,35.74074768,M,Not Provided
146,04092013028,LENOVO CENTER MAIN KITCHEN,1400 EDWARDS MILL RD ,,RALEIGH,NC,27607-3624,(919) 861-2300,941086800000,1 - Restaurant,-78.72293853,35.80324451,M,Not Provided
147,04092013029,LENOVO CENTER CLUB KITCHEN,1400 EDWARDS MILL RD,,RALEIGH,NC,27607-3624,(919) 861-2300,941086800000,1 - Restaurant,-78.72293853,35.80324451,M,Not Provided
148,04092013049,LENOVO CENTER 112,1400 EDWARDS MILL RD ,,RALEIGH,NC,27607-3624,(919) 861-2300,941086800000,1 - Restaurant,-78.72293853,35.80324451,M,Not Provided
149,04092013047,WAKE FOREST BP RESTAURANT,103 N WHITE ST,,WAKE FOREST,NC,27587-2645,(919) 554-2294,942814800000,1 - Restaurant,-78.509346,35.97984104,M,Not Provided
150,04092013054,LENOVO CENTER 103-105,1400 EDWARDS MILL RD ,,RALEIGH,NC,27607-3624,(919) 861-2300,941086800000,1 - Restaurant,-78.72293853,35.80324451,M,Not Provided
151,04092013024,SUSHI BLUES CAFE,301 GLENWOOD AVE ,SUITE 110,RALEIGH,NC,27603-1452,(919) 664-8061,941518800000,1 - Restaurant,-78.64802898,35.78456842,M,Not Provided
152,04092013056,LENOVO CENTER 130,1400 EDWARDS MILL RD,,RALEIGH,NC,27607-3624,(919) 861-2300,941086800000,1 - Restaurant,-78.72293853,35.80324451,M,Not Provided
153,04092013059,LENOVO CENTER 310,1400 EDWARDS MILL RD ,,RALEIGH,NC,27607-3624,(919) 861-2300,941086800000,1 - Restaurant,-78.72293853,35.80324451,M,Not Provided
154,04092013060,LENOVO CENTER 329,1400 EDWARDS MILL RD ,,RALEIGH,NC,27607-3624,(919) 861-2300,941173200000,1 - Restaurant,-78.72293853,35.80324451,M,Not Provided
155,04092013070,JERSEY MIKES RESTAURANT,4542 CAPITAL BLVD ,,RALEIGH,NC,27604-4353,(919) 790-7827,942814800000,1 - Restaurant,-78.57896431,35.84571465,M,Not Provided
156,04092013079,KADHAI-THE INDIAN WOK,6260 GLENWOOD AVE ,STE 12,RALEIGH,NC,27612-2650,(919) 785-9730,944110800000,1 - Restaurant,-78.70313537,35.85876533,M,Not Provided
157,04092013091,BURGER KING #12979,3101 INTEGRITY DR ,,GARNER,NC,27529-8599,(919) 661-7718,948430800000,1 - Restaurant,-78.58226016,35.72489085,M,Not Provided
158,04092013111,THE FLYING SAUCER RESTAURANT,328 W MORGAN ST ,,RALEIGH,NC,27601-1369,(919) 821-7401,951454800000,1 - Restaurant,-78.64477322,35.78005933,M,Not Provided
159,04092013062,LENOVO CENTER 118-120,1400 EDWARDS MILL RD ,,RALEIGH,NC,27607-3624,(919) 861-2300,944542800000,1 - Restaurant,-78.72293853,35.80324451,M,Not Provided
160,04092013122,MCDONALD'S #14342,3026 CAPITAL BLVD ,,RALEIGH,NC,27604-3334,(919) 878-0701,952750800000,1 - Restaurant,-78.591122,35.82042374,M,Not Provided
161,04092013127,ARENA CAFE- CISCO BLDG 7,7100 KIT CREEK RD ,,MORRISVILLE,NC,27560,(302) 593-0075,954565200000,1 - Restaurant,-78.87552982,35.85784809,M,Not Provided
162,04092013128,EL RODEO RESTAURANT,329 S BLOUNT ST,,RALEIGH,NC,27601-1803,(919) 829-0777,953701200000,1 - Restaurant,-78.63625114,35.77567633,M,Not Provided
163,04092013163,DIVOTS GRILL,180 JAKE MAY DR,,WENDELL,NC,27591-9589,(919) 365-7337,960526800000,1 - Restaurant,-78.38670679,35.77109583,M,Not Provided
164,04092013187,EL DORADO RESTAURANT,1303 5TH AVE,,GARNER,NC,27529-3637,(919) 779-1411,965797200000,1 - Restaurant,-78.62278391,35.70821235,M,Not Provided
165,04092013208,STARBUCKS COFFEE #08373,609 PEACE ST ,,RALEIGH,NC,27605,(919) 754-9007,969944400000,1 - Restaurant,-78.64795656,35.78835767,M,Not Provided
166,04092013193,BELLA MONICA,3121-103 EDWARDS MILL RD ,,RALEIGH,NC,27612-5369,(919) 881-9778,965192400000,1 - Restaurant,-78.70695545,35.82544758,M,Not Provided
167,04092013210,SALSA FRESH RESTAURANT,9650 STRICKLAND RD ,,RALEIGH,NC,27615-1902,(919) 870-1107,969858000000,1 - Restaurant,-78.65677038,35.90420522,M,Not Provided
168,04092013229,SUSHI THAI RESTAURANT,2434 WYCLIFF RD,,RALEIGH,NC,27607-2903,(919) 789-8180,973746000000,1 - Restaurant,-78.69299571,35.81676957,M,Not Provided
169,04092013232,NAKATO EXPRESS,1262 NW MAYNARD RD ,,CARY,NC,27513,(919) 463-7677,973659600000,1 - Restaurant,-78.80932559,35.78486593,M,Not Provided
170,04092013271,HAYES BARTON CAFE   DESSERTERY,2000 FAIRVIEW RD ,,RALEIGH,NC,27608-2316,(919) 856-8551,980312400000,1 - Restaurant,-78.64632273,35.80453192,M,Not Provided
171,04092013238,LOS TRES MAGUEYES # 4,12400 WAKE UNION CHURCH RD ,SUITE 101,WAKE FOREST,NC,27587-4509,(919) 554-2554,974782800000,1 - Restaurant,-78.53897033,35.98314387,M,Not Provided
172,04092013256,MACK'S MART,7526 KNIGHTDALE BLVD E,,KNIGHTDALE,NC,27545,(919) 266-1509,977202000000,1 - Restaurant,-78.47551952,35.79852808,M,Not Provided
173,04092013151,WHOLE FOODS MARKET DELI-SUSHI-CHEESE,102 B NEW WAVERLY PL ,,CARY,NC,27511,(919) 816-8830,957848400000,1 - Restaurant,-78.77852676,35.7366694,M,Not Provided
174,04092013281,TASTE OF CHINA,1321 5TH AVE ,,GARNER,NC,27529-3637,(919) 779-7727,982558800000,1 - Restaurant,-78.62278391,35.70821235,M,Not Provided
175,04092013291,BISCUITVILLE # 169,605 STELLATA DR ,,FUQUAY-VARINA,NC,27526-1946,(919) 577-6380,983422800000,1 - Restaurant,-78.78197903,35.5913653,M,Not Provided
176,04092013297,WILLOW CREEK EXXON,1133 OLD HONEYCUTT RD ,,FUQUAY-VARINA,NC,27526-8923,(919) 577-6361,984027600000,1 - Restaurant,-78.75761886,35.58333855,M,Not Provided
177,04092013321,LEGISLATIVE OFFICE BLDG. SNACK BAR,300 N SALISBURY ST ,,RALEIGH,NC,27603-5925,(919) 715-6409,1004677200000,1 - Restaurant,-78.63882022,35.78561401,M,Not Provided
178,04092013309,BOJANGLES #27,3920 JONES SAUSAGE RD ,,GARNER,NC,27529,(919) 662-1621,988002000000,1 - Restaurant,-78.58008566,35.72686093,M,Not Provided
179,04092013325,HARRIS TEETER #90 DELI,13210 STRICKLAND RD ,,RALEIGH,NC,27613-7536,(919) 676-0589,994050000000,1 - Restaurant,-78.72593678,35.90878748,M,Not Provided
180,04092013346,BROOKDALE OF NORTH RALEIGH FOOD SERVICE,1200 CARLOS DR ,,RALEIGH,NC,27609,(919) 334-2222,994309200000,1 - Restaurant,-78.61848048,35.86397574,M,Not Provided
181,04092013236,THE REALE,2805 HIGHWOODS BLV ,,RALEIGH,NC,27604-1002,(919) 872-3500,975301200000,1 - Restaurant,-78.60147607,35.81782408,M,Not Provided
182,04092013357,SPRINGMOOR DIETARY DEPT.,1500 SAWMILL RD,,RALEIGH,NC,27615-4320,(919) 848-7092,994395600000,1 - Restaurant,-78.67552154,35.8839559,M,Not Provided
183,04092013354,ABBOTSWOOD ASSISTED LIVING DINING SERVICES,7900 CREEDMOOR RD,,RALEIGH,NC,27613-4382,(919) 847-3202,994395600000,1 - Restaurant,-78.67948637,35.89545689,M,Not Provided
184,04092013386,INDEPENDENCE VILLAGE OF OLDE RALEIGH,3113 CHARLES B ROOT WYND ,,RALEIGH,NC,27612-5379,(919) 781-8226,996555600000,1 - Restaurant,-78.70965428,35.82648166,M,Not Provided
185,04092013412,STAYBRIDGE SUITES SUNDOWNER ROOM,1012 AIRPORT BLVD,,MORRISVILLE,NC,27560-9195,(919) 468-0180,1001653200000,1 - Restaurant,-78.81827567,35.85781916,M,Not Provided
186,04092013342,LAS PALMAS III,9820 - 170 LEESVILLE RD ,,RALEIGH,NC,27613,(919) 845-4779,992408400000,1 - Restaurant,-78.72831743,35.90722226,M,Not Provided
187,04092013423,JOHN DEERE CAFE,2000 EVANS RD,,CARY,NC,27513-2008,(919) 804-2509,1002085200000,1 - Restaurant,-78.80087076,35.82273725,M,Not Provided
188,04092013418,TAZA GRILL,6325 - 19 FALLS OF NEUSE RD ,,RALEIGH,NC,27615,(919) 872-7161,1002258000000,1 - Restaurant,-78.62251588,35.86923291,M,Not Provided
189,04092013442,STARBUCKS #8459,4421 SIX FORKS RD,STE 116,RALEIGH,NC,27609-5761,(919) 571-0713,1003899600000,1 - Restaurant,-78.64349731,35.8401699,M,Not Provided
190,04092013446,LENOVO CENTER - THE DECK,1400 EDWARDS MILL RD ,,RALEIGH,NC,27607-3624,(919) 861-2300,1004677200000,1 - Restaurant,-78.72293853,35.80324451,M,Not Provided
191,04092013400,WOODLAND TERRACE INDEPENDENT LIVING FOODSERVICES,300 KILDAIRE WOODS DR ,,CARY,NC,27511-7708,(919) 465-0356,999666000000,1 - Restaurant,-78.77900843,35.76613693,M,Not Provided
192,04092013453,GOJI BISTRO,100 MAYNARD CROSSING CT,,CARY,NC,27513,(919) 466-8888,1007355600000,1 - Restaurant,-78.81059501,35.78672834,M,Not Provided
193,04092013454,TORERO'S RESTAURANT,4721 ATLANTIC AVE,# 101,RALEIGH,NC,27604,(919) 873-9116,1006232400000,1 - Restaurant,-78.60292756,35.84801798,M,Not Provided
194,04092013461,PINE HOLLOW GOLF CLUB FOOD SERVICE,3300 GARNER RD ,,CLAYTON,NC,27520-9306,(919) 553-4554,1007096400000,1 - Restaurant,-78.50771752,35.67976452,M,Not Provided
195,04092013458,MCDONALD'S,10100 LEESVILLE RD ,,RALEIGH,NC,27613-7541,(919) 841-9282,1006318800000,1 - Restaurant,-78.72754361,35.90928257,M,Not Provided
196,04092013465,NO FO AT THE PIG,2014 FAIRVIEW RD ,,RALEIGH,NC,27608-2316,(919) 821-1240,1008046800000,1 - Restaurant,-78.64689671,35.80508875,M,Not Provided
197,04092013475,BOJANGLES # 29,12109 CLOVERLEAF DR,,WAKE FOREST,NC,27587-6516,(919) 554-2243,1008306000000,1 - Restaurant,-78.54093275,35.97689004,M,Not Provided
198,04092013462,PAOLO'S,101 - 500 KEYBRIDGE ST,,MORRISVILLE,NC,27560,(919) 678-9030,1006750800000,1 - Restaurant,-78.8227355,35.82037975,M,Not Provided
199,04092013481,MCDONALD'S #26522,5016-101 SPRING FOREST RD,,RALEIGH,NC,27616,(919) 954-8880,1008824400000,1 - Restaurant,-78.55660033,35.85547149,M,Not Provided
200,04092013487,STARBUCKS,3023-101 CAPITAL ,,RALEIGH,NC,27604,(919) 875-8760,1010725200000,1 - Restaurant,-78.59178165,35.82154066,M,Not Provided
201,04092013482,THE PIPER'S TAVERN,8304 FALLS OF NEUSE RD ,,RALEIGH,NC,27615-3416,(919) 676-7413,1009947600000,1 - Restaurant,-78.61981672,35.89456664,M,Not Provided
202,04092013479,SUBWAY,160 WAKELON ST ,,ZEBULON,NC,27597,(919) 269-9293,1007442000000,1 - Restaurant,-78.31858232,35.83228581,M,Not Provided
203,04092013499,MELLOW MUSHROOM,601 W PEACE ST ,,RALEIGH,NC,27605-1519,(919) 832-3499,1012194000000,1 - Restaurant,-78.64756772,35.78826809,M,Not Provided
204,04092013500,LUCKY 32,7307 TRYON RD ,,CARY,NC,27511-6603,(919) 233-1632,1011848400000,1 - Restaurant,-78.78538501,35.73640194,M,Not Provided
205,04092013502,LOWES FOODS #184 (DELI),5400 APEX PEAKWAY ,,APEX,NC,27502,(919) 363-5376,1010466000000,1 - Restaurant,-78.86537408,35.73684286,M,Not Provided
206,04092013513,MITCHELLS CATERING,1732 CAPITAL BLVD ,,RALEIGH,NC,27604-1362,(919) 847-0135,1011848400000,1 - Restaurant,-78.61947006,35.80200175,M,Not Provided
207,04092013519,LOS TRES MAGUEYES,411-J S MAIN ST ,,ROLESVILLE,NC,27571,(919) 562-1669,1012626000000,1 - Restaurant,-78.4663386,35.91623805,M,Not Provided
208,04092013505,SUBWAY,2444 SW CARY PKY ,,CARY,NC,27513,(919) 467-3898,1011934800000,1 - Restaurant,-78.82085568,35.76364284,M,Not Provided
209,04092013542,CHICK-FIL-A,11730 RETAIL DR,,WAKE FOREST,NC,27587-7349,(919) 562-9004,1016168400000,1 - Restaurant,-78.5427515,35.96706288,M,Not Provided
210,04092013541,CHINA ONE,661 CARY TOWNE BLVD,,CARY,NC,27511-4219,(919) 461-0088,1014872400000,1 - Restaurant,-78.76675868,35.77660368,M,Not Provided
211,04092013543,CAROLINA ALE HOUSE,2240 WALNUT ST ,,CARY,NC,27518,(919) 854-9444,1014958800000,1 - Restaurant,-78.74239169,35.75496793,M,Not Provided
212,04092013546,MOJOE'S BURGER JOINT,620 GLENWOOD AVE,,RALEIGH,NC,27603-1224,(919) 832-6799,1017205200000,1 - Restaurant,-78.64692472,35.78849409,M,Not Provided
213,04092013574,TACO BELL #1872,6404 GLENWOOD AVE ,,RALEIGH,NC,27612-2620,(919) 787-9805,1021006800000,1 - Restaurant,-78.70522396,35.85868508,M,Not Provided
214,04092013590,MAXIMILLIAN'S GRILLE AND WINE BAR,8314 CHAPEL HILL RD ,,CARY,NC,27513-4051,(919) 465-2455,1020056400000,1 - Restaurant,-78.77617019,35.79224525,M,Not Provided
215,04092013504,SERENDIPITY GOURMET DELI,118 S ACADEMY ST,,CARY,NC,27511-3302,(919) 469-1655,1011848400000,1 - Restaurant,-78.78150925,35.78674709,M,Not Provided
216,04092013600,NEOMONDE BAKERY DELI,10235 CHAPEL HILL RD,#300,MORRISVILLE,NC,27560-6610,(919) 466-8100,1023944400000,1 - Restaurant,-78.82787824,35.83012817,M,Not Provided
217,04092013597,TOOKIE'S,8105 FALLS OF NEUSE RD,,RALEIGH,NC,27615-3412,(919) 846-6383,1024981200000,1 - Restaurant,-78.62373189,35.89435881,M,Not Provided
218,04092013613,BACKYARD BURGERS #1130,13250 STRICKLAND RD ,,RALEIGH,NC,27613,(919) 847-7098,1026277200000,1 - Restaurant,-78.72644486,35.90762548,M,Not Provided
219,04092013618,SUBWAY #4331,9101 LEESVILLE RD ,,RALEIGH,NC,27613-4091,(919) 847-3559,1023858000000,1 - Restaurant,-78.72548111,35.89676189,M,Not Provided
220,04092013637,TACOS MEXICO RESTAURANT,209 E WILLIAMS ST ,,APEX,NC,27502,(919) 362-8074,1029128400000,1 - Restaurant,-78.85166491,35.72667311,M,Not Provided
221,04092013640,LOWES FOODS #187 DELI,12524 CAPITAL BLVD ,,WAKE FOREST,NC,27587-7487,(919) 562-5020,1028869200000,1 - Restaurant,-78.53270457,35.98593529,M,Not Provided
222,04092013646,BARNES   NOBLE BOOK SELLERS #2126,5959 TRIANGLE TOWN BLV, STE 2107,RALEIGH,NC,27616,(919) 792-2140,1029214800000,1 - Restaurant,-78.576038,35.86600165,M,Not Provided
223,04092013650,LOWES FOODS #189 DELI ,3001 WIDEWATERS PKY ,,KNIGHTDALE,NC,27545,(919) 217-9184,1030510800000,1 - Restaurant,-78.5051576,35.79511649,M,Not Provided
224,04092013664,MAGNOLIA GLEN SENIOR LIVING,5301 CREEDMOOR RD ,,RALEIGH,NC,27612-6305,(919) 841-4747,1032238800000,1 - Restaurant,-78.68244762,35.85410207,M,Not Provided
225,04092013670,CRACKER BARREL #461,955 AIRPORT BLVD,,MORRISVILLE,NC,27560-9194,(919) 463-9222,1033448400000,1 - Restaurant,-78.82292366,35.85849466,M,Not Provided
226,04092013632,RIVER RIDGE GOLF CLUB,3224 AUBURN-KNIGHTDALE RD RD ,,RALEIGH,NC,27610,(919) 661-8374,1026363600000,1 - Restaurant,-78.52542834,35.72829959,M,Not Provided
227,04092013725,MILANO'S PIZZA,7509 PURFOY RD ,,FUQUAY-VARINA,NC,27526,(919) 557-6093,1038200400000,1 - Restaurant,-78.77314612,35.59151022,M,Not Provided
228,04092013705,UDUPI CAFE,590 E CHATHAM ST ,,CARY,NC,27511,(919) 465-0898,1035867600000,1 - Restaurant,-78.7683206,35.79037417,M,Not Provided
229,04092013719,LA RANCHERITA,4325-3000 GLENWOOD AVE,,RALEIGH,NC,27610,(919) 785-1951,1037595600000,1 - Restaurant,-78.67900996,35.83931725,M,Not Provided
230,04092013733,LEMONGRASS THAI RESTAURANT,8320-142 LITCHFORD RD ,,RALEIGH,NC,27615,(919) 954-0377,1041829200000,1 - Restaurant,-78.59988047,35.89223606,M,Not Provided
231,04092013735,VILLAGE DRAFT HOUSE,428 DANIELS ST ,,RALEIGH,NC,27605,(919) 833-1373,1041310800000,1 - Restaurant,-78.6602578,35.78996917,M,Not Provided
232,04092013746,JERSEY MIKE'S SUBS,200 W PEACE ST ,SUITE 140,RALEIGH,NC,27603,(919) 832-7972,1042520400000,1 - Restaurant,-78.64195105,35.78866476,M,Not Provided
233,04092013748,CAFE 3000 AT WAKE MED,3000 NEW BERN AVE,,RALEIGH,NC,27610,(919) 350-8047,1040446800000,1 - Restaurant,-78.58795523,35.78389509,M,Not Provided
234,04092013743,SHABA SHABU,3080 WAKE FOREST RD ,,RALEIGH,NC,27609,(919) 501-7755,1041310800000,1 - Restaurant,-78.6203889,35.82333174,M,Not Provided
235,04092013750,FUJI CHINA,4001 WIDEWATER PKY ,SUITE E,KNIGHTDALE,NC,27545,(919) 217-8568,1041483600000,1 - Restaurant,-78.5051576,35.79511649,M,Not Provided
236,04092013752,CHILI'S BAR AND GRILL,3411 SUMNER BLV ,,RALEIGH,NC,27616,(919) 792-2545,1041570000000,1 - Restaurant,-78.576038,35.86600165,M,Not Provided
237,04092013767,BOJANGLES # 31,10610 DURANT RD ,,RALEIGH,NC,27614,(919) 870-8002,1045544400000,1 - Restaurant,-78.59121831,35.90586963,M,Not Provided
238,04092013798,CHILI'S GRILL AND BAR #867,115 CARILLON DR ,,GARNER,NC,27529,(919) 771-1700,1050469200000,1 - Restaurant,-78.58321749,35.69333602,M,Not Provided
239,04092013811,MOE'S SOUTHWEST GRILL #150,506 DANIELS ST,,RALEIGH,NC,27605,(919) 664-6637,1055739600000,1 - Restaurant,-78.66105896,35.79148992,M,Not Provided
240,04092013761,HARRIS TEETER #257 DELI,2080 KILDAIRE FARM RD ,,CARY,NC,27511,(919) 233-9483,1042779600000,1 - Restaurant,-78.78068643,35.73567118,M,Not Provided
241,04092013834,SMITHFIELD CHICKEN   BAR-B-QUE,12504 CAPITAL BLVD ,,WAKE FOREST,NC,27587,(919) 488-8388,1057813200000,1 - Restaurant,-78.53382082,35.98666429,M,Not Provided
242,04092013857,TACO BELL OF ZEBULON,161 WAKELON DR,,ZEBULON,NC,27597,(919) 404-1701,1058504400000,1 - Restaurant,-78.31472948,35.8334114,M,Not Provided
243,04092013835,STARBUCKS COFFEE #8545,125 WESTON PKY,,CARY,NC,27513,(919) 677-6104,1057813200000,1 - Restaurant,-78.77115668,35.82699559,M,Not Provided
244,04092013869,THE CHEESECAKE FACTORY,4325 GLENWOOD AVE ,SUITE 2086,RALEIGH,NC,27612,(919) 781-0050,1060318800000,1 - Restaurant,-78.67900996,35.83931725,M,Not Provided
245,04092013867,CHILI'S GRILL AND BAR #953,8341 BRIER CREEK PKY,,RALEIGH,NC,27617,(919) 405-7100,1059109200000,1 - Restaurant,-78.78491351,35.90773457,M,Not Provided
246,04092013864,MOE'S SOUTHWEST GRILL,6679 FALLS OF NEUSE RD ,,RALEIGH,NC,27615,(919) 846-9274,1059454800000,1 - Restaurant,-78.62444739,35.87396657,M,Not Provided
247,04092013878,EL SENOR,2001 WIDEWATER PKY ,,KNIGHTDALE,NC,27545,(919) 261-0808,1061269200000,1 - Restaurant,-78.5051576,35.79511649,M,Not Provided
248,04092013879,GOLDEN CHINA - ZEBULON,182 WAKELON DR,,ZEBULON,NC,27597,(919) 269-4070,1061182800000,1 - Restaurant,-78.31858232,35.83228581,M,Not Provided
249,04092013885,RUDINO'S PARKSIDE,4022 VILLAGE PARK DR ,,KNIGHTDALE,NC,27545,(919) 261-0143,1062133200000,1 - Restaurant,-78.49683635,35.798087,M,Not Provided
250,04092013904,BARNES   NOBLE CAFE #2171,8431 BRIER CREEK PKY,,RALEIGH,NC,27617,(919) 484-9903,1064466000000,1 - Restaurant,-78.78335109,35.90685106,M,Not Provided
251,04092013886,WASABI,"107 EDINBURGH SOUTH, ST 135 ",,CARY,NC,27511,(919) 460-7980,1062046800000,1 - Restaurant,-78.79806693,35.73669743,M,Not Provided
252,04092013910,DEVILS RIDGE GOLF CLUB,5107 LINKSLAND DR ,,HOLLY SPRINGS,NC,27540,(919) 557-6100,1065762000000,1 - Restaurant,-78.80138176,35.65562662,M,Not Provided
253,04092013907,JASON'S DELI,909 SPRING FOREST RD,SUITE 100,RALEIGH,NC,27609,(919) 855-9898,1065416400000,1 - Restaurant,-78.62312498,35.86765564,M,Not Provided
254,04092013915,BONEFISH GRILL,2060 RENAISSANCE PARK PL,,CARY,NC,27513,(919) 677-1347,1066798800000,1 - Restaurant,-78.77115668,35.82699559,M,Not Provided
255,04092013935,PAPA JOHN'S ,238 GRANDE HEIGHTS DR ,,CARY,NC,27511,(919) 462-1441,1068699600000,1 - Restaurant,-78.78059125,35.80471168,M,Not Provided
256,04092013932,CAROLINA ALE HOUSE,4512 FALLS OF NEUSE RD ,,RALEIGH,NC,27609,(919) 431-0001,1068008400000,1 - Restaurant,-78.61261997,35.8431939,M,Not Provided
257,04092013967,FEI HUANG RESTAURANT AT A C ,3210-131 S WILMINGTON ST ,,RALEIGH,NC,27603,(919) 661-0573,1073365200000,1 - Restaurant,-78.65148932,35.73682477,M,Not Provided
258,04092013988,COOK OUT #25,3930 WESTERN BLV ,,RALEIGH,NC,27606,(919) 821-2926,1077080400000,1 - Restaurant,-78.69305829,35.78482975,M,Not Provided
259,04092013971,MAC'S TAVERN,1014 RYAN RD,,CARY,NC,27511,(919) 467-4114,1073624400000,1 - Restaurant,-78.76675868,35.77660368,M,Not Provided
260,04092013959,MILTON'S PIZZA   PASTA,14520 NEW FALLS OF NEUSE RD ,,RALEIGH,NC,27614,(919) 570-9099,1072155600000,1 - Restaurant,-78.54212983,35.94426388,M,Not Provided
261,04092014001,LOGAN'S ROADHOUSE,1000 TIMBER DR E ,,GARNER,NC,27529,(919) 329-9340,1078462800000,1 - Restaurant,-78.58103133,35.68893435,M,Not Provided
262,04092014006,SUBWAY #28785,10450-101 DURANT RD,,RALEIGH,NC,27614,(919) 844-1207,1080190800000,1 - Restaurant,-78.58889189,35.90512431,M,Not Provided
263,04092014015,THE THIRD PLACE,1811 GLENWOOD AVE ,,RALEIGH,NC,27608,(919) 834-6566,1080795600000,1 - Restaurant,-78.64652514,35.80484566,M,Not Provided
264,04092014002,OUTBACK STEAKHOUSE #3467,845 US 70 HWY W ,,GARNER,NC,27529,(919) 329-9211,1078376400000,1 - Restaurant,-78.62906965,35.7128921,M,Not Provided
265,04092014028,KING CHEF,4644 CAPITAL BLVD ,,RALEIGH,NC,27604,(919) 876-5859,1082350800000,1 - Restaurant,-78.57926433,35.84834257,M,Not Provided
266,04092014019,JASON'S DELI,8421-101 BRIER CREEK PKY ,,RALEIGH,NC,27617,(919) 572-9996,1081314000000,1 - Restaurant,-78.78335109,35.90685106,M,Not Provided
267,04092014031,CHINA KING,1861 AVERSBORO RD ,,GARNER,NC,27529,(919) 771-1141,1082955600000,1 - Restaurant,-78.61583865,35.68506427,M,Not Provided
268,04092014050,CARMEN'S CUBAN CAFE,108 FACTORY SHOPS RD,,MORRISVILLE,NC,27560,(919) 467-8080,1084510800000,1 - Restaurant,-78.81829034,35.86238182,M,Not Provided
269,04092014075,BUFFALO BROTHERS,3111 CAPITAL BLV,,RALEIGH,NC,27604,(919) 878-4800,1087534800000,1 - Restaurant,-78.59044224,35.82314249,M,Not Provided
270,04092014041,N.Y. BAGELS   DELI,7909-121 FALLS OF NEUSE RD ,,RALEIGH,NC,27615,(919) 848-1310,1083646800000,1 - Restaurant,-78.62599455,35.89329706,M,Not Provided
271,04092014064,HOLY TRINITY GREEK ORTHODOX CHURCH KITCHEN,5000 LEAD MINE RD ,,RALEIGH,NC,27612,(919) 781-4548,1086152400000,1 - Restaurant,-78.67202971,35.84928665,M,Not Provided
272,04092014071,WANG'S KITCHEN,1030-109 N ROGERS LN ,,RALEIGH,NC,27610,(919) 792-0788,1087534800000,1 - Restaurant,-78.54837151,35.79167791,M,Not Provided
273,04092014115,SAM'S CLUB #8223 CAFE,2537 S SAUNDERS ST,,RALEIGH,NC,27603,(919) 839-1700,1093323600000,1 - Restaurant,-78.64662048,35.75036893,M,Not Provided
274,04092014098,ASSAGGIO'S PIZZERIA RISTORANTE,7417 SUNSET LAKE RD ,,FUQUAY-VARINA,NC,27526,(919) 557-9505,1090213200000,1 - Restaurant,-78.77604627,35.59548797,M,Not Provided
275,04092014114,THE HANDY KITCHEN,9101-113 LEESVILLE RD,,RALEIGH,NC,27613,(919) 518-1063,1092286800000,1 - Restaurant,-78.72548111,35.89676189,M,Not Provided
276,04092014119,HONG KONG CHINESE KITCHEN,5563 WESTERN  BLVD ,SUITE 11-A,RALEIGH,NC,27606,(919) 851-1505,1093496400000,1 - Restaurant,-78.72050862,35.78412834,M,Not Provided
277,04092014123,NEW WANGS KITCHEN,712 LAURA DUNCAN RD ,,APEX,NC,27502,(919) 363-8030,1093582800000,1 - Restaurant,-78.84201291,35.73510393,M,Not Provided
278,04092014137,JULIANS INTL. RESTAURANT AND DELI,2215 NEW HOPE CHURCH RD ,,RALEIGH,NC,27601,(919) 850-2400,1095829200000,1 - Restaurant,-78.60062541,35.83624582,M,Not Provided
279,04092014126,RUTH'S CHRIS STEAKHOUSE,2010 RENNAISANCE PARK PL ,,CARY,NC,27513,(919) 677-0033,1092718800000,1 - Restaurant,-78.77115668,35.82699559,M,Not Provided
280,04092014152,STARBUCKS #2970,10760 WAKEFIELD COMMONS DR ,STE 109,RALEIGH,NC,27614,(919) 453-1010,1097211600000,1 - Restaurant,-78.54088691,35.94279822,M,Not Provided
281,04092014155,SUBWAY #30454,7850-100 ALEXANDER PROMENADE PL ,,RALEIGH,NC,27617,(919) 608-0919,1097557200000,1 - Restaurant,-78.77695584,35.91424048,M,Not Provided
282,04092014165,SUPER TARGET #1932 FOOD AVENUE,1201 BEAVER CREEK COMMONS DR ,,APEX,NC,27502,(919) 372-1405,1096952400000,1 - Restaurant,-78.87777608,35.7448776,M,Not Provided
283,04092014180,REY'S,1130 BUCK JONES RD ,,RALEIGH,NC,27606,(919) 380-0122,1098853200000,1 - Restaurant,-78.74145494,35.76819877,M,Not Provided
284,04092014176,LOS CUATES MEXICAN RESTAURANT,4524 OLD WAKE FOREST RD ,,RALEIGH,NC,27609,(919) 872-6012,1100235600000,1 - Restaurant,-78.60995698,35.8419524,M,Not Provided
285,04092014186,WAFFLE HOUSE,1412 N MAIN ST ,,FUQUAY-VARINA,NC,27526,(919) 552-2187,1100667600000,1 - Restaurant,-78.77205977,35.59255304,M,Not Provided
286,04092014194,EL PASEO,3027-113 CAPITAL BLVD ,,RALEIGH,NC,27604-3387,(919) 954-8518,1100754000000,1 - Restaurant,-78.59154908,35.82214441,M,Not Provided
287,04092014221,SUBWAY #2615,3416 POOLE RD ,STE 112,RALEIGH,NC,27610-2918,(919) 231-6223,1104901200000,1 - Restaurant,-78.57953607,35.76724392,M,Not Provided
288,04092014199,STARBUCKS,7854 ALEXANDER PROMENADE PL ,,RALEIGH,NC,27617,(919) 957-9587,1101963600000,1 - Restaurant,-78.77695584,35.91424048,M,Not Provided
289,04092014196,BUFFALO WILD WINGS # 113,148 SHENSTONE BLVD ,,GARNER,NC,27529,(919) 661-5238,1102050000000,1 - Restaurant,-78.58054024,35.69110486,M,Not Provided
290,04092014223,MANCHESTERS BAR AND GRILL,9101-153 LEESVILLE ROAD,,RALEIGH,NC,27613,(919) 676-3310,1105074000000,1 - Restaurant,-78.72548111,35.89676189,M,Not Provided
291,04092014264,SUBWAY 10949,2859 WENDELL BLVD ,,WENDELL,NC,27591,(919) 365-4005,1109912400000,1 - Restaurant,-78.37990989,35.79443216,M,Not Provided
292,04092014238,BOJANGLES,4621 NEW BERN AVE ,,RALEIGH,NC,27610,(919) 231-9028,1107493200000,1 - Restaurant,-78.55786634,35.79891433,M,Not Provided
293,04092014279,MCLEAN'S OLE TIME CAFE,418 W GANNON AVE ,,ZEBULON,NC,27597,(919) 269-0125,1111381200000,1 - Restaurant,-78.32326257,35.82235191,M,Not Provided
294,04092014271,SALVIO'S PIZZERIA,2428 SW CARY PKWY,,CARY,NC,27513,(919) 467-4600,1110171600000,1 - Restaurant,-78.82085568,35.76364284,M,Not Provided
295,04092014324,WANG'S KITCHEN,3631 NEW BERN AVE ,,RALEIGH,NC,27610,(919) 212-8805,1115355600000,1 - Restaurant,-78.57924099,35.79885208,M,Not Provided
296,04092014354,SHEETZ #371,5200 NEW BERN AVE ,,RALEIGH,NC,27610,(919) 212-2506,1121835600000,1 - Restaurant,-78.54858801,35.79321009,M,Not Provided
297,04092014346,CARRABBA'S ITALIAN GRILL #8412,1201 HADDON HALL DR ,,APEX,NC,27502,(919) 387-6336,1120194000000,1 - Restaurant,-78.87101582,35.74215135,M,Not Provided
298,04092014287,FIREBIRDS ROCKY MOUNTAIN GRILL #2,4350 LASSITER AT N. HILLS AVE. STE. 118 ,,RALEIGH,NC,27609,(919) 788-8778,1112677200000,1 - Restaurant,-78.64297679,35.83719099,M,Not Provided
299,04092014336,BONEFISH GRILL,4421 SIX FORKS RD ,,RALEIGH,NC,27609,(919) 782-5127,1119589200000,1 - Restaurant,-78.64349731,35.8401699,M,Not Provided
300,04092014360,CIRCLE K #6314,11700 NEW LEESVILLE RD ,,RALEIGH,NC,27613,(919) 696-4308,1122872400000,1 - Restaurant,-78.74436193,35.91945307,M,Not Provided
301,04092014372,PANDA KING,3626 ROGERS RD ,,WAKE FOREST,NC,27587,(919) 554-9666,1124859600000,1 - Restaurant,-78.50482784,35.94464405,M,Not Provided
302,04092014361,CIRCLE K #6329,2400 SPRING FOREST RD,,RALEIGH,NC,27609,(919) 875-0618,1123131600000,1 - Restaurant,-78.60022091,35.8606719,M,Not Provided
303,04092014368,FIREHOUSE SUBS,1047 BEAVER CREEK COMMONS DR ,,APEX,NC,27502,(919) 367-0111,1124082000000,1 - Restaurant,-78.87238782,35.74374594,M,Not Provided
304,04092014389,FRANKIE'S RESTAURANT,11190 FUN PARK DR ,,RALEIGH,NC,27617,(919) 433-7888,1126846800000,1 - Restaurant,-78.79335143,35.91880306,M,Not Provided
305,04092014384,AZITRA INDIAN RESTAURANT,8411 BRIER CREEK PKY ,,RALEIGH,NC,27617,(919) 484-3939,1126501200000,1 - Restaurant,-78.78335109,35.90685106,M,Not Provided
306,04092014405,STARBUCKS # 9465,4421 NEW BERN AVE ,,RALEIGH,NC,27610,(919) 231-3271,1129698000000,1 - Restaurant,-78.56075374,35.79892391,M,Not Provided
307,04092014393,LONGHORN STEAKHOUSE #251,8121 BRIER CREEK PKY ,,RALEIGH,NC,27617,(919) 484-7669,1128315600000,1 - Restaurant,-78.78398142,35.90950816,M,Not Provided
308,04092014416,THE VILLAGE DELI,1849 S MAIN ST ,,WAKE FOREST,NC,27587,(919) 453-1250,1130734800000,1 - Restaurant,-78.52626549,35.9510248,M,Not Provided
309,04092014444,TACO BELL #22798,2207 S MAIN ST ,,WAKE FOREST,NC,27587,(919) 554-4924,1133758800000,1 - Restaurant,-78.53614341,35.94669522,M,Not Provided
310,04092014425,GREEK FIESTA AT CROSSROADS,319 CROSSROADS BLVD ,,CARY,NC,27518,(919) 851-7995,1130216400000,1 - Restaurant,-78.73871469,35.76064643,M,Not Provided
311,04092014448,FU KEE EXPRESS,6320 CAPITAL BLV,,RALEIGH,NC,27616,(919) 872-2661,1133413200000,1 - Restaurant,-78.57847149,35.87073431,M,Not Provided
312,04092014375,HONG KONG #1 CHINESE RESTAURANT,2720 NC HWY 55 ,,CARY,NC,27519,(919) 363-2828,1125637200000,1 - Restaurant,-78.87112586,35.78490497,M,Not Provided
313,04092014455,PEI WEI ASIAN DINER #108,10251 LITTLE BRIER CREEK LN,,RALEIGH,NC,27617,(919) 484-4113,1133413200000,1 - Restaurant,-78.785168,35.91133298,M,Not Provided
314,04092014456,#1 CHINA,764 W WILLIAMS ST ,,APEX,NC,27502,(919) 362-6887,1135659600000,1 - Restaurant,-78.86276232,35.73802969,M,Not Provided
315,04092014461,STARBUCKS COFFEE #9657,3608 DAVIS DR,,MORRISVILLE,NC,27560,(919) 460-1170,1133413200000,1 - Restaurant,-78.84755867,35.82155875,M,Not Provided
316,04092014458,BOJANGLES #36,8680 GLENWOOD AVE ,,RALEIGH,NC,27612,(919) 277-0600,1133758800000,1 - Restaurant,-78.74320378,35.8867449,M,Not Provided
317,04092014446,CAROLINA ALE HOUSE,7981 SKYLAND RIDGE PKY ,,RALEIGH,NC,27606,(919) 957-4200,1133499600000,1 - Restaurant,-78.782819,35.91437565,M,Not Provided
318,04092014473,MACKEY'S PUB,2101 S MAIN  ST ,STE 112,WAKE FOREST,NC,27587,(919) 562-5570,1137733200000,1 - Restaurant,-78.53310175,35.94801797,M,Not Provided
319,04092014464,GOLDEN CHINA EXPRESS ,4321 FALLS OF NEUSE  RD ,,RALEIGH,NC,27609,(919) 877-9688,1136350800000,1 - Restaurant,-78.61339405,35.84096299,M,Not Provided
320,04092014447,LA RANCHERITA MEXICAN RESTAURANT,7420 SIX FORKS  RD ,,RALEIGH,NC,27615,(919) 844-6330,1134018000000,1 - Restaurant,-78.64526746,35.88157149,M,Not Provided
321,04092014480,PRUITT HEALTH - RALEIGH DINING,2420 LAKE WHEELER RD,,RALEIGH,NC,27603,(919) 755-0226,1136869200000,1 - Restaurant,-78.67644139,35.74808234,M,Not Provided
322,04092014483,TACOS MEXICO,1430 N MAIN ST ,,FUQUAY-VARINA,NC,27526,(919) 557-1777,1134018000000,1 - Restaurant,-78.77067061,35.5926073,M,Not Provided
323,04092014485,CAPPOLLA'S PIZZA   GRILL,1857 AVERSBORO RD ,,GARNER,NC,27529,(919) 661-4774,1137560400000,1 - Restaurant,-78.61583865,35.68506427,M,Not Provided
324,04092014486,BIG ED'S CITY MARKET RESTAURANT,220 WOLFE ST ,,RALEIGH,NC,27601,(919) 836-9909,1136523600000,1 - Restaurant,-78.63598665,35.77605392,M,Not Provided
325,04092014501,SUBWAY #1479,7494 CREEDMOOR RD,,RALEIGH,NC,27613,(919) 846-8161,1139893200000,1 - Restaurant,-78.67810638,35.88786089,M,Not Provided
326,04092014534,RALEIGH TIMES BAR,14 E HARGETT ST ,,RALEIGH,NC,27601,(919) 833-0999,1142917200000,1 - Restaurant,-78.63861647,35.77806083,M,Not Provided
327,04092014520,EL TAPATIO #4,4511 NEW BERN AVE,,RALEIGH,NC,27610,(919) 255-9161,1141880400000,1 - Restaurant,-78.55938499,35.79875367,M,Not Provided
328,04092014511,NEW JAPAN EXPRESS,225 SHENSTONE BLVD,,GARNER,NC,27529,(919) 771-0708,1140152400000,1 - Restaurant,-78.58054024,35.69110486,M,Not Provided
329,04092014503,CHINA FU,1121-103 FALLS RIVER AVE,,RALEIGH,NC,27614,(919) 866-0009,1140066000000,1 - Restaurant,-78.58941115,35.90603231,M,Not Provided
330,04092014536,VIVACE,4209 LASSITER MILL RD,,RALEIGH,NC,27609,(919) 787-7747,1142917200000,1 - Restaurant,-78.64524988,35.83964841,M,Not Provided
331,04092014553,KFC/TACO BELL #J120104,1011 N HARRISON AVE,,CARY,NC,27513,(919) 467-6318,1145941200000,1 - Restaurant,-78.78358143,35.80351426,M,Not Provided
332,04092014550,TACO BELL #J120093,6405 FALLS OF NEUSE RD,,RALEIGH,NC,27615,(919) 872-6902,1145941200000,1 - Restaurant,-78.62197848,35.87045657,M,Not Provided
333,04092014571,MOE'S SOUTHWEST GRILL,1406 E BROAD ST,,FUQUAY-VARINA,NC,27526,(919) 557-5507,1146027600000,1 - Restaurant,-78.77524303,35.59427406,M,Not Provided
334,04092014578,EL POLLO RICO MARKET,3901-173 CAPITAL BLVD,,RALEIGH,NC,27604,(919) 431-9985,1147237200000,1 - Restaurant,-78.58517482,35.8349864,M,Not Provided
335,04092014599,POPPY SEED MARKET,8801-107 LEAD MINE RD ,,RALEIGH,NC,27615,(919) 870-4997,1149051600000,1 - Restaurant,-78.65724712,35.9051959,M,Not Provided
336,04092014606,SUBWAY,2820 BRENTWOOD RD ,,RALEIGH,NC,27604,(919) 790-3555,1149483600000,1 - Restaurant,-78.5961504,35.81728333,M,Not Provided
337,04092014615,DQ GRILL AND CHILL #41609,5260 NEW BERN AVE ,,RALEIGH,NC,27610,(919) 792-0127,1147928400000,1 - Restaurant,-78.547511,35.79264192,M,Not Provided
338,04092014636,SUBWAY #12598,5621 LOUISBURG RD ,,RALEIGH,NC,27616-5353,(919) 790-8550,1151643600000,1 - Restaurant,-78.55796941,35.85459908,M,Not Provided
339,04092014627,CHIPOTLE MEXICAN GRILL STORE # 0826,6602-3 GLENWOOD AVE ,,RALEIGH,NC,27612,(919) 781-5115,1151298000000,1 - Restaurant,-78.70776162,35.86036632,M,Not Provided
340,04092014640,BOJANGLES #37,1000 CLAREN CIR,,MORRISVILLE,NC,27560,(919) 460-7171,1152162000000,1 - Restaurant,-78.82373883,35.85573174,M,Not Provided
341,04092014613,FIESTA MEXICANA RESTAURANTE,14460 NEW FALLS OF NEUSE RD,,RALEIGH,NC,27614,(919) 453-1266,1148274000000,1 - Restaurant,-78.54362149,35.94386897,M,Not Provided
342,04092014648,LAS ROSITAS,207 N ARENDELL AVE,,ZEBULON,NC,27597,(919) 404-8304,1153976400000,1 - Restaurant,-78.31354816,35.82225964,M,Not Provided
343,04092014651,INCHIN'S BAMBOO GARDEN,3532 DAVIS DR,,MORRISVILLE,NC,27560,(919) 457-6705,1153285200000,1 - Restaurant,-78.84576057,35.81812092,M,Not Provided
344,04092014650,GREEK FIESTA AT BRIER CREEK,8521 BRIER CREEK PKY ,STE 109,RALEIGH,NC,27617,(919) 544-3388,1154062800000,1 - Restaurant,-78.78335109,35.90685106,M,Not Provided
345,04092014662,STARBUCKS #9840,1107 WALNUT ST ,1107-102 WALNUT ST ,CARY,NC,27511,(919) 468-9908,1155877200000,1 - Restaurant,-78.76025643,35.77376876,M,Not Provided
346,04092014670,GOLDEN DRAGON ,2402-A HILLSBOROUGH ST ,,RALEIGH,NC,27607,(919) 834-2626,1151384400000,1 - Restaurant,-78.66706688,35.78779193,M,Not Provided
347,04092014702,SUBWAY,8109-101 FAYETTEVILLE RD ,,RALEIGH,NC,27603,(919) 779-0636,1161234000000,1 - Restaurant,-78.69975164,35.66336704,M,Not Provided
348,04092014686,LONGHORN STEAKHOUSE #277,1411 BEAVER CREEK COMMONS DR ,,APEX,NC,27502,(919) 303-4889,1158901200000,1 - Restaurant,-78.88385899,35.74686903,M,Not Provided
349,04092014687,JUMBO CHINA,13200 FALLS OF NEUSE RD ,SUITE 121,RALEIGH,NC,27614,(919) 861-8858,1154581200000,1 - Restaurant,-78.55982173,35.94075522,M,Not Provided
350,04092014706,COSTCO WHOLESALE #645 FOOD COURT,2838 WAKE FOREST RD ,,RALEIGH,NC,27609,(919) 755-2816,1161666000000,1 - Restaurant,-78.62231322,35.81825683,M,Not Provided
351,04092014707,STARBUCKS COFFEE # 10967,1217 KILDAIRE FARM RD ,,CARY,NC,27511,(919) 465-1229,1161925200000,1 - Restaurant,-78.78312951,35.76377001,M,Not Provided
352,04092014711,THE BIG EASY ,222 FAYETTEVILLE ST ,,RALEIGH,NC,27601,(919) 832-6082,1163394000000,1 - Restaurant,-78.63976838,35.77758501,M,Not Provided
353,04092014716,BRUEGGER'S BAGEL BAKERY #93-0683,8211 BRIER CREEK PKY ,,RALEIGH,NC,27617,(919) 484-8262,1162443600000,1 - Restaurant,-78.78199843,35.90950749,M,Not Provided
354,04092014742,SALSA FRESH #3,3588 DAVIS DR ,,MORRISVILLE,NC,27519,(919) 601-5375,1165208400000,1 - Restaurant,-78.84576057,35.81812092,M,Not Provided
355,04092014720,CHILI'S GRILL AND BAR #1183,6605 KNIGHTDALE BLVD ,,KNIGHTDALE,NC,27545,(919) 261-0167,1161925200000,1 - Restaurant,-78.50846518,35.79679074,M,Not Provided
356,04092014754,LAM'S GARDEN RESTAURANT,1100-113 RALEIGH BLVD ,,RALEIGH,NC,27610,(919) 828-2118,1166763600000,1 - Restaurant,-78.61144572,35.79422701,M,Not Provided
357,04092014768,TAQUERIA LA ZACATECANA,520 VILLAGE CT ,,GARNER,NC,27529,(919) 779-3448,1168405200000,1 - Restaurant,-78.6185934,35.70775293,M,Not Provided
358,04092014769,UMSTEAD HOTEL   SPA FOOD SERVICE,100 WOODLAND POND ,,CARY,NC,27513,(919) 447-4000,1168578000000,1 - Restaurant,-78.76458185,35.82989317,M,Not Provided
359,04092014708,STARBUCKS COFFEE #9364,2840 NC HWY 55,,CARY,NC,27519,(919) 387-3482,1161579600000,1 - Restaurant,-78.87059729,35.78940783,M,Not Provided
360,04092014790,STARBUCKS #10158,1904-101 NW MAYNARD RD ,,CARY,NC,27513,(919) 481-9124,1170392400000,1 - Restaurant,-78.7949041,35.79887976,M,Not Provided
361,04092014709,BISCUITVILLE #175 ,2820 NC HWY 55,,CARY,NC,27519,(919) 362-8034,1163912400000,1 - Restaurant,-78.87065399,35.78860236,M,Not Provided
362,04092014776,SUBWAY #37092,1018-I SHOPPES AT MIDWAY PLANTATION ,,KNIGHTDALE,NC,27545,(919) 217-0008,1168923600000,1 - Restaurant,-78.50727643,35.79842841,M,Not Provided
363,04092014805,MIZU SUSHI STEAK SEAFOOD,10750 WAKEFIELD COMMONS DR ,STE 101,RALEIGH,NC,27614,(919) 453-2875,1174626000000,1 - Restaurant,-78.54122916,35.94195239,M,Not Provided
364,04092014819,RUDINO'S PIZZA   GRINDERS,2640 TIMBER DR,,GARNER,NC,27529,(919) 661-8008,1172638800000,1 - Restaurant,-78.63679232,35.71605085,M,Not Provided
365,04092014817,KIKO JAPAN EXPRESS,1018-C SHOPPES AT MIDWAY DR ,,KNIGHTDALE,NC,27545,(919) 217-3918,1171947600000,1 - Restaurant,-78.50727643,35.79842841,M,Not Provided
366,04092014789,COQUETTE,4381-119 LASSITER AT NORTH HILLS AVE ,,RALEIGH,NC,27609-5731,(919) 789-0606,1169787600000,1 - Restaurant,-78.64297679,35.83719099,M,Not Provided
367,04092014842,PANDA EXPRESS #1352,1000 BEAVER CREEK COMMONS DR ,,APEX,NC,27502,(919) 362-6369,1175749200000,1 - Restaurant,-78.8731794,35.74520176,M,Not Provided
368,04092014858,MOE'S SOUTHWEST GRILL #683,280 MEETING ST ,STE 101,CARY,NC,27518,(919) 854-1111,1177909200000,1 - Restaurant,-78.74478994,35.75665901,M,Not Provided
369,04092014855,CHIPOTLE MEXICAN GRILL #0942,6102 FALLS OF NEUSE RD ,,RALEIGH,NC,27609,(919) 877-8544,1177563600000,1 - Restaurant,-78.61874122,35.86627999,M,Not Provided
370,04092014884,GLENLAKE CAFE AND CATERING,4141 PARKLAKE AVE ,,RALEIGH,NC,27612,(919) 785-1232,1181710800000,1 - Restaurant,-78.68985362,35.83548258,M,Not Provided
371,04092014863,LIFE CAFE,1700 REGENCY PKY ,,CARY,NC,27511,(919) 460-8340,1178686800000,1 - Restaurant,-78.78729435,35.73333076,M,Not Provided
372,04092014873,TAQUERIA RANCHO GRANDE,1401 SE MAYNARD RD ,,CARY,NC,27511,(919) 469-4245,1179810000000,1 - Restaurant,-78.76423194,35.78997868,M,Not Provided
373,04092014886,CHILI'S #1393,11380 CAPITAL  BLVD ,,WAKE FOREST,NC,27587,(919) 554-0488,1181624400000,1 - Restaurant,-78.53983299,35.95485679,M,Not Provided
374,04092014932,BABYMOON CAFE,100 JERUSALEM DR,,MORRISVILLE,NC,27560,(919) 465-9006,1187931600000,1 - Restaurant,-78.827069,35.85101709,M,Not Provided
375,04092014924,CAROLINA ALE HOUSE,11685 NORTHPARK DR ,,WAKE FOREST,NC,27587,(919) 556-8666,1186549200000,1 - Restaurant,-78.54382882,35.96466721,M,Not Provided
376,04092014893,MOE'S SOUTHWEST GRILL #837,1016-A SHOPPES AT MIDWAY DRIVE ,,KNIGHTDALE,NC,27545,(919) 266-1018,1182747600000,1 - Restaurant,-78.50727643,35.79842841,M,Not Provided
377,04092014938,BRIXX BRIERCREEK,8511 BRIERCREEK PKY ,STE 101,RALEIGH,NC,27617,(919) 246-0640,1188450000000,1 - Restaurant,-78.78335109,35.90685106,M,Not Provided
378,04092014908,CISCO SYSTEMS BUILDING 10 STILLWATER CAFE,7200-10 KIT CREEK RD ,,RTP,NC,27709,(919) 699-9574,1183698000000,1 - Restaurant,0.0,0.0,U,Not Provided
379,04092014956,HARDEE'S #1206,5601 CREEDMOOR RD ,,RALEIGH,NC,27612,(919) 781-4332,1189746000000,1 - Restaurant,-78.68107546,35.85814391,M,Not Provided
380,04092014948,HARDEE'S #1189,100 VANDORA SPRINGS RD ,,GARNER,NC,27529,(919) 772-7209,1189573200000,1 - Restaurant,-78.62108073,35.71260426,M,Not Provided
381,04092014964,MIA BISTRO,1227 TIMBER  DR E ,,GARNER,NC,27529,(919) 329-6789,1190955600000,1 - Restaurant,-78.57544624,35.68894411,M,Not Provided
382,04092014971,HAMPTON INN   SUITES BRIER CREEK FOODSERVICE,8021 ARCO CORPORATE  DR ,,RALEIGH,NC,27617,(919) 484-0500,1191474000000,1 - Restaurant,-78.77725767,35.90736456,M,Not Provided
383,04092014973,SONIC DRIVE-IN #3975,700 CAYMAN AVE ,,HOLLY SPRINGS,NC,27540,(919) 567-2555,1185944400000,1 - Restaurant,-78.83534593,35.66114388,M,Not Provided
384,04092014968,STARBUCKS COFFEE CO,204-200 CROSSROADS BLVD ,,CARY,NC,27511,(919) 233-4905,1191906000000,1 - Restaurant,-78.74109703,35.76025118,M,Not Provided
385,04092014980,DALY CAFE AND PUB AT HOLIDAY INN,930 AIRPORT BLVD ,,MORRISVILLE,NC,27560,(919) 465-1910,1192597200000,1 - Restaurant,-78.82187449,35.85658767,M,Not Provided
386,04092014979,JASMIN & OLIVZ MEDITERRANEAN,2430 HILLSBOROUGH ST ,,RALEIGH,NC,27607,(919) 755-9991,1193029200000,1 - Restaurant,-78.66782663,35.78791642,M,Not Provided
387,04092014990,TEXAS ROADHOUSE #294,11440 CAPITAL BLVD ,,WAKE FOREST,NC,27587,(919) 569-2119,1193202000000,1 - Restaurant,-78.540344,35.95645904,M,Not Provided
388,04092014991,J   S NEW YORK PIZZA,500 E BROAD ST ,,FUQUAY-VARINA,NC,27526,(919) 557-6921,1193374800000,1 - Restaurant,-78.7946961,35.59303938,M,Not Provided
389,04092014976,BRUEGGER'S BAGEL BAKERY #0701,8204-113 TRYON WOODS DR ,,CARY,NC,27518,(919) 851-0906,1192597200000,1 - Restaurant,-78.74322595,35.74716476,M,Not Provided
390,04092014996,VILLAGE DELI #1,500 DANIELS ST ,,RALEIGH,NC,27605,(919) 828-1428,1193288400000,1 - Restaurant,-78.66105896,35.79148992,M,Not Provided
391,04092014977,STARBUCKS COFFEE CO,8204-120 TRYON WOODS DR ,,CARY,NC,27518,(919) 851-6439,1193029200000,1 - Restaurant,-78.74322595,35.74716476,M,Not Provided
392,04092014999,LADY JUSTICE CAFE,901 CORPORATE CENTER DR ,,RALEIGH,NC,27607,(919) 890-1525,1194325200000,1 - Restaurant,-78.74086787,35.79559501,M,Not Provided
393,04092015002,BAAN THAI RESTAURANT,758 WILLIAMS ST ,,APEX,NC,27502,(919) 629-6399,1194584400000,1 - Restaurant,-78.86276232,35.73802969,M,Not Provided
394,04092015007,ZAXBY'S OF KNIGHTDALE,6702 KNIGHTDALE  BLVD ,,KNIGHTDALE,NC,27545,(919) 261-9995,1195016400000,1 - Restaurant,-78.50401469,35.79659333,M,Not Provided
395,04092015015,SUBWAY #42679,10300 CHAPEL HILL RD ,,MORRISVILLE,NC,27560,(919) 469-1985,1196398800000,1 - Restaurant,-78.82715883,35.83264725,M,Not Provided
396,04092015016,WANG'S KITCHEN,6300-114 CREEDMOOR RD ,,RALEIGH,NC,27612,(919) 846-8820,1196053200000,1 - Restaurant,-78.67834695,35.87186823,M,Not Provided
397,04092015050,CHIPOTLE MEXICAN GRILL #1087,100-103 WRENN DR ,,CARY,NC,27511,(919) 462-1223,1200978000000,1 - Restaurant,-78.78400793,35.76514685,M,Not Provided
398,04092015047,LA COCINA,100 MACGREGOR PINES DR ,,CARY,NC,27511,(919) 467-0780,1200459600000,1 - Restaurant,-78.82002625,35.74468186,M,Not Provided
399,04092015057,LA COCINA DE MAMA GRETA,1604-101 N MARKET DR ,,RALEIGH,NC,27609,(919) 872-5360,1201842000000,1 - Restaurant,-78.61016957,35.84068382,M,Not Provided
400,04092015058,BOJANGLES #39,1581 E WILLIAMS ST ,,APEX,NC,27502,(919) 362-6796,1201842000000,1 - Restaurant,-78.83501293,35.70600786,M,Not Provided
401,04092015074,PHO FAR EAST,4011-133 CAPITAL  BLVD ,,RALEIGH,NC,27604,(919) 876-8621,1203656400000,1 - Restaurant,-78.5837309,35.83623673,M,Not Provided
402,04092015079,SUBWAY #41914,841 E GANNON AVE ,,ZEBULON,NC,27597,(919) 269-2699,1204261200000,1 - Restaurant,-78.29634433,35.8312879,M,Not Provided
403,04092015082,BRUEGGERS BAGELS #3698,2302  HILLSBOROUGH ST ,,RALEIGH,NC,27607,(919) 828-7105,1204520400000,1 - Restaurant,-78.66599004,35.78753009,M,Not Provided
404,04092015051,TAZA GRILL #2,10940 RAVEN RIDGE  RD ,,RALEIGH,NC,27614,(919) 845-7772,1201237200000,1 - Restaurant,-78.59009764,35.90790481,M,Not Provided
405,04092015040,HAMPTON INN   SUITES FOODSERVICE,111 HAMPTON WOODS LN ,,RALEIGH,NC,27607,(919) 233-1798,1200286800000,1 - Restaurant,-78.74897136,35.79297584,M,Not Provided
406,04092015086,BRUEGGERS BAGELS #192,9704 STRICKLAND RD ,,RALEIGH,NC,27615,(919) 846-0183,1205989200000,1 - Restaurant,-78.65729604,35.90232406,M,Not Provided
407,04092015089,BRUEGGERS BAGELS #143,7550-106 CREEDMOOR RD ,,RALEIGH,NC,27613,(919) 848-4902,1206680400000,1 - Restaurant,-78.67871396,35.88940031,M,Not Provided
408,04092015094,TRALI IRISH PUB,10370 MONCREIFFE ,STE 109,RALEIGH,NC,27617,(919) 544-4141,1205384400000,1 - Restaurant,-78.79210026,35.89996606,M,Not Provided
409,04092015091,BRUEGGERS BAGELS #101,2231 AVENT FERRY RD ,,RALEIGH,NC,27616,(919) 828-1416,1207198800000,1 - Restaurant,-78.67605304,35.77835842,M,Not Provided
410,04092015099,SUBWAY #41217,8410-140 LOUISBURG RD ,,RALEIGH,NC,27616,(919) 266-0300,1206421200000,1 - Restaurant,-78.50931118,35.89359506,M,Not Provided
411,04092015103,HYATT PLACE CAFE,200 AIRGATE DR ,,MORRISVILLE,NC,27560,(919) 405-2400,1206680400000,1 - Restaurant,-78.81447359,35.86454333,M,Not Provided
412,04092015101,MICHELANGELOS,7280 GB ALFORD  HWY ,,HOLLY SPRINGS,NC,27540,(919) 557-4992,1206507600000,1 - Restaurant,-78.83292633,35.63499737,M,Not Provided
413,04092015131,THE PIT,328 W DAVIE ST ,,RALEIGH,NC,27601,(919) 890-4500,1210741200000,1 - Restaurant,-78.64472422,35.77605475,M,Not Provided
414,04092015115,SUPER WOK,1401-L SE MAYNARD RD ,,CARY,NC,27511,(919) 388-8338,1208926800000,1 - Restaurant,-78.76423194,35.78997868,M,Not Provided
415,04092015133,COBBLESTONE @ KOKA BOOTH AMPHITHEATRE,8003 REGENCY PKY ,,CARY,NC,27513,(919) 610-9904,1211346000000,1 - Restaurant,-78.79540992,35.72902885,M,Not Provided
416,04092015135,CHARLIE'S KABOB GRILL,12235 CAPITAL BLVD ,,WAKE FOREST,NC,27587,(919) 554-0938,1211864400000,1 - Restaurant,-78.54097708,35.98087662,M,Not Provided
417,04092015151,NAMOLIS NY PIZZERIA,5444 APEX PEAKWAY ,,APEX,NC,27502,(919) 303-4888,1214197200000,1 - Restaurant,-78.86537408,35.73684286,M,Not Provided
418,04092015153,STARBUCKS #14381,1380 N MAIN ST ,,FUQUAY-VARINA,NC,27526,(919) 557-0533,1214283600000,1 - Restaurant,-78.77523328,35.59178022,M,Not Provided
419,04092015148,SAKE HOUSE JAPANESE RESTAURANT,1141 FALLS RIVER AVE ,STE 128,RALEIGH,NC,27614,(919) 676-5788,1213765200000,1 - Restaurant,-78.58877607,35.90718422,M,Not Provided
420,04092015160,PEACE CHINA,802 SEMART  DR ,STE 106,RALEIGH,NC,27604,(919) 833-8668,1213160400000,1 - Restaurant,-78.63962897,35.79056208,M,Not Provided
421,04092015124,"RUCKUS PIZZA, PASTA   SPIRITS",8111-208 TRYON WOODS  DR ,,CARY,NC,27518,(919) 851-3999,1209704400000,1 - Restaurant,-78.74322595,35.74716476,M,Not Provided
422,04092015181,JUMBO CHINA,3111 LELAND DR ,STE 100,RALEIGH,NC,27616,(919) 266-2388,1216875600000,1 - Restaurant,-78.50931118,35.89359506,M,Not Provided
423,04092015179,HOLIDAY INN EXPRESS,1006 MARCO DR ,,APEX,NC,27502,(919) 387-3636,1216702800000,1 - Restaurant,-78.8403395,35.71704186,M,Not Provided
424,04092015187,GREAT CHINA,7851 ALEXANDER PROMENADE ,PL #100,RALEIGH,NC,27617,(919) 975-2211,1217307600000,1 - Restaurant,-78.77695584,35.91424048,M,Not Provided
425,04092015197,PANDA GARDEN,5249 SUNSET LAKE RD ,,HOLLY SPRINGS,NC,27540,(919) 360-5000,1218517200000,1 - Restaurant,-78.79652369,35.66679612,M,Not Provided
426,04092015201,TONY'S PIZZA,8111 ROWLOCK  WAY ,SUITE C-1,RALEIGH,NC,27613,(919) 571-3588,1219294800000,1 - Restaurant,-78.73779336,35.88567515,M,Not Provided
427,04092015200,NEW YORK DINER,909-1 MCKNIGHT DR ,,KNIGHTDALE,NC,27545,(919) 217-0838,1219208400000,1 - Restaurant,-78.49260711,35.79657483,M,Not Provided
428,04092015209,THE BRICKHOUSE,3801 HILLSBOROUGH ST ,,RALEIGH,NC,27607,(919) 829-3666,1221714000000,1 - Restaurant,-78.6885627,35.79387526,M,Not Provided
429,04092015215,RALEIGH CONVENTION CENTER,500 S SALISBURY  ST ,,RALEIGH,NC,27601,(919) 830-5689,1220331600000,1 - Restaurant,-78.64125889,35.77365209,M,Not Provided
430,04092015210,MOE'S SOUTHWEST GRILL #205,168 SHENSTONE BLVD ,,GARNER,NC,27529,(919) 779-0311,1216616400000,1 - Restaurant,-78.58054024,35.69110486,M,Not Provided
431,04092015222,ANNA'S PIZZERIA,100 N SALEM ST ,,APEX,NC,27502,(919) 267-6237,1221454800000,1 - Restaurant,-78.85126634,35.73076686,M,Not Provided
432,04092015231,BRUEGGERS BAGEL #3771,4212 NW CARY PKY ,,CARY,NC,27513,(919) 463-5563,1222750800000,1 - Restaurant,-78.82705558,35.79085051,M,Not Provided
433,04092015232,BUFFALO WILD WINGS #206,6700 KNIGHTDALE BLVD ,,KNIGHTDALE,NC,27545,(919) 217-2559,1222318800000,1 - Restaurant,-78.50464002,35.79644858,M,Not Provided
434,04092015239,SUNNY'S DINER,8710-104 GLENWOOD AVE ,,RALEIGH,NC,27617,(919) 787-7715,1222318800000,1 - Restaurant,-78.74405677,35.88733073,M,Not Provided
435,04092015242,TRIANGLE MINI MART,10420 CHAPEL HILL  RD ,,MORRISVILLE,NC,27560,(919) 469-1720,1222837200000,1 - Restaurant,-78.8309265,35.83981209,M,Not Provided
436,04092015263,FLEMING'S PRIME STEAKHOUSE   WINE BAR #4402,4325 GLENWOOD AVE ,STE 5004,RALEIGH,NC,27612,(919) 571-6200,1224046800000,1 - Restaurant,-78.67900996,35.83931725,M,Not Provided
437,04092015280,SITTI BY NEOMONDE,137 S WILMINGTON  ST ,,RALEIGH,NC,27601,(919) 239-4070,1225861200000,1 - Restaurant,-78.63795172,35.77837659,M,Not Provided
438,04092015266,THE FACTORY ICE HOUSE SNACK BAR,1839-200 S MAIN ST ,,WAKE FOREST,NC,27587,(919) 453-1500,1224651600000,1 - Restaurant,-78.52626549,35.9510248,M,Not Provided
439,04092015276,SALEM STREET PUB,113 N SALEM ST ,,APEX,NC,27502,(919) 387-9992,1225429200000,1 - Restaurant,-78.85154883,35.73118169,M,Not Provided
440,04092015281,ZAXBY'S     #35101,8812 HARVEST OAKS  DR ,,RALEIGH,NC,27615,(919) 847-8151,1226034000000,1 - Restaurant,-78.65754589,35.90324407,M,Not Provided
441,04092015287,SHEETZ #416,1406 N ARENDELL AVE ,,ZEBULON,NC,27597,(919) 404-2347,1226638800000,1 - Restaurant,-78.32477007,35.8396309,M,Not Provided
442,04092015308,HILTON GARDEN INN RESTAURANT,6412 CAPITAL  BLVD ,,RALEIGH,NC,27616,(919) 876-5650,1229662800000,1 - Restaurant,-78.5778899,35.87240049,M,Not Provided
443,04092015315,THE FLYING BISCUIT CAFE,2016 CLARK AVE ,,RALEIGH,NC,27605,(919) 833-6924,1231131600000,1 - Restaurant,-78.6602578,35.78996917,M,Not Provided
444,04092015320,LA COCINA #6,1221 TIMBER DR E ,,GARNER,NC,27529,(919) 772-6999,1231477200000,1 - Restaurant,-78.57544624,35.68894411,M,Not Provided
445,04092015319,WANG'S BISTRO,877-405 E GANNON AVE ,,ZEBULON,NC,27597,(919) 269-9788,1231218000000,1 - Restaurant,-78.29418632,35.83016256,M,Not Provided
446,04092015316,TASU,8919 BRIER CREEK PKY ,,RALEIGH,NC,27617,(919) 544-8474,1231131600000,1 - Restaurant,-78.79210026,35.89996606,M,Not Provided
447,04092015299,SPRING KITCHEN,10110 GREEN LEVEL CHURCH RD ,,CARY,NC,27519,(919) 462-1388,1228453200000,1 - Restaurant,-78.90107972,35.82060442,M,Not Provided
448,04092015328,KOBE HIBACHI   SUSHI,515 N MAIN ST ,,HOLLY SPRINGS,NC,27540,(919) 557-1437,1233205200000,1 - Restaurant,-78.83686967,35.65965929,M,Not Provided
449,04092015336,LOS TRES MAGUEYES,401 WAKE CHAPEL RD ,,FUQUAY-VARINA,NC,27526,(919) 552-3957,1233896400000,1 - Restaurant,-78.8000676,35.59072588,M,Not Provided
450,04092015352,HOLIDAY INN EXPRESS FOODSERVICE,1014 AIRPORT  BLVD ,,MORRISVILLE,NC,27560,(919) 653-2260,1236315600000,1 - Restaurant,-78.81827567,35.85781916,M,Not Provided
451,04092015349,GENKI RESTAURANT   SUSHI BAR,3420 TEN TEN RD ,SUIT 314,CARY,NC,27518,(919) 363-6636,1236142800000,1 - Restaurant,-78.79278394,35.70189503,M,Not Provided
452,04092015356,CHUBBY'S TACOS,2444 WYCLIFF RD ,,RALEIGH,NC,27607,(919) 781-4480,1236920400000,1 - Restaurant,-78.69299571,35.81676957,M,Not Provided
453,04092015361,MELLOW MUSHROOM,2125 S MAIN ST ,,WAKE FOREST,NC,27587,(919) 556-8884,1237870800000,1 - Restaurant,-78.53549684,35.94710013,M,Not Provided
454,04092015353,HIBACHI JAPAN #2,4001 WAKE FOREST  RD ,,RALEIGH,NC,27609,(919) 878-8880,1236574800000,1 - Restaurant,-78.61511107,35.83620957,M,Not Provided
455,04092015367,LA TERRAZA,2217 AVENT FERRY RD ,,RALEIGH,NC,27606,(919) 832-0293,1238734800000,1 - Restaurant,-78.67605304,35.77835842,M,Not Provided
456,04092015383,WHITE OAK STADIUM 14,1205 TIMBER DR E,,GARNER,NC,27529,(919) 779-7499,1239944400000,1 - Restaurant,-78.57456433,35.68908894,M,Not Provided
457,04092015380,CROSSROADS STADIUM 20 UNIT #1874,501 CAITBOO AVE ,,CARY,NC,27518,(919) 816-0220,1239598800000,1 - Restaurant,-78.73520486,35.75834301,M,Not Provided
458,04092015415,GRAVY,135 S WILMINGTON ST ,,RALEIGH,NC,27601,(919) 896-8513,1244437200000,1 - Restaurant,-78.6379868,35.77853917,M,Not Provided
459,04092015378,SNOOPY'S HOT DOGS AND MORE,2431-161 SPRING FOREST RD ,,RALEIGH,NC,27615,(919) 876-3775,1239944400000,1 - Restaurant,-78.59794707,35.86142765,M,Not Provided
460,04092015422,SHUCKERS OYSTER BAR   GRILL,3309 ROGERS RD ,STE 245,WAKE FOREST,NC,27587,(919) 602-8011,1243918800000,1 - Restaurant,-78.51539151,35.95074547,M,Not Provided
461,04092015421,QUALITY INN FOOD SERVICE,511 N JUDD PKY NE ,,FUQUAY-VARINA,NC,27526,(919) 557-2009,1245128400000,1 - Restaurant,-78.78040495,35.59061005,M,Not Provided
462,04092015436,KFC/TACO BELL #118,7108  GB ALFORD HWY ,,HOLLY SPRINGS,NC,27540,(919) 557-3801,1247806800000,1 - Restaurant,-78.83081276,35.6357982,M,Not Provided
463,04092015453,HIBACHI GRILL   SUPREME BUFFET,3131 CAPITAL BLVD ,,RALEIGH,NC,27604,(919) 878-5888,1250744400000,1 - Restaurant,-78.59044224,35.82314249,M,Not Provided
464,04092015457,LOS TRES MAGUEYES,10410 MONCREIFFE  RD ,STE 109,RALEIGH,NC,27610,(919) 484-9258,1251349200000,1 - Restaurant,-78.79210026,35.89996606,M,Not Provided
465,04092015459,C   T WOK CHINESE AND THAI CUISINE,130 MORRISVILLE SQUARE WAY ,,MORRISVILLE,NC,27560,(919) 467-8860,1252558800000,1 - Restaurant,-78.82897767,35.819515,M,Not Provided
466,04092015460,NEW CHINA KING RESTAURANT,1811 NEW HOPE CHURCH RD,,RALEIGH,NC,27609-6288,(919) 873-1256,1252990800000,1 - Restaurant,-78.60815656,35.83604841,M,Not Provided
467,04092015474,BISCUITVILLE #184,4305 FAYETTEVILLE RD ,,RALEIGH,NC,27603,(919) 803-8112,1253768400000,1 - Restaurant,-78.65307122,35.72039952,M,Not Provided
468,04092015485,AVIATOR BREWING TAP HOUSE,600 E BROAD ST ,,FUQUAY-VARINA,NC,27526,(919) 552-8826,1254891600000,1 - Restaurant,-78.79392968,35.59278922,M,Not Provided
469,04092015490,SPINNERS BAR   GRILL AT FOUR POINTS,1200 CLAREN CIR ,,MORRISVILLE,NC,27560,(919) 380-1221,1255496400000,1 - Restaurant,-78.82296,35.85503992,M,Not Provided
470,04092015493,ZAYKA INDIAN CUISINE,10410-103 MONCREIFFE  RD ,,RALEIGH,NC,27617,(919) 361-5370,1256187600000,1 - Restaurant,-78.79210026,35.89996606,M,Not Provided
471,04092015496,PARK BAR   GRILL (DOUBLETREE BY HILTON),500 CAITBOO AVE ,,CARY,NC,27518,(919) 900-8840,1256533200000,1 - Restaurant,-78.73611827,35.75670594,M,Not Provided
472,04092015501,KICK BACK JACK'S,1405 GARNER STATION  BLVD ,,GARNER,NC,27529,(919) 803-5068,1256274000000,1 - Restaurant,-78.6523773,35.72437568,M,Not Provided
473,04092015530,SUBWAY #3726,12233 CAPITAL BLVD ,,WAKE FOREST,NC,27587-6200,(919) 556-8622,1260507600000,1 - Restaurant,-78.54097708,35.98087662,M,Not Provided
474,04092015521,NOODLES   COMPANY,200 CROSSROADS  BLVD ,STE 110,CARY,NC,27518,(919) 851-5080,1257138000000,1 - Restaurant,-78.74109703,35.76025118,M,Not Provided
475,04092015532,CRAZY FIRE MONGOLIAN GRILL,3611 SPRING FOREST RD ,STE. 100,RALEIGH,NC,27616,(919) 872-3575,1260939600000,1 - Restaurant,-78.57981065,35.85591308,M,Not Provided
476,04092015548,RUDINOS'S PIZZA   GRINDERS SPORTS CORNER,3101-101 EDWARDS MILL RD ,,RALEIGH,NC,27612,(919) 786-4235,1262149200000,1 - Restaurant,-78.70695545,35.82544758,M,Not Provided
477,04092015549,BRAVO'S MEXICAN GRILL,208 GRANDE HEIGHTS DR ,,CARY,NC,27513,(919) 481-3811,1262235600000,1 - Restaurant,-78.78059125,35.80471168,M,Not Provided
478,04092015546,HAYASHI JAPANESE RESTAURANT,13200 NEW FALLS OF NUESE RD ,STE 105,RALEIGH,NC,27614,(919) 554-0508,1262667600000,1 - Restaurant,-78.55982173,35.94075522,M,Not Provided
479,04092015563,HOLIDAY INN EXPRESS HOTEL & SUITES BREAKFAST,3741 THISTLE DOWN  DR ,,RALEIGH,NC,27606,(919) 854-0001,1263877200000,1 - Restaurant,-78.69949471,35.75440001,M,Not Provided
480,04092015567,MY WAY TAVERN,301  W CENTER ST ,,HOLLY SPRINGS,NC,27540,(919) 285-2142,1264741200000,1 - Restaurant,-78.83406226,35.65096454,M,Not Provided
481,04092015562,NANTUCKET GRILL,1145  FALLS RIVER AVE ,,RALEIGH,NC,27614,(919) 870-1955,1263445200000,1 - Restaurant,-78.58877607,35.90718422,M,Not Provided
482,04092015574,THAI THAI CUISINE,108 OSTERVILLE DR ,,HOLLY SPRINGS,NC,27540,(919) 303-5700,1266296400000,1 - Restaurant,-78.83224417,35.67779295,M,Not Provided
483,04092015568,HARRIS TEETER #422 DELI,120-100 ST ALBANS  DR ,,RALEIGH,NC,27609,(919) 781-4165,1265173200000,1 - Restaurant,-78.63883981,35.83739883,M,Not Provided
484,04092015578,CANTINA 18,433  DANIELS  ST ,,RALEIGH,NC,27605,(919) 835-9911,1267678800000,1 - Restaurant,-78.66157289,35.79001283,M,Not Provided
485,04092015577,AMEDEO'S,3905 WESTERN  BLVD ,,RALEIGH,NC,27606,,1267678800000,1 - Restaurant,-78.69045628,35.78405475,M,Not Provided
486,04092015580,CHINA PEARL CHINESE RESTAURANT,2841 JONES FRANKLIN RD ,,RALEIGH,NC,27606,(919) 851-0358,1268802000000,1 - Restaurant,-78.7377362,35.74360868,M,Not Provided
487,04092015575,TRIBECA TAVERN,500 LEDGESTONE WAY ,,CARY,NC,27519,(919) 465-3055,1266555600000,1 - Restaurant,-78.84803883,35.79230834,M,Not Provided
488,04092015601,STAMMTISCH CAFE,215 GREGSON DR ,,CARY,NC,27511,(919) 461-6033,1269579600000,1 - Restaurant,-78.80333201,35.73531135,M,Not Provided
489,04092015603,WAFFLE HOUSE #1090,1006 AIRPORT BLVD ,,MORRISVILLE,NC,27560-9195,(919) 460-0388,1271653200000,1 - Restaurant,-78.81924308,35.85853032,M,Not Provided
490,04092015586,WELLS FARGO CAFE,1100 CORPORATE CENTER DR ,,RALEIGH,NC,27607-5066,(919) 852-7720,1269838800000,1 - Restaurant,-78.73483602,35.80060633,M,Not Provided
491,04092015606,WAFFLE HOUSE #1161,3703 NEW BERN AVE ,,RALEIGH,NC,27610,(919) 231-1292,1271998800000,1 - Restaurant,-78.57689448,35.7982395,M,Not Provided
492,04092015605,WAFFLE HOUSE #1279,7605 KNIGHTDALE BLVD ,,KNIGHTDALE,NC,27545,(919) 217-4112,1271998800000,1 - Restaurant,-78.47367578,35.80004791,M,Not Provided
493,04092015607,IL BACIO,3622 ROGERS RD ,,WAKE FOREST,NC,27587,(919) 556-7800,1270789200000,1 - Restaurant,-78.50482784,35.94464405,M,Not Provided
494,04092015610,WAFFLE HOUSE #1302,1417 E WILLIAMS ST ,,APEX,NC,27539-7700,(919) 363-9137,1272430800000,1 - Restaurant,-78.83789634,35.71142477,M,Not Provided
495,04092015611,WAFFLE HOUSE #351,1724 WALNUT ST ,,CARY,NC,27511,(919) 467-5950,1272430800000,1 - Restaurant,-78.74679669,35.76260826,M,Not Provided
496,04092015618,HIBACHI 101,7870 ALEXANDER PROMENADE PL ,,RALEIGH,NC,27617,(919) 569-2888,1271912400000,1 - Restaurant,-78.77695584,35.91424048,M,Not Provided
497,04092015619,RAINBOW KING,12520 CAPITAL BLVD ,,WAKE FOREST,NC,27587,(919) 554-8888,1272258000000,1 - Restaurant,-78.53270457,35.98593529,M,Not Provided
498,04092015625,BOJANGLES #42,840 E CHATHAM ST ,,CARY,NC,27511,(919) 467-7030,1271653200000,1 - Restaurant,-78.76021378,35.79096843,M,Not Provided
499,04092015640,SAM'S CLUB #6570 SNACKBAR,3001 CALVARY  DR ,,RALEIGH,NC,27604,(919) 874-0112,1275022800000,1 - Restaurant,-78.58500532,35.84648891,M,Not Provided
500,04092015636,WALTONWOOD AT CARY DINING,750 SE CARY PKY ,,CARY,NC,27511,(919) 460-7330,1273813200000,1 - Restaurant,-78.77481851,35.74902684,M,Not Provided
501,04092015642,EMBASSY SUITES - AMELIA'S,8001 ARCO CORPORATE  DR ,,RALEIGH,NC,27617,(919) 572-2200,1275454800000,1 - Restaurant,-78.77639968,35.90726649,M,Not Provided
502,04092015648,JAMAICAN GRILLE,5500 ATLANTIC SPRINGS  RD ,STE 109,RALEIGH,NC,27616,(919) 873-0200,1276837200000,1 - Restaurant,-78.59668816,35.85752173,M,Not Provided
503,04092015654,CRAFT PUBLIC HOUSE,1040 TRYON VILLAGE DR ,STE 601,CARY,NC,27518,(919) 851-9173,1272949200000,1 - Restaurant,-78.7446922,35.74631027,M,Not Provided
504,04092015661,FARMTABLE   GATEHOUSE TAVERN,960 GATEWAY COMMONS CIR ,,WAKE FOREST,NC,27587,(919) 569-6714,1276491600000,1 - Restaurant,-78.49517643,35.96733271,M,Not Provided
505,04092015662,CARIBOU COFFEE #301,8201-101  BRIER CREEK  PKY ,,RALEIGH,NC,27617,(919) 405-2802,1276578000000,1 - Restaurant,-78.78335109,35.90685106,M,Not Provided
506,04092015676,ROADRUNNERS PIZZA,8420-120 LOUISBURG RD ,,RALEIGH,NC,27616,(919) 266-7606,1279861200000,1 - Restaurant,-78.50931118,35.89359506,M,Not Provided
507,04092015682,OLIVE GARDEN #1831,12600 CAPITAL BLVD ,,WAKE FOREST,NC,27587,(919) 556-1007,1279688400000,1 - Restaurant,-78.53167158,35.98839296,M,Not Provided
508,04092015630,RIVER PUB,10940 RAVEN RIDGE  RD ,STE 104,RALEIGH,NC,27614,(919) 900-8302,1273554000000,1 - Restaurant,-78.59009764,35.90790481,M,Not Provided
509,04092015688,FAIRFIELD INN   SUITES FOODSERVICE,10040 SELLONA ST ,,RALEIGH,NC,27617,(919) 246-0107,1280898000000,1 - Restaurant,-78.80455042,35.89550341,M,Not Provided
510,04092015690,PANDA WOK,8521  CANTILEVER WAY ,STE 105,RALEIGH,NC,27613,(919) 792-2588,1281589200000,1 - Restaurant,-78.73779336,35.88567515,M,Not Provided
511,04092015687,MAMI'S LATIN STYLE ROTISSERIE CHICKEN,2401 WAKE FOREST  RD ,,RALEIGH,NC,27608,(919) 834-8572,1280725200000,1 - Restaurant,-78.6271484,35.81373749,M,Not Provided
512,04092015694,TERIYAKIN,10970 CHAPEL HILL RD ,STE. 112,MORRISVILLE,NC,27560,(919) 410-7775,1281589200000,1 - Restaurant,-78.8405695,35.85637857,M,Not Provided
513,04092015712,SAN JOSE MEXICAN RESTAURANT,877 E GANNON AVE ,,ZEBULON,NC,27616,(919) 269-3399,1284526800000,1 - Restaurant,-78.29418632,35.83016256,M,Not Provided
514,04092015703,BUFFALO BROTHERS,4025-100 LAKE BOONE  TRAIL,,RALEIGH,NC,27607,(919) 782-4949,1282539600000,1 - Restaurant,-78.6970997,35.81457601,M,Not Provided
515,04092015697,SUBWAY,10130 GREEN LEVEL CHURCH  RD SUITE 300,,CARY,NC,27519,(919) 460-9422,1280811600000,1 - Restaurant,-78.90107972,35.82060442,M,Not Provided
516,04092015704,#1 CHINA WOK,942 GATEWAY COMMONS CIR ,,WAKE FOREST,NC,27587,(919) 570-1688,1283144400000,1 - Restaurant,-78.49517643,35.96733271,M,Not Provided
517,04092015715,MCDONALD'S #7811,6250 CAPITAL BLVD ,,RALEIGH,NC,27616,(919) 878-5907,1284008400000,1 - Restaurant,-78.5801169,35.87020365,M,Not Provided
518,04092015713,WINGSTOP # 527,1721-112 NEW HOPE CHURCH RD ,,RALEIGH,NC,27609,(919) 872-8856,1284354000000,1 - Restaurant,-78.61023615,35.83634582,M,Not Provided
519,04092015718,NEW WHITE OAK GRILL   LOUNGE,7901 WHITE OAK  RD ,,GARNER,NC,27529,(919) 779-0710,1285822800000,1 - Restaurant,-78.57505416,35.67217636,M,Not Provided
520,04092015733,CHECKER'S PIZZA   SUBS,2720-126 LAKE WHEELER ROAD,,RALEIGH,NC,27603,(919) 821-1111,1286427600000,1 - Restaurant,-78.68034205,35.74406085,M,Not Provided
521,04092015729,JASON'S DELI # 162,210 CROSSROADS BLVD ,,CARY,NC,27518,(919) 233-6901,1285304400000,1 - Restaurant,-78.73871469,35.76064643,M,Not Provided
522,04092015734,WADE PARK CAFE,5430  WADE PARK  BLVD ,,RALEIGH,NC,27607,(919) 859-5220,1287378000000,1 - Restaurant,-78.72815294,35.80750109,M,Not Provided
523,04092015735,SUSHI O,222-117 GLENWOOD AVE ,,RALEIGH,NC,27603,(919) 838-8868,1285563600000,1 - Restaurant,-78.64697296,35.78363334,M,Not Provided
524,04092015754,MULINO,309 N DAWSON ST ,,RALEIGH,NC,27603,(919) 838-8595,1308286800000,1 - Restaurant,-78.64347238,35.78455109,M,Not Provided
525,04092015740,LA TAQUERIA,973 E BROAD ST ,,FUQUAY-VARINA,NC,27526,(919) 455-5069,1287378000000,1 - Restaurant,-78.78267477,35.59365979,M,Not Provided
526,04092015755,FIESTA MEXICANA #6,428 VILLAGE WALK DR ,,HOLLY SPRINGS,NC,27540,(919) 346-1330,1308286800000,1 - Restaurant,-78.83920975,35.63987629,M,Not Provided
527,04092015748,SUSHI IWA APEX,2026 CREEKSIDE LANDING DR ,,APEX,NC,27502,(919) 387-7022,1308114000000,1 - Restaurant,-78.88353507,35.74506886,M,Not Provided
528,04092015765,WAFFLE HOUSE #1901,1051 DURHAM  RD ,,WAKE FOREST,NC,27587,(919) 554-2501,1310014800000,1 - Restaurant,-78.55120124,35.97391996,M,Not Provided
529,04092015775,SIMPLY CREPES CAFE   CATERING,8470 HONEYCUTT RD ,STE 110,RALEIGH,NC,27615,(919) 322-2327,1310619600000,1 - Restaurant,-78.62166264,35.89510631,M,Not Provided
530,04092015783,JUMBO CHINA RESTUARANT ,1518 BROAD ST ,,FUQUAY-VARINA,NC,27526-8363,(919) 577-7098,1313125200000,1 - Restaurant,-78.80247593,35.60486538,M,Not Provided
531,04092015793,TENKO JAPAN,4040 ED  DR ,#121,RALEIGH,NC,27612,(919) 781-5181,1314248400000,1 - Restaurant,-78.70319603,35.82517717,M,Not Provided
532,04092015786,A'NETS KATCH,2009 VILLAGE PARK DR ,,KNIGHTDALE,NC,27545,(919) 217-0133,1313125200000,1 - Restaurant,-78.49335819,35.79721391,M,Not Provided
533,04092015798,BOJANGLES,3025 WINSTON HILL DR ,,CARY,NC,27519,(919) 460-9224,1287637200000,1 - Restaurant,-78.84654483,35.78948326,M,Not Provided
534,04092015805,NOODLES AND COMPANY #857,8411 BRIER CREEK PKY ,,RALEIGH,NC,27617,(919) 806-1330,1288674000000,1 - Restaurant,-78.78335109,35.90685106,M,Not Provided
535,04092015780,"CRISTO'S NY STYLE PIZZA, LLC",1302 E MILLBROOK RD ,,RALEIGH,NC,27609,(919) 872-6797,1313038800000,1 - Restaurant,-78.61557639,35.84978224,M,Not Provided
536,04092015807,CARIBOU COFFEE #306,109 SW MAYNARD RD ,,CARY,NC,27511,(919) 319-6265,1282885200000,1 - Restaurant,-78.78269343,35.77098734,M,Not Provided
537,04092015821,LIN'S GARDEN,1318 S MAIN ST ,STE. 116,WAKE FOREST,NC,27587,(919) 556-8066,1289883600000,1 - Restaurant,-78.51926333,35.9609338,M,Not Provided
538,04092015784,ATRIUM,2600 FOUNDERS DR ,,RALEIGH,NC,27695,(919) 515-2263,1312520400000,1 - Restaurant,-78.66895681,35.78776429,M,Not Provided
539,04092015857,JAVA CITY @ CAMPBELL LAW SCHOOL,225 HILLSBOROUGH ST ,,RALEIGH,NC,27603,(919) 865-5938,1294290000000,1 - Restaurant,-78.64278081,35.78010542,M,Not Provided
540,04092015859,POPEYES #11025,3699 NEW BERN AVE ,,RALEIGH,NC,27610,(919) 803-7777,1294376400000,1 - Restaurant,-78.57924099,35.79885208,M,Not Provided
541,04092015860,BOJANGLES #45,900 S MAIN ST ,,ROLESVILLE,NC,27571,(919) 453-6241,1294376400000,1 - Restaurant,-78.47826843,35.90966822,M,Not Provided
542,04092015852,BANGKOK THAI,13200 NEW FALLS OF NEUSE RD ,UNIT 131,RALEIGH,NC,27614,(919) 554-7561,1292994000000,1 - Restaurant,-78.55982173,35.94075522,M,Not Provided
543,04092015825,WAKEFIELD TAVERN,13200 NEW FALLS OF NEUSE RD ,STE 101,RALEIGH,NC,27614,(919) 554-0673,1290056400000,1 - Restaurant,-78.55982173,35.94075522,M,Not Provided
544,04092015866,TAQUERIA EL TORO #1,3609 JUNCTION  BLVD ,,RALEIGH,NC,27603,(919) 773-8172,1295499600000,1 - Restaurant,-78.65709422,35.73082026,M,Not Provided
545,04092015864,VINOS FINOS Y PICADAS,8450 HONEYCUTT RD ,,RALEIGH,NC,27615,(919) 747-9233,1294030800000,1 - Restaurant,-78.62166264,35.89510631,M,Not Provided
546,04092015882,TAQUERIA LA CABANA,3520 CAPITAL BLVD ,,RALEIGH,NC,27609,(919) 872-2252,1296536400000,1 - Restaurant,-78.58408349,35.82807441,M,Not Provided
547,04092015861,LUCKY 7,906 NE MAYNARD RD ,,CARY,NC,27513,(919) 380-7550,1294635600000,1 - Restaurant,-78.76838418,35.80043542,M,Not Provided
548,04092015894,DAIRY QUEEN GRILL   CHILL,631 WALNUT  ST ,,CARY,NC,27511,(919) 465-2100,1299646800000,1 - Restaurant,-78.76675868,35.77660368,M,Not Provided
549,04092015885,THE OAKS AT WHITAKER GLEN,501 E WHITAKER MILL RD ,,RALEIGH,NC,27608-2646,(919) 839-5604,1294808400000,1 - Restaurant,-78.63292072,35.808545,M,Not Provided
550,04092015913,SAS BUILDING C CAFE,820 SAS CAMPUS DR ,,CARY,NC,27513,(919) 531-8651,1300251600000,1 - Restaurant,-78.75122068,35.81750117,M,Not Provided
551,04092015927,RELISH CRAFT KITCHEN/THE KITCHEN TABLE,5625 CREEDMOOR RD ,,RALEIGH,NC,27612,(919) 787-1855,1301547600000,1 - Restaurant,-78.68200654,35.85879308,M,Not Provided
552,04092015923,JUBALA COFFEE,8450-104 HONEYCUTT  RD ,,RALEIGH,NC,27615,(919) 758-8330,1301029200000,1 - Restaurant,-78.62166264,35.89510631,M,Not Provided
553,04092015904,WHOLE FOODS #10338 PREPARED FOODS,8710 SIX FORKS RD ,,RALEIGH,NC,27615,(919) 354-0350,1299819600000,1 - Restaurant,-78.65023579,35.89889531,M,Not Provided
554,04092015933,PORT CITY JAVA VET SCHOOL,1052 WILLIAM MOORE  DR ,,RALEIGH,NC,27606,(919) 513-3226,1305176400000,1 - Restaurant,-78.7004872,35.79771733,M,Not Provided
555,04092015939,SAN JOSE MEXICAN RESTAURANT,5811 POYNER VILLAGE  PKY ,,RALEIGH,NC,27616,(919) 790-1919,1303275600000,1 - Restaurant,-78.56916558,35.86464073,M,Not Provided
556,04092015951,MOJO'S GRILL,2648 TIMBER DR ,,GARNER,NC,27529,(919) 662-1115,1303966800000,1 - Restaurant,-78.63679232,35.71605085,M,Not Provided
557,04092015947,D.P. DOUGH,2109 AVENT FERRY RD ,,RALEIGH,NC,27606,(919) 829-1525,1303707600000,1 - Restaurant,-78.67605304,35.77835842,M,Not Provided
558,04092015966,JIN JIN CHINA,421 CHAPANOKE ROAD,STE. 162,RALEIGH,NC,27603,(919) 772-8868,1306472400000,1 - Restaurant,-78.65333672,35.73464526,M,Not Provided
559,04092015942,RED BOWL ASIAN BISTRO,2020 BOULDERSTONE WAY ,,CARY,NC,27519,(919) 388-9977,1305694800000,1 - Restaurant,-78.84859333,35.79156092,M,Not Provided
560,04092015972,BOJANGLES #46,1513 N ARENDELL AVE ,,ZEBULON,NC,27597,(919) 404-2272,1306386000000,1 - Restaurant,-78.32655757,35.83982099,M,Not Provided
561,04092015960,CAMBRIDGE VILLAGE DINING,10000 CAMBRIDGE VILLAGE LOOP,,APEX,NC,27502,(919) 363-2080,1305003600000,1 - Restaurant,-78.84579249,35.7181047,M,Not Provided
562,04092015967,CHARLIE'S KABOBS #2,929 HERITAGE LAKE  RD ,SUITE 700,WAKE FOREST,NC,27587,(919) 453-6284,1306213200000,1 - Restaurant,-78.50377685,35.94688497,M,Not Provided
563,04092015990,SOCIAL FABRIC,1000  MAIN CAMPUS  DR ,,RALEIGH,NC,27695,(919) 513-0823,1315458000000,1 - Restaurant,-78.67973963,35.76281459,M,Not Provided
564,04092015993,ANGIE'S RESTAURANT,1340 W GARNER RD ,,GARNER,NC,27529,(919) 661-6707,1315544400000,1 - Restaurant,-78.6235069,35.7173481,M,Not Provided
565,04092015975,LYNNWOOD GRILL,4821 GROVE BARTON  RD ,STE 101,RALEIGH,NC,27613,(919) 785-0043,1306904400000,1 - Restaurant,-78.71709244,35.87043723,M,Not Provided
566,04092015995,THE BIG EASY,231 GRANDE HEIGHTS DR ,,CARY,NC,27513,(919) 468-6007,1320642000000,1 - Restaurant,-78.78059125,35.80471168,M,Not Provided
567,04092016002,CHIPOTLE #1659,2316 HILLSBOROUGH ST ,,RALEIGH,NC,27607,(919) 576-1894,1316149200000,1 - Restaurant,-78.66664947,35.78770917,M,Not Provided
568,04092016009,STARBUCKS #16019,9441 STRICKLAND RD ,,RALEIGH,NC,27615,(919) 845-4566,1316754000000,1 - Restaurant,-78.65443046,35.90093848,M,Not Provided
569,04092016006,MELLOW MUSHROOM,4300 NW CARY PKY ,,CARY,NC,27513,(919) 463-7779,1316667600000,1 - Restaurant,-78.82814567,35.790202,M,Not Provided
570,04092016014,CAPI'S,2700 REGENCY PKY ,,CARY,NC,27518,(919) 468-0084,1317358800000,1 - Restaurant,-78.7890716,35.73392686,M,Not Provided
571,04092016029,HIBACHI K EXPRESS,4001 WIDE WATERS SUITE B PKY ,,KNIGHTDALE,NC,27545,(919) 217-8875,1319691600000,1 - Restaurant,-78.5051576,35.79511649,M,Not Provided
572,04092016040,SUBWAY #52361,2010 KILDAIRE FARM  RD ,,CARY,NC,27511,(919) 851-3399,1320728400000,1 - Restaurant,-78.78211243,35.73717418,M,Not Provided
573,04092016048,GONZA TACOS Y TEQUILA,7713 LEAD MINE  RD ,,RALEIGH,NC,27615,(919) 846-5478,1321506000000,1 - Restaurant,-78.6604412,35.88617756,M,Not Provided
574,04092016052,JD'S TAVERN,800 W WILLIAMS ST ,,APEX,NC,27502,(919) 629-7285,1322024400000,1 - Restaurant,-78.86480258,35.73964977,M,Not Provided
575,04092016061,MCDONALD'S # 16326,2900 WENDELL BLVD ,,WENDELL,NC,27591,(919) 365-3625,1323406800000,1 - Restaurant,-78.37967072,35.79230075,M,Not Provided
576,04092016057,JACK'S SEAFOOD,5416 ROCK QUARRY RD ,STE 103,RALEIGH,NC,27610,(919) 329-8125,1323147600000,1 - Restaurant,-78.56010141,35.73196384,M,Not Provided
577,04092016033,SEAN'S SHACK,2840 E MILLBROOK RD ,,RALEIGH,NC,27604,(919) 872-6669,1319000400000,1 - Restaurant,-78.58383641,35.84907157,M,Not Provided
578,04092016062,MCDONALD'S #11646,7141 KNIGHTDALE  BLVD ,,KNIGHTDALE,NC,27545,(919) 266-6700,1323406800000,1 - Restaurant,-78.48855644,35.79878016,M,Not Provided
579,04092016069,SUBWAY #29952,5412 APEX PEAKWAY ,,APEX,NC,27502,(919) 362-7976,1323925200000,1 - Restaurant,-78.86537408,35.73684286,M,Not Provided
580,04092016072,SASSOOL,9650 STRICKLAND RD ,STE 149,RALEIGH,NC,27615,(919) 847-2700,1324357200000,1 - Restaurant,-78.65677038,35.90420522,M,Not Provided
581,04092016073,THE GARDEN GRILLE   BAR (AT HILTON GARDEN INN),131 COLUMBUS AVE ,,CARY,NC,27518,(919) 377-0440,1324443600000,1 - Restaurant,-78.73638403,35.75644435,M,Not Provided
582,04092016084,MCDONALDS #18373,415 S MAIN ST ,,ROLESVILLE,NC,27571,(919) 556-7686,1326344400000,1 - Restaurant,-78.46701468,35.91701398,M,Not Provided
583,04092016083,NEW RAINBOW CHINESE RESTAURANT,3427 N MAIN ST ,,FUQUAY-VARINA,NC,27526,(919) 567-8272,1327986000000,1 - Restaurant,-78.72590996,35.6251507,M,Not Provided
584,04092016077,CHINA CARY,2972 KILDAIRE FARM RD,,CARY,NC,27511,(919) 363-5688,1325653200000,1 - Restaurant,-78.78870059,35.71809477,M,Not Provided
585,04092016096,SHEETZ #481,505 WENDELL  BLVD ,,WENDELL,NC,27591,(919) 365-9032,1327899600000,1 - Restaurant,-78.42070571,35.804091,M,Not Provided
586,04092016089,OVER THE FALLS,419 S BROOKS ST ,,WAKE FOREST,NC,27587,(919) 570-8588,1327035600000,1 - Restaurant,-78.50875692,35.97419021,M,Not Provided
587,04092016091,ENRIGO ITALIAN BISTRO,575 NEW WAVERLY PL ,STE 106,CARY,NC,27518,(919) 854-7731,1327467600000,1 - Restaurant,-78.77756452,35.73853427,M,Not Provided
588,04092016107,THE EXCHANGE CAFE,2801 FOUNDERS DR ,,RALEIGH,NC,27695,(919) 515-0458,1329973200000,1 - Restaurant,-78.67872314,35.78447976,M,Not Provided
589,04092016097,HYATT PLACE,710 CORPORATE CENTER DR ,,RALEIGH,NC,27607,(919) 233-2205,1327986000000,1 - Restaurant,-78.7380576,35.79191292,M,Not Provided
590,04092016100,SLICE OF N. Y. PIZZA,1016  SHOPPES AT MIDWAY ,STE H,KNIGHTDALE,NC,27545,(919) 261-9478,1328504400000,1 - Restaurant,-78.50727643,35.79842841,M,Not Provided
591,04092016110,CHICK-FIL-A #2850,2000  CAMERON ST ,,RALEIGH,NC,27605,(919) 821-1155,1329973200000,1 - Restaurant,-78.65851138,35.7914175,M,Not Provided
592,04092016117,JASMIN & OLIVZ MEDITERRANEAN,3801 HILLSBOROUGH ST ,,RALEIGH,NC,27607,(919) 835-1626,1330491600000,1 - Restaurant,-78.6885627,35.79387526,M,Not Provided
593,04092016121,PANERA BREAD #1642,2234 WALNUT  ST ,,CARY,NC,27511,(919) 233-2221,1332910800000,1 - Restaurant,-78.74288194,35.7554271,M,Not Provided
594,04092016118,TENKO JAPAN,6325 FALLS OF NEUSE  RD ,,RALEIGH,NC,27615,(919) 876-4545,1330578000000,1 - Restaurant,-78.62251588,35.86923291,M,Not Provided
595,04092016105,THE GARDEN ON MILLBROOK,2400 E MILLBROOK RD ,,RALEIGH,NC,27604-2806,(919) 790-8900,1329282000000,1 - Restaurant,-78.59604248,35.84755141,M,Not Provided
596,04092016125,PANERA BREAD #1649,7840 ALEXANDER PROMENADE PL ,STE 100,RALEIGH,NC,27617,(919) 293-0900,1332910800000,1 - Restaurant,-78.77695584,35.91424048,M,Not Provided
597,04092016130,HIGHGROVE ESTATE,1613  S MAIN ST ,,FUQUAY-VARINA,NC,27526,(919) 552-6154,1331096400000,1 - Restaurant,-78.80703969,35.55650081,M,Not Provided
598,04092016123,PANERA BREAD #1644,4421 SIX FORKS RD,STE 119,RALEIGH,NC,27609-5771,(919) 781-1112,1332824400000,1 - Restaurant,-78.64349731,35.8401699,M,Not Provided
599,04092016126,PANERA BREAD #1650,1001 BEAVER CREEK COMMONS DR ,,APEX,NC,27502,(919) 589-0026,1332824400000,1 - Restaurant,-78.87238782,35.74374594,M,Not Provided
600,04092016139,SOLA COFFEE   CAFE,7705 LEAD MINE RD ,,RALEIGH,NC,27615,(919) 803-8983,1332306000000,1 - Restaurant,-78.65998321,35.88527957,M,Not Provided
601,04092016141,PANERA BREAD #1656,8511 COLONNADE CENTER DR ,STE 110,RALEIGH,NC,27615,(919) 861-9300,1332738000000,1 - Restaurant,-78.65023579,35.89889531,M,Not Provided
602,04092016135,LOS TRES MAGUEYES,10120 GREEN LEVEL CHURCH  RD ,,CARY,NC,27519,(919) 967-5444,1331874000000,1 - Restaurant,-78.90107972,35.82060442,M,Not Provided
603,04092016143,SHEETZ #480,600 CORPORATE CENTER DR ,,RALEIGH,NC,27607,(919) 859-9577,1332824400000,1 - Restaurant,-78.73922078,35.78976201,M,Not Provided
604,04092016144,PANERA BREAD #1648,6123 CAPITAL BLVD ,,RALEIGH,NC,27616,(919) 865-1965,1332910800000,1 - Restaurant,-78.5830954,35.86881664,M,Not Provided
605,04092016152,CLARK DINING HALL,221 JENSEN  DR ,,RALEIGH,NC,27695,(919) 513-4680,1328763600000,1 - Restaurant,-78.67872314,35.78447976,M,Not Provided
606,04092016145,BUFFALO WILD WINGS #357,1300 VILLAGE MARKET PL ,,MORRISVILLE,NC,27560,(919) 469-7872,1332910800000,1 - Restaurant,-78.81477626,35.80605318,M,Not Provided
607,04092016148,TAIPEI AUTHENTIC CHINESE CUISINE,121 E CHATHAM ST ,,CARY,NC,27511,(919) 388-5885,1334725200000,1 - Restaurant,-78.7805216,35.78769301,M,Not Provided
608,04092016150,DAIRY QUEEN ORANGE JULIUS,8321 BRIER CREEK PKY ,STE 101,RALEIGH,NC,27617,(919) 484-2230,1336107600000,1 - Restaurant,-78.78335109,35.90685106,M,Not Provided
609,04092016155,DAILY PLANET CAFE,11   W JONES ST ,STE 1509,RALEIGH,NC,27601,(919) 707-8060,1334206800000,1 - Restaurant,-78.63943264,35.78220966,M,Not Provided
610,04092016161,HIBACHI 88,3416 POOLE RD ,,RALEIGH,NC,27610,(919) 231-1688,1334725200000,1 - Restaurant,-78.57953607,35.76724392,M,Not Provided
611,04092016169,NET APP CAFE BLDG3,7301 KIT CREEK RD ,BLDG 3,MORRISVILLE,NC,27560,(919) 476-5671,1334898000000,1 - Restaurant,-78.88578599,35.85727866,M,Not Provided
612,04092016180,POOR BOY GENERAL STORE AND GRILL,5804  POOR BOY FARM RD ,,KNIGHTDALE,NC,27545,(919) 217-2500,1336107600000,1 - Restaurant,-78.44826736,35.75699359,M,Not Provided
613,04092016184,MURPHY DINING HALL,4600 TRINITY RD ,WENDELL MURPHY FOOTBALL CENTER,RALEIGH,NC,27695,(919) 513-7423,1337058000000,1 - Restaurant,-78.71758269,35.80167817,M,Not Provided
614,04092016183,LAZEEZ INDIAN RESTAURANT,1318 S MAIN ST ,STE 132,WAKE FOREST,NC,27587,(919) 435-8880,1336453200000,1 - Restaurant,-78.51926333,35.9609338,M,Not Provided
615,04092016188,BURGER KING #6063,1299 N MAIN ST ,,FUQUAY-VARINA,NC,27526,(919) 552-1045,1338440400000,1 - Restaurant,-78.77869436,35.59222172,M,Not Provided
616,04092016202,AVERSBORO RESTAURANT AND SPORTS BAR,1411 AVERSBORO RD ,STE 105,GARNER,NC,27529,(919) 779-6661,1339131600000,1 - Restaurant,-78.61624516,35.69375078,M,Not Provided
617,04092016189,BURGER KING #17359,851 VILLAGE WALK DR ,,HOLLY SPRINGS,NC,27540,(919) 552-0650,1338440400000,1 - Restaurant,-78.83499326,35.6388402,M,Not Provided
618,04092016203,NEW RAINBOW GARDEN,407 S MAIN ST ,,ROLESVILLE,NC,27571,(919) 554-8838,1339131600000,1 - Restaurant,-78.46472452,35.91730947,M,Not Provided
619,04092016212,ABBEY ROAD TAVERN   GRILL,1195 W CHATHAM ST ,,CARY,NC,27513,(919) 481-4434,1342414800000,1 - Restaurant,-78.80690367,35.77079809,M,Not Provided
620,04092016191,ORO RESTAURANT   LOUNGE,18 E MARTIN ST ,,RALEIGH,NC,27601,(919) 239-4010,1337058000000,1 - Restaurant,-78.63846095,35.7768407,M,Not Provided
621,04092016223,MCDONALDS #35357,1001 FORESTVILLE  RD ,,WAKE FOREST,NC,27587,(919) 554-8094,1341982800000,1 - Restaurant,-78.50623234,35.94490296,M,Not Provided
622,04092016222,SUBWAY #41211,922 GATEWAY COMMON CIR ,,WAKE FOREST,NC,27587,(919) 562-5700,1341810000000,1 - Restaurant,-78.49517643,35.96733271,M,Not Provided
623,04092016217,HARRIS TEETER #136 DELI,9600 FALLS OF NEUSE  RD ,,RALEIGH,NC,27615,(919) 676-6614,1341205200000,1 - Restaurant,-78.60013448,35.90523089,M,Not Provided
624,04092016233,MAR-Y-SOL II,1310 CORPORATION PKY ,,RALEIGH,NC,27610-1363,(919) 212-8100,1343970000000,1 - Restaurant,-78.567803,35.79794409,M,Not Provided
625,04092016240,SUBWAY #52435,1310 FIFTH  AVE ,STE 120,GARNER,NC,27529,(919) 773-9033,1345438800000,1 - Restaurant,-78.62185674,35.70948085,M,Not Provided
626,04092016248,BIDA MANDA,222 S BLOUNT ST ,,RALEIGH,NC,27601,(919) 829-9999,1346130000000,1 - Restaurant,-78.63692681,35.77726159,M,Not Provided
627,04092016251,ANNAS PIZZERIA,138 S MAIN ST ,,FUQUAY-VARINA,NC,27526,(919) 285-2497,1346734800000,1 - Restaurant,-78.80003593,35.58309388,M,Not Provided
628,04092016246,STARBUCKS #8214,6176 FALLS OF NEUSE RD ,#100,RALEIGH,NC,27609,(919) 873-9615,1345698000000,1 - Restaurant,-78.62018089,35.86656916,M,Not Provided
629,04092016253,TEXAS STEAKHOUSE AND SALOON,948 AIRPORT BLVD,,MORRISVILLE,NC,27560-9193,(919) 468-7194,1348549200000,1 - Restaurant,-78.82133466,35.85750382,M,Not Provided
630,04092016252,HAMPTON INN WAKE FOREST HOT BREAKFAST,12318 WAKE UNION CHURCH RD ,,WAKE FOREST,NC,27587,(919) 554-0222,1346994000000,1 - Restaurant,-78.54222908,35.9810848,M,Not Provided
631,04092016265,ACRO CAFE,11 W JONES ST ,,RALEIGH,NC,27601,(919) 733-7450,1347598800000,1 - Restaurant,-78.63943264,35.78220966,M,Not Provided
632,04092016264,THE YARD HOUSE #41,4208 SIX FORKS  RD ,C110,RALEIGH,NC,27609,(919) 881-2590,1348203600000,1 - Restaurant,-78.63994698,35.83691241,M,Not Provided
633,04092016269,CHIPOTLE #1946,1516 VILLAGE MARKET  PL ,,MORRISVILLE,NC,27560,(919) 238-3971,1348722000000,1 - Restaurant,-78.81676084,35.80454792,M,Not Provided
634,04092016267,CHINA KING,313 CROSSROADS BLVD ,,CARY,NC,27518,(919) 233-8385,1349067600000,1 - Restaurant,-78.73871469,35.76064643,M,Not Provided
635,04092016270,DOHERTY'S IRISH PUB   RESTAURANT,1979 HIGH HOUSE RD ,,CARY,NC,27519,(919) 388-9930,1349067600000,1 - Restaurant,-78.84865558,35.78922067,M,Not Provided
636,04092016243,SNACK SHOP,4101 NC-HWY 55 ,,CARY,NC,27519,(919) 380-8403,1347426000000,1 - Restaurant,-78.87450918,35.82401506,M,Not Provided
637,04092016281,BI CAFE,5000 DAVIS DR ,BLDG 26,MORRISVILLE,NC,27560,(919) 993-1925,1350450000000,1 - Restaurant,-78.86834433,35.86068133,M,Not Provided
638,04092016273,KUMBALA BAR   GRILL,3945 NEW BERN  AVE ,RALEIGH,RALEIGH,NC,27610,(919) 231-0335,1349413200000,1 - Restaurant,-78.57014675,35.800455,M,Not Provided
639,04092016279,GUASACA AREPA   SALSA GRILL,4025 LAKE BOONE TRL ,#107,RALEIGH,NC,27607,(919) 322-4928,1350363600000,1 - Restaurant,-78.6970997,35.81457601,M,Not Provided
640,04092016299,AGGIE'S GRILL STATION,3027 CAPITAL  BLVD ,STE 101,RALEIGH,NC,27604,(919) 790-6688,1351832400000,1 - Restaurant,-78.59154908,35.82214441,M,Not Provided
641,04092016306,WINGATE BY WYNDHAM BREAKFAST,1542 MECHANICAL BLVD ,,GARNER,NC,27529,(919) 779-7441,1353042000000,1 - Restaurant,-78.64395073,35.72536576,M,Not Provided
642,04092016289,MCDONALDS #32822,7301 SIX FORKS  RD ,,RALEIGH,NC,27615,(919) 846-9903,1353042000000,1 - Restaurant,-78.64639989,35.87991482,M,Not Provided
643,04092016307,CHILI'S #1534,1201 MARKET CENTER DR ,,MORRISVILLE,NC,27560,(919) 468-3290,1353474000000,1 - Restaurant,-78.81676084,35.80454792,M,Not Provided
644,04092016311,HAMPTON INN   SUITES FOOD SERVICE,600 GLENWOOD AVE ,,RALEIGH,NC,27603,(919) 825-4770,1353992400000,1 - Restaurant,-78.64657439,35.78751192,M,Not Provided
645,04092016327,VILLAGE DELI   GRILL,909 AVIATION PKY ,,MORRISVILLE,NC,27560-8487,(919) 462-6191,1357102800000,1 - Restaurant,-78.81391983,35.83559841,M,Not Provided
646,04092016321,LA QUINTA INN   SUITES FOODSERVICE,2610 WESTINGHOUSE BLVD ,,RALEIGH,NC,27604,(919) 821-0888,1355202000000,1 - Restaurant,-78.59714191,35.81624833,M,Not Provided
647,04092016329,BEST WESTERN PLUS BREAKFAST,6209 GLENWOOD AVE ,,RALEIGH,NC,27612,(919) 782-1112,1358658000000,1 - Restaurant,-78.70428645,35.85617199,M,Not Provided
648,04092016331,SUBWAY #55675,234 FAYETTEVILLE  ST ,,RALEIGH,NC,27601,(919) 615-2670,1356066000000,1 - Restaurant,-78.63957497,35.77712668,M,Not Provided
649,04092016333,BAD DADDY'S BURGER BAR,111 SEABOARD AVE ,,RALEIGH,NC,27604,(919) 747-9163,1356584400000,1 - Restaurant,-78.64016631,35.78861051,M,Not Provided
650,04092016334,UNITED SKATES CAFE,2901 TRAWICK RD ,,RALEIGH,NC,27604-3754,(919) 790-3808,1357621200000,1 - Restaurant,-78.58934581,35.82028016,M,Not Provided
651,04092016332,ASIAN GARDEN,242 GRANDE HEIGHTS DR ,,CARY,NC,27513,(919) 462-8598,1356584400000,1 - Restaurant,-78.78059125,35.80471168,M,Not Provided
652,04092016290,MCDONALDS #15717,4121 BLUE RIDGE RD ,,RALEIGH,NC,27612-4633,(919) 510-5255,1353042000000,1 - Restaurant,-78.67578687,35.83619182,M,Not Provided
653,04092016338,HAMPTON INN   SUITES CRABTREE RALEIGH KITCHEN,3920 ARROW DR ,,RALEIGH,NC,27612,(919) 881-7080,1357275600000,1 - Restaurant,-78.67284929,35.83620099,M,Not Provided
654,04092016337,THE CARY PUB,6454  TRYON  RD ,,CARY,NC,27518,(919) 859-1070,1358485200000,1 - Restaurant,-78.76155635,35.7455991,M,Not Provided
655,04092016347,TROPHY BREWING CO,827 W MORGAN ST ,,RALEIGH,NC,27603,(919) 803-4849,1357275600000,1 - Restaurant,-78.65337738,35.77970792,M,Not Provided
656,04092016353,BUFFALO BROTHERS,11735  RETAIL DR ,,WAKE FOREST,NC,27587,(919) 570-6004,1358139600000,1 - Restaurant,-78.54322367,35.96793437,M,Not Provided
657,04092016364,CHOPSTIX,5607 CREEDMOOR RD ,,RALEIGH,NC,27612,(919) 781-6268,1359435600000,1 - Restaurant,-78.68200654,35.85879308,M,Not Provided
658,04092016365,SHEETZ #507,7900 FAYETTEVILLE  RD ,,RALEIGH,NC,27603,(919) 329-0707,1359522000000,1 - Restaurant,-78.69848171,35.66674111,M,Not Provided
659,04092016358,SHEETZ #505,1895  S FRANKLIN ST ,,WAKE FOREST,NC,27587,(919) 556-6221,1359522000000,1 - Restaurant,-78.50852192,35.95034047,M,Not Provided
660,04092016372,ORCHID JAPANESE RESTAURANT,7432 CREEDMOOR RD ,,RALEIGH,NC,27613,(919) 890-5345,1360731600000,1 - Restaurant,-78.67810638,35.88786089,M,Not Provided
661,04092016377,LEE'S KITCHEN #2,1100 N RALEIGH BLVD ,,RALEIGH,NC,27610,(919) 521-5957,1361336400000,1 - Restaurant,-78.61144572,35.79422701,M,Not Provided
662,04092016366,SAINTS AND SCHOLARS IRISH PUB,909 SPRING FOREST RD ,STE 106,RALEIGH,NC,27609,(919) 878-8828,1359522000000,1 - Restaurant,-78.62312498,35.86765564,M,Not Provided
663,04092016381,POPEYES #11378,1701 PINEWINDS DR ,,RALEIGH,NC,27603,(919) 329-0069,1362373200000,1 - Restaurant,-78.65506089,35.71642952,M,Not Provided
664,04092016386,BUFFALO WILD WINGS #439,121 GRAND HILL PL ,,HOLLY SPRINGS,NC,27540,(919) 577-0450,1363064400000,1 - Restaurant,-78.84941991,35.66264621,M,Not Provided
665,04092016387,THE HAT RACK (RED HAT 9TH FLOOR),100 E DAVIE ST ,,RALEIGH,NC,27601,(919) 301-3062,1363150800000,1 - Restaurant,-78.63762465,35.77518083,M,Not Provided
666,04092016380,HIBERNIAN PUB   RESTAURANT,8021 FALLS OF NEUSE RD ,,RALEIGH,NC,27615,(919) 803-0290,1362114000000,1 - Restaurant,-78.62452738,35.89404532,M,Not Provided
667,04092016389,JERSEY MIKES SUBS #3132,2712 HILLSBOROUGH ST ,,RALEIGH,NC,27607,(919) 615-3157,1363669200000,1 - Restaurant,-78.6717023,35.78888791,M,Not Provided
668,04092016391,MOE'S SOUTHWEST GRILL #838,770  W WILLIAMS ST ,,APEX,NC,27502,(919) 303-0061,1363755600000,1 - Restaurant,-78.86276232,35.73802969,M,Not Provided
669,04092016398,ACME PIZZA CO,204 VILLAGE WALK DR ,,HOLLY SPRINGS,NC,27540,(919) 552-8800,1365397200000,1 - Restaurant,-78.83920975,35.63987629,M,Not Provided
670,04092016412,MEDALLION DINING SERVICE,1995 NW CARY  PKY ,,MORRISVILLE,NC,27560,(919) 460-8141,1367557200000,1 - Restaurant,-78.81074351,35.80768967,M,Not Provided
671,04092016405,THE COWFISH,4208 SIX FORKS  RD ,STE 100,RALEIGH,NC,27609,(919) 784-0400,1365138000000,1 - Restaurant,-78.63994698,35.83691241,M,Not Provided
672,04092016417,SUBWAY #57757,2020 HILLSBOROUGH ST ,STE 102,RALEIGH,NC,27607,(919) 322-2015,1369890000000,1 - Restaurant,-78.66276463,35.78662875,M,Not Provided
673,04092016421,MEI WEI ASIAN DINER,1424 N MAIN ST ,,FUQUAY-VARINA,NC,27526,(919) 762-7128,1367902800000,1 - Restaurant,-78.77067061,35.5926073,M,Not Provided
674,04092016431,KAI SUSHI   SAKE BAR,7713 LEADMINE  RD ,STE 11,RALEIGH,NC,27615,(919) 870-4923,1368594000000,1 - Restaurant,-78.6604412,35.88617756,M,Not Provided
675,04092016440,CASE DINING HALL,240 JETER DR ,,RALEIGH,NC,27695,(919) 515-2100,1370494800000,1 - Restaurant,-78.67872314,35.78447976,M,Not Provided
676,04092016439,RANDY'S PIZZA,2458 WYCLIFF RD ,,RALEIGH,NC,27607,(919) 322-5990,1369976400000,1 - Restaurant,-78.69299571,35.81676957,M,Not Provided
677,04092016416,JASMIN & OLIVZ,424 E SIX FORKS RD ,STE 101,RALEIGH,NC,27609,(919) 743-3336,1366866000000,1 - Restaurant,-78.62602306,35.82001966,M,Not Provided
678,04092016444,SHEETZ #513,9915 FAYETTEVILLE RD ,,RALEIGH,NC,27603,(919) 577-1110,1371099600000,1 - Restaurant,-78.7138927,35.63477203,M,Not Provided
679,04092016453,MCDONALDS #4997,1700 TRAWICK  RD ,,RALEIGH,NC,27604,(919) 231-6205,1372050000000,1 - Restaurant,-78.57712949,35.79907767,M,Not Provided
680,04092016458,CRAZY FIRE MONGOLIAN GRILL,13200 STRICKLAND  RD ,SUITE 110,RALEIGH,NC,27613-7538,(919) 866-1700,1372654800000,1 - Restaurant,-78.72593678,35.90878748,M,Not Provided
681,04092016457,ATRIA OAKRIDGE DINING,10810 SANDY OAK LN ,,RALEIGH,NC,27614,(919) 848-2088,1372654800000,1 - Restaurant,-78.59303807,35.90822115,M,Not Provided
682,04092016459,FAIRFIELD INN   SUITES CRABTREE BREAKFAST,2201 SUMMIT PARK  LN ,,RALEIGH,NC,27612,(919) 881-9800,1373346000000,1 - Restaurant,-78.6749137,35.83413141,M,Not Provided
683,04092016465,CORBETT'S BURGERS   SODA BAR,126 KILMAYNE DR ,,CARY,NC,27511,(919) 466-0055,1373950800000,1 - Restaurant,-78.78304568,35.77049175,M,Not Provided
684,04092016468,FIREBIRDS,3200 VILLAGE MARKET PL ,,MORRISVILLE,NC,27560,(919) 653-0111,1374814800000,1 - Restaurant,-78.81893233,35.80755392,M,Not Provided
685,04092016470,OLIVE GARDEN #4441,107 GRAND HILL PL ,,HOLLY SPRINGS,NC,27540,(919) 552-2237,1375160400000,1 - Restaurant,-78.84941991,35.66264621,M,Not Provided
686,04092016473,STARBUCKS #75937,500 FAYETTEVILLE ST ,,RALEIGH,NC,27601,(919) 833-1120,1376629200000,1 - Restaurant,-78.63997331,35.773597,M,Not Provided
687,04092016474,RYE BAR   SOUTHERN KITCHEN,500 FAYETTEVILLE ST ,,RALEIGH,NC,27601,(919) 227-3370,1376974800000,1 - Restaurant,-78.63997331,35.773597,M,Not Provided
688,04092016475,SONIC #5864,109 JONES FRANKLIN RD ,,RALEIGH,NC,27606,(919) 854-4602,1378702800000,1 - Restaurant,-78.72126053,35.7841545,M,Not Provided
689,04092016476,STANBURY,938 N BLOUNT ST ,,RALEIGH,NC,27604,(919) 977-4321,1377838800000,1 - Restaurant,-78.63503164,35.7934425,M,Not Provided
690,04092016464,SUBWAY #57792,2736 NC HWY 55 ,,CARY,NC,27519,(919) 521-8541,1373950800000,1 - Restaurant,-78.87103634,35.7854741,M,Not Provided
691,04092016483,VILLAGE DELI   GRILL LAKE BOONE TRAIL,2500 WYCLIFF RD ,,RALEIGH,NC,27607,(919) 803-1245,1375765200000,1 - Restaurant,-78.69299571,35.81676957,M,Not Provided
692,04092016485,ZAXBY'S #46101,995 DURHAM RD ,,WAKE FOREST,NC,27587,(919) 435-0387,1375851600000,1 - Restaurant,-78.54661007,35.9759368,M,Not Provided
693,04092016489,SONIC DRIVE IN #6020,1925 S MAIN ST ,,WAKE FOREST,NC,27587,(919) 554-1209,1376974800000,1 - Restaurant,-78.52999775,35.94975597,M,Not Provided
694,04092016471,JAIPUR INDIAN CUISINE,1520 BLUE RIDGE RD,,RALEIGH,NC,27607-3906,(919) 832-4100,1375678800000,1 - Restaurant,-78.70563187,35.80134442,M,Not Provided
695,04092016497,RALEIGH CRABTREE MARRIOTT FOODSERVICE,4500 MARRIOTT DR ,,RALEIGH,NC,27612-3365,(919) 781-7000,1380776400000,1 - Restaurant,-78.67772805,35.84277157,M,Not Provided
696,04092016492,ORIENT GARDEN RESTAURANT,1233 NW MAYNARD RD ,,CARY,NC,27513-8720,(919) 380-1323,1378443600000,1 - Restaurant,-78.81241251,35.78438851,M,Not Provided
697,04092016502,EL CUSCATLECO RESTAURANT,1383 SE MAYNARD RD ,,CARY,NC,27511,(919) 650-2706,1378270800000,1 - Restaurant,-78.76443201,35.78847518,M,Not Provided
698,04092016501,MCDONALD'S #35756,4212 WAKE FOREST RD ,,RALEIGH,NC,27609,(919) 862-1996,1377838800000,1 - Restaurant,-78.61155582,35.83876666,M,Not Provided
699,04092016506,SONIC DRIVE IN #5735,304 S MAIN ST ,,ROLESVILLE,NC,27571,(919) 562-5540,1378875600000,1 - Restaurant,-78.46379126,35.91986656,M,Not Provided
700,04092016479,THE OVAL,1910 ENTREPRENEUR DR ,,RALEIGH,NC,27606,(919) 513-7602,1375419600000,1 - Restaurant,-78.67343826,35.77013571,M,Not Provided
701,04092016520,MCDONALDS #12332,865 DURHAM RD ,,WAKE FOREST,NC,27587-8793,(919) 554-1095,1380862800000,1 - Restaurant,-78.53778608,35.97885255,M,Not Provided
702,04092016509,TACO BELL #29283,1108 MORRISVILLE CARPENTER RD ,,MORRISVILLE,NC,27560,(919) 377-0226,1379394000000,1 - Restaurant,-78.84967358,35.82080217,M,Not Provided
703,04092016491,SAN JOSE TACOS AND TEQUILA,7961 SKYLAND RIDGE PKY ,STE 125,RALEIGH,NC,27617,(919) 957-1400,1377234000000,1 - Restaurant,-78.78225809,35.91399765,M,Not Provided
704,04092016527,STARBUCKS TARGET #1104,2700 TIMBER DR ,,GARNER,NC,27529,(919) 772-9065,1381208400000,1 - Restaurant,-78.63848256,35.71533143,M,Not Provided
705,04092016533,SONIC DRIVE IN #4809,12508 CAPITAL BLVD ,,WAKE FOREST,NC,27587,(919) 562-2259,1382072400000,1 - Restaurant,-78.53341607,35.98698871,M,Not Provided
706,04092016517,MCDONALD'S #25393,2900 WAKEFIELD PINES DR ,,RALEIGH,NC,27614,(919) 556-8677,1380776400000,1 - Restaurant,-78.5596234,35.94210405,M,Not Provided
707,04092016545,GONZA TACOS Y TEQUILA,1849 S MAIN ST ,STE 100,WAKE FOREST,NC,27587,(919) 205-2500,1383886800000,1 - Restaurant,-78.52626549,35.9510248,M,Not Provided
708,04092016546,RUDY'S PUB   GRILL,780 W WILLIAMS ST ,,APEX,NC,27502,(919) 303-5061,1384491600000,1 - Restaurant,-78.86276232,35.73802969,M,Not Provided
709,04092016544,WINSTON CLUBHOUSE,17001 SEARSTONE DR ,,CARY,NC,27513,(919) 234-0400,1383282000000,1 - Restaurant,-78.84474841,35.78853893,M,Not Provided
710,04092016547,BROTHERS OF NEW YORK,3450-158 KILDAIRE FARM  RD ,,CARY,NC,27518,(919) 387-7711,1384837200000,1 - Restaurant,-78.79652285,35.70711427,M,Not Provided
711,04092016548,GARIBALDI TRATTORIA PIZZA E PASTA,900 N MAIN ST ,,FUQUAY-VARINA,NC,27526,(919) 552-8865,1402635600000,1 - Restaurant,-78.7869122,35.59111313,M,Not Provided
712,04092016549,MAMMA  MIA ITALIAN BISTRO,708 LAURA DUNCAN  RD ,,APEX,NC,27502,(919) 363-2228,1385355600000,1 - Restaurant,-78.84201291,35.73510393,M,Not Provided
713,04092016562,CORA KITCHEN + BAR,701 N PERSON ST ,,RALEIGH,NC,27604,(919) 977-1567,1383800400000,1 - Restaurant,-78.63456239,35.78916675,M,Not Provided
714,04092016559,KING CHINESE BUFFET,1029 E BROAD ST ,,FUQUAY-VARINA,NC,27526,(919) 567-8989,1383627600000,1 - Restaurant,-78.78267477,35.59365979,M,Not Provided
715,04092016565,BOJANGLES #49,9919 FAYETTEVILLE  ST ,,RALEIGH,NC,27603,(919) 557-6843,1384232400000,1 - Restaurant,-78.71414453,35.63414404,M,Not Provided
716,04092016554,VINNIE'S STEAK HOUSE   TAVERN,7440 SIX FORKS RD ,,RALEIGH,NC,27615,(919) 847-7319,1384750800000,1 - Restaurant,-78.64526746,35.88157149,M,Not Provided
717,04092016571,CHINA BEST,632  HOLLY SPRINGS RD ,,HOLLY SPRINGS,NC,27540,(919) 577-0888,1385528400000,1 - Restaurant,-78.82480568,35.65380837,M,Not Provided
718,04092016574,ZAXBY'S #44901,101 GRAND HILL PL ,,HOLLY SPRINGS,NC,27540,(919) 762-0432,1385010000000,1 - Restaurant,-78.85030384,35.65904721,M,Not Provided
719,04092016569,HARRIS TEETER #395 DELI,1432 BROGDEN WOODS DR ,,WAKE FOREST,NC,27587,(919) 870-4980,1376888400000,1 - Restaurant,-78.69147587,35.99120972,M,Not Provided
720,04092016577,DENNY'S #8890,4380 FAYETTEVILLE  RD ,,RALEIGH,NC,27603,(919) 771-0815,1385010000000,1 - Restaurant,-78.65441789,35.72058019,M,Not Provided
721,04092016582,APEX WINGS,518 E WILLIAMS ST ,,APEX,NC,27502-2151,(919) 387-0082,1387515600000,1 - Restaurant,-78.84778658,35.72374694,M,Not Provided
722,04092016567,CHUY'S #48,4020 MARKET AT NORTH HILLS  ST ,,RALEIGH,NC,27609,(919) 571-2489,1384318800000,1 - Restaurant,-78.63751871,35.836617,M,Not Provided
723,04092016590,CARIBOU #312,3300 DURALEIGH RD ,,RALEIGH,NC,27612,(919) 787-9611,1387256400000,1 - Restaurant,-78.70861911,35.82532908,M,Not Provided
724,04092016583,THE CORNER TAVERN   GRILL,1301 NW MAYNARD  RD ,,CARY,NC,27513,(919) 460-0088,1387429200000,1 - Restaurant,-78.81100001,35.78581026,M,Not Provided
725,04092016597,WINE AUTHORITIES,211 E FRANKLIN ST ,,RALEIGH,NC,27604,(919) 831-9463,1388466000000,1 - Restaurant,-78.6348233,35.790355,M,Not Provided
726,04092016594,SMITHFIELD'S CHICKEN'N BAR-B-Q,7304 KNIGHTDALE  BLVD ,,KNIGHTDALE,NC,27545,(919) 865-1905,1388984400000,1 - Restaurant,-78.48481193,35.79790758,M,Not Provided
727,04092016614,SUBWAY #14347,150 FAYETTEVILLE  ST ,STE 110,RALEIGH,NC,27601,(919) 828-0009,1391403600000,1 - Restaurant,-78.63970739,35.7787201,M,Not Provided
728,04092016600,LUGANO RISTORANTE,1060 DARRINGTON DR ,,CARY,NC,27513,(919) 468-7229,1390280400000,1 - Restaurant,-78.81615499,35.7998881,M,Not Provided
729,04092016620,TAZZA KITCHEN,432 WOODBURN  RD ,STE 140,RALEIGH,NC,27605,(919) 835-9463,1392354000000,1 - Restaurant,-78.65854788,35.78994091,M,Not Provided
730,04092016619,SHEETZ #537,2408 DIXIE FOREST RD ,,RALEIGH,NC,27615,(919) 790-7064,1392354000000,1 - Restaurant,-78.59936856,35.86286924,M,Not Provided
731,04092016621,CAFE SOO,2815  BRENTWOOD RD ,,RALEIGH,NC,27604,(919) 876-1969,1392354000000,1 - Restaurant,-78.5961504,35.81728333,M,Not Provided
732,04092016622,WINGIN'IT BAR AND GRILLE,1625 N MAIN ST ,STE 109,FUQUAY-VARINA,NC,27526,,1393563600000,1 - Restaurant,-78.76145495,35.59674746,M,Not Provided
733,04092016615,SALT  LIME CABO GRILL,6006 FALLS OF NEUSE  RD ,,RALEIGH,NC,27609,(919) 872-2230,1391403600000,1 - Restaurant,-78.61874122,35.86627999,M,Not Provided
734,04092016627,WHISPERING PINES DINING,7501 LEADMINE  RD ,,RALEIGH,NC,27615,(919) 870-0222,1393304400000,1 - Restaurant,-78.66223072,35.88240865,M,Not Provided
735,04092016635,RED PEPPER ASIAN,4121 NEW BERN AVE ,STE 109,RALEIGH,NC,27610,(919) 594-1006,1393304400000,1 - Restaurant,-78.56526182,35.80114658,M,Not Provided
736,04092016625,CILANTRO INDIAN CAFE',107 EDINBURGH SOUTH DR ,STE 107,CARY,NC,27511,(919) 234-1264,1392958800000,1 - Restaurant,-78.79806693,35.73669743,M,Not Provided
737,04092016637,HIBERNIAN PUB,311 GLENWOOD AVE ,,RALEIGH,NC,27603,(919) 833-2258,1393563600000,1 - Restaurant,-78.64755788,35.78474042,M,Not Provided
738,04092016642,SUBWAY #35970,4500 FAYETTEVILLE RD ,,RALEIGH,NC,27603,(919) 773-1993,1394773200000,1 - Restaurant,-78.65858039,35.71894127,M,Not Provided
739,04092016638,TARGET CAFE #2784,7129 OKELLY CHAPEL RD ,,CARY,NC,27519,(919) 674-2214,1393995600000,1 - Restaurant,-78.88560632,35.84441825,M,Not Provided
740,04092016640,JASMIN BISTRO,1109 LEDSOME LN ,,CARY,NC,27511,(919) 469-1112,1393563600000,1 - Restaurant,-78.74766477,35.76296884,M,Not Provided
741,04092016643,PUB 4100,4100 GLENWOOD AVE ,,RALEIGH,NC,27612-4626,(919) 782-8600,1393390800000,1 - Restaurant,-78.67111545,35.83723708,M,Not Provided
742,04092016646,FILIPINO EXPRESS RESTAURANT,"3601 CAPITAL BLVD, STE 101",,RALEIGH,NC,27604,(919) 876-6911,1395723600000,1 - Restaurant,-78.5859304,35.82957833,M,Not Provided
743,04092016653,SONIC DRIVE IN #5639,1240  N ARENDELL  AVE ,,ZEBULON,NC,27597,(919) 269-3477,1395810000000,1 - Restaurant,-78.32287165,35.83782072,M,Not Provided
744,04092016650,SHEETZ #540,4000 LUFKIN RD ,,APEX,NC,27539,(919) 303-3443,1395205200000,1 - Restaurant,-78.82092709,35.72194761,M,Not Provided
745,04092016658,LA ROMA PIZZA,1322 FIFTH AVE ,,GARNER,NC,27529,(919) 662-1700,1396501200000,1 - Restaurant,-78.62185674,35.70948085,M,Not Provided
746,04092016654,TASTE OF JAMAICA,600 E CHATHAM ST ,#B,CARY,NC,27511,(919) 461-0045,1395810000000,1 - Restaurant,-78.76780094,35.79070743,M,Not Provided
747,04092016659,SONO SUSHI BAR,319 FAYETTEVILLE ST ,,RALEIGH,NC,27601,(919) 521-5328,1396501200000,1 - Restaurant,-78.63879789,35.77609151,M,Not Provided
748,04092016645,SHEETZ #536,4660 MILLBROOK GREEN DR ,,RALEIGH,NC,27604,(919) 307-8433,1394082000000,1 - Restaurant,-78.58749799,35.84885683,M,Not Provided
749,04092016663,BOJANGLES #5,3301 S WILMINGTON ST ,,RALEIGH,NC,27603,(919) 772-4512,1396933200000,1 - Restaurant,-78.6498043,35.73506094,M,Not Provided
750,04092016661,COURTNEY'S NY BAGEL   DELI,929 HERITAGE LAKE  RD ,,WAKE FOREST,NC,27587,(919) 453-1043,1396242000000,1 - Restaurant,-78.50377685,35.94688497,M,Not Provided
751,04092016665,CHAR GRILL/SALSARITAS,1600 JOHN BRANTLEY BLVD ,,MORRISVILLE,NC,27560,(919) 840-7170,1397192400000,1 - Restaurant,-78.7893961,35.86970016,M,Not Provided
752,04092016667,ACC AMERICAN CAFE/PURO GUSTO,1600 JOHN BRANTLEY  BLVD ,,MORRISVILLE,NC,27560,(919) 378-8454,1397192400000,1 - Restaurant,-78.7893961,35.86970016,M,Not Provided
753,04092016671,TRIPLE BARREL TAVERN,2221 N GRASSLAND DR ,,FUQUAY-VARINA,NC,27526,(919) 762-0940,1398661200000,1 - Restaurant,-78.81032918,35.6156488,M,Not Provided
754,04092016674,TAQUERIA LA ESQUINA,10500 CHAPEL HILL RD ,,MORRISVILLE,NC,27560,(919) 600-0870,1398402000000,1 - Restaurant,-78.83169117,35.84049491,M,Not Provided
755,04092016679,BITTERSWEET,16 E MARTIN ST ,,RALEIGH,NC,27601,(919) 977-3829,1398229200000,1 - Restaurant,-78.63876765,35.7765855,M,Not Provided
756,04092016683,ROLY POLY,4040 ED DR ,,RALEIGH,NC,27612,(919) 785-0441,1399957200000,1 - Restaurant,-78.70319603,35.82517717,M,Not Provided
757,04092016680,SCHLOTZSKY'S,906 US 64 HWY W ,,APEX,NC,27502,(919) 462-9481,1398834000000,1 - Restaurant,-78.82279451,35.74469111,M,Not Provided
758,04092016687,PLAZA DEL MARIACHI,411 W GANNON AVE ,,ZEBULON,NC,27597,(919) 269-4464,1398834000000,1 - Restaurant,-78.32295741,35.82026265,M,Not Provided
759,04092016686,ALPACA PERUVIAN CHARCOAL CHICKEN,9575 CHAPEL HILL  RD ,,MORRISVILLE,NC,27560,(919) 378-9259,1398661200000,1 - Restaurant,-78.81120592,35.8045755,M,Not Provided
760,04092016684,CHINA QUEEN,2233-103 AVENT FERRY RD ,,RALEIGH,NC,27606,(919) 832-8882,1400216400000,1 - Restaurant,-78.67605304,35.77835842,M,Not Provided
761,04092016694,STARBUCKS #21218,5100 CAPITAL BLVD ,,RALEIGH,NC,27616,(919) 713-2135,1400648400000,1 - Restaurant,-78.58044649,35.8556149,M,Not Provided
762,04092016702,CHINA WOK,7440-143 LOUISBURG RD ,,RALEIGH,NC,27616,(919) 862-9898,1401253200000,1 - Restaurant,-78.53977075,35.87454257,M,Not Provided
763,04092016693,HONEY BAKED HAM COMPANY #103,5275 SIX FORKS RD ,,RALEIGH,NC,27609,(919) 787-0655,1398920400000,1 - Restaurant,-78.6431573,35.85331091,M,Not Provided
764,04092016696,JOHNNY'S PIZZA,8759 HOLLY SPRINGS RD ,,APEX,NC,27539,(919) 362-5566,1401426000000,1 - Restaurant,-78.77345985,35.69264269,M,Not Provided
765,04092016707,HAKO SUSHI,2603-155 GLENWOOD  AVE ,STE 155,RALEIGH,NC,27608,(919) 961-2807,1403672400000,1 - Restaurant,-78.66062738,35.81550133,M,Not Provided
766,04092016705,EL TAPATIO,13200 FALLS OF NEUSE ROAD,SUITE 167,RALEIGH,NC,27614,(919) 554-9697,1403154000000,1 - Restaurant,-78.55982173,35.94075522,M,Not Provided
767,04092016711,EL LOBO MEXICAN RESTAURANT,1301 E BROAD ST ,,FUQUAY-VARINA,NC,27526,(919) 557-9540,1403672400000,1 - Restaurant,-78.77604627,35.59548797,M,Not Provided
768,04092016710,WAFFLE HOUSE #2052,2320 DIXIE FOREST ROAD,,RALEIGH,NC,27615,(919) 862-1905,1404363600000,1 - Restaurant,-78.60008773,35.86284098,M,Not Provided
769,04092016657,CITY BARBEQUE,1305 KILDAIRE FARM RD ,,RALEIGH,NC,27511,(919) 439-5191,1395982800000,1 - Restaurant,-78.78332836,35.76164477,M,Not Provided
770,04092016715,SPRING HILL SUITES KITCHEN,1128 LEDSOME LANE,,CARY,NC,27511,(919) 977-7244,1405054800000,1 - Restaurant,-78.74888986,35.7617631,M,Not Provided
771,04092016728,AJISAI JAPANESE FUSION,427 WOODBURN ROAD,,RALEIGH,NC,27605,(919) 831-9907,1404882000000,1 - Restaurant,-78.6602578,35.78996917,M,Not Provided
772,04092016713,RED LOBSTER,4408 OLD WAKE FOREST RD ,,RALEIGH,NC,27609-6233,(919) 872-5608,1405659600000,1 - Restaurant,-78.6105829,35.841135,M,Not Provided
773,04092016722,LUCKY CHICKEN II,851 BASS PRO LANE,,CARY,NC,27513,(919) 678-3153,1404795600000,1 - Restaurant,-78.77007336,35.83116267,M,Not Provided
774,04092016727,HARRIS TEETER #236 STARBUCKS,7145  O'KELLY CHAPEL RD ,,CARY,NC,27519,(919) 465-9432,1407128400000,1 - Restaurant,-78.8882479,35.8441495,M,Not Provided
775,04092016733,CAROLINA BARBECUE,733 US 70 HWY W ,,GARNER,NC,27529,(877) 588-2271,1408683600000,1 - Restaurant,-78.6263419,35.7117051,M,Not Provided
776,04092016734,GROCERY BOY JR.,1912 W GARNER  RD ,,GARNER,NC,27529,(919) 772-5018,1408683600000,1 - Restaurant,-78.62580682,35.72598726,M,Not Provided
777,04092016744,MCDONALD'S #5651,8305 CREEDMOOR  RD ,,RALEIGH,NC,27615,(919) 847-8111,1409288400000,1 - Restaurant,-78.68140762,35.90035381,M,Not Provided
778,04092016743,MCDONALD'S #34347,9698 FALLS OF NEUSE RD ,,RALEIGH,NC,27615,(919) 845-5502,1409202000000,1 - Restaurant,-78.60132673,35.90639172,M,Not Provided
779,04092016754,SUBWAY #1120,3639 NEW BERN AVE ,,RALEIGH,NC,27610-1232,(919) 250-9393,1409893200000,1 - Restaurant,-78.57924099,35.79885208,M,Not Provided
780,04092016745,MCDONALD'S #27549,8011 BRIER CREEK PKY,,RALEIGH,NC,27617,(919) 806-1114,1409288400000,1 - Restaurant,-78.78220459,35.9103894,M,Not Provided
781,04092016753,LA BUENA VIDA,1388 KILDAIRE FARM RD,,CARY,NC,27511,(919) 678-3449,1409893200000,1 - Restaurant,-78.78379576,35.75917085,M,Not Provided
782,04092016767,LENOVO BUILDING 7 CAFE,7001 DEVELOPMENT DRIVE,,MORRISVILLE,NC,27560,(919) 237-8701,1411707600000,1 - Restaurant,-78.87426839,35.86577474,M,Not Provided
783,04092016770,DON BETO'S TACOS,421 CHAPANOKE RD ,SUITE 105,RALEIGH,NC,27603,(919) 809-2120,1412226000000,1 - Restaurant,-78.65333672,35.73464526,M,Not Provided
784,04092016768,LENOVO BUILDING 8 CAFETERIA,8001 DEVELOPMENT DRIVE,,MORRISVILLE,NC,27560,(919) 237-8600,1411707600000,1 - Restaurant,-78.8782524,35.86448849,M,Not Provided
785,04092016776,MANHATTAN CAFE,320 S WILMINGTON  ST ,,RALEIGH,NC,27601,(919) 833-6105,1413435600000,1 - Restaurant,-78.63879789,35.77609151,M,Not Provided
786,04092016773,CHIPOTLE #2066,9504 STRICKLAND ROAD,,RALEIGH,NC,27615,(919) 322-3259,1412053200000,1 - Restaurant,-78.65494329,35.90183973,M,Not Provided
787,04092016780,HARRIS TEETER #430 STARBUCKS,885 WALNUT ST ,,CARY,NC,27511,(919) 481-4251,1413349200000,1 - Restaurant,-78.76562102,35.77485801,M,Not Provided
788,04092016788,RALPH E. CAPPS TEEN CENTER GRILL,721 N. RALEIGH BLVD.,,RALEIGH,NC,27610,(919) 250-3595,1413435600000,1 - Restaurant,-78.61395647,35.79169717,M,Not Provided
789,04092016784,SCHIANO'S PIZZA PASTA WINGS,948 GATEWAY COMMONS CIRCLE,,WAKE FOREST,NC,27587,(919) 263-9177,1412658000000,1 - Restaurant,-78.49517643,35.96733271,M,Not Provided
790,04092016791,HOLLY HILL CHILDREN'S HOSPITAL DINING,201 MICHAEL J. SMITH LANE,,RALEIGH,NC,27610,(919) 250-7000,1413954000000,1 - Restaurant,-78.5783839,35.77913325,M,Not Provided
791,04092016794,ALEXANDER'S MEDITERRANEAN CUISINE,263 W TIMBER DR ,,GARNER,NC,27529,(919) 779-1183,1415077200000,1 - Restaurant,-78.60613274,35.68500311,M,Not Provided
792,04092016799,KUMO SUSHI   HIBACHI,2916 N MAIN  ST ,SUITE 112,FUQUAY-VARINA,NC,27526,(919) 986-0983,1415077200000,1 - Restaurant,-78.73259512,35.61559312,M,Not Provided
793,04092016797,HYATT HOUSE FOOD SERVICE,10962 CHAPEL HILL RD ,,MORRISVILLE,NC,27560,(919) 388-5355,1415768400000,1 - Restaurant,-78.84052916,35.85506616,M,Not Provided
794,04092016800,PUBLIX #1466 DELI,1020 BRADFORD PLAZA WAY,,CARY,NC,27513,(919) 460-2082,1414472400000,1 - Restaurant,-78.84558557,35.79325258,M,Not Provided
795,04092016789,KINGS BOWL,141 PARK AT NORTH HILLS STREET,,RALEIGH,NC,27609,(919) 600-5700,1413522000000,1 - Restaurant,-78.63883981,35.83739883,M,Not Provided
796,04092016802,THE MILL,146 S. MAIN STREET,,FUQUAY-VARINA,NC,27526,(919) 557-2123,1414645200000,1 - Restaurant,-78.80003584,35.58300413,M,Not Provided
797,04092016815,TUPELO HONEY CAFE,425 OBERLIN ROAD,,RALEIGH,NC,27605,(919) 723-9353,1416805200000,1 - Restaurant,-78.66382646,35.78995167,M,Not Provided
798,04092016808,HARRIS TEETER #257 STARBUCKS,2080 KILDAIRE FARM RD ,,CARY,NC,27518,(919) 233-9483,1415595600000,1 - Restaurant,-78.78068643,35.73567118,M,Not Provided
799,04092016816,LUCETTEGRACE,235 S. SALISBURY STREET,,RALEIGH,NC,27601,(919) 307-4950,1416546000000,1 - Restaurant,-78.63978806,35.77728809,M,Not Provided
800,04092016822,SUBWAY #11874,411 S MAIN ST ,,ROLESVILLE,NC,27571-9664,(919) 554-3511,1417410000000,1 - Restaurant,-78.4663386,35.91623805,M,Not Provided
801,04092016820,DOHERTY'S IRISH PUB   RESTAURANT,5490 APEX PEAKWAY,,APEX,NC,27502,(919) 387-4100,1416200400000,1 - Restaurant,-78.86537408,35.73684286,M,Not Provided
802,04092016835,ALPACA PERUVIAN CHARCOAL CHICKEN,4614 CAPITAL BLVD ,,RALEIGH,NC,27604,(919) 713-0000,1419829200000,1 - Restaurant,-78.57926433,35.84834257,M,Not Provided
803,04092016831,STATE OF BEER,401 HILLSBOROUGH ST,,RALEIGH,NC,27603,(919) 546-9116,1418360400000,1 - Restaurant,-78.64534681,35.78016859,M,Not Provided
804,04092016838,PANERA #1813,6201 GLENWOOD AVE.,,RALEIGH,NC,27612,(919) 334-2726,1418792400000,1 - Restaurant,-78.70383637,35.85593782,M,Not Provided
805,04092016843,FOUNTAIN DINING HALL,2520 SULLIVAN  DR ,,RALEIGH,NC,27695,(919) 515-3963,1418878800000,1 - Restaurant,-78.67872314,35.78447976,M,Not Provided
806,04092016840,MI CANCUN,1106 GRACE PARK DRIVE,,MORRISVILLE,NC,27560,(919) 650-1718,1419915600000,1 - Restaurant,-78.84652233,35.821117,M,Not Provided
807,04092016844,DUCK DONUTS,100 WRENN DR ,STE #101,CARY,NC,27511,(919) 468-8722,1418792400000,1 - Restaurant,-78.78400793,35.76514685,M,Not Provided
808,04092016861,CHIPOTLE #2386,6081  CAPITAL  BLVD ,,RALEIGH,NC,27616,(919) 322-3290,1421125200000,1 - Restaurant,-78.5830954,35.86881664,M,Not Provided
809,04092016849,HIBACHI BOWL,8109-129 FAYETTEVILLE RD ,,RALEIGH,NC,27603,(919) 803-2267,1420520400000,1 - Restaurant,-78.69975164,35.66336704,M,Not Provided
810,04092016857,BIG MIKES BBQ,1222 NW MAYNARD ROAD,,CARY,NC,27513,(919) 799-2023,1421384400000,1 - Restaurant,-78.80932559,35.78486593,M,Not Provided
811,04092016872,HAMPTON INN (BREAKFAST AREA),1010 AIRPORT BLVD.,,MORRISVILLE,NC,27560,(919) 462-1620,1423112400000,1 - Restaurant,-78.81827567,35.85781916,M,Not Provided
812,04092016866,AWAZE ETHIOPIAN AND ERITREAN CUISINE,904 NE MAYNARD RD ,,CARY,NC,27513,(919) 377-2599,1423112400000,1 - Restaurant,-78.76838418,35.80043542,M,Not Provided
813,04092016882,CHICK-FIL-A #699,1803 N. HARRISON AVE.,,CARY,NC,27513,(919) 678-1444,1424062800000,1 - Restaurant,-78.76967135,35.82932558,M,Not Provided
814,04092016886,METLIFE CARY CAFE MARKETPLACE,201 METLIFE WAY ,,CARY,NC,27513,(919) 538-7017,1424667600000,1 - Restaurant,-78.79975401,35.83005542,M,Not Provided
815,04092016887,COFFEE   (METLIFE 2),201 METLIFE WAY,,CARY,NC,27513,(919) 538-7017,1424667600000,1 - Restaurant,-78.79975401,35.83005542,M,Not Provided
816,04092016888,TERRACE DINING ROOM/TERRACE SNACK BAR,1509  MAIN CAMPUS DR ,,RALEIGH,NC,27606,(919) 515-4343,1427950800000,1 - Restaurant,-78.67973963,35.76281459,M,Not Provided
817,04092016891,DUNKIN' DONUTS #348417,3817 WESTERN BLVD ,,RALEIGH,NC,27606,(919) 858-6501,1428469200000,1 - Restaurant,-78.68893987,35.78436967,M,Not Provided
818,04092016877,LIFE CAFE POOLSIDE,8715 FALLS OF NEUSE ROAD,,RALEIGH,NC,27615,(919) 582-7000,1425013200000,1 - Restaurant,-78.61169249,35.89649982,M,Not Provided
819,04092016902,BRAVOS PIZZERIA,9 N MAIN ST ,,WENDELL,NC,27591,(919) 365-6065,1426654800000,1 - Restaurant,-78.37020589,35.78129266,M,Not Provided
820,04092016901,THE LODGE AT WAKE FOREST #5647,1151 S MAIN ST ,,WAKE FOREST,NC,27587,(919) 554-8768,1428469200000,1 - Restaurant,-78.517068,35.96434421,M,Not Provided
821,04092016876,LIFE CAFE,8715 FALLS OF NEUSE ROAD,,RALEIGH,NC,27615,(919) 582-7000,1425013200000,1 - Restaurant,-78.61169249,35.89649982,M,Not Provided
822,04092016903,AXIS (AT EMBASSY SUITES),4700 CREEDMOOR RD ,,RALEIGH,NC,27612-5802,(919) 881-0000,1430888400000,1 - Restaurant,-78.67921987,35.84477033,M,Not Provided
823,04092016913,"ROCCO'S RALEIGH, NC",565 COMPETITION RD ,,RALEIGH,NC,27603,(919) 977-8094,1431406800000,1 - Restaurant,-78.66911771,35.67202311,M,Not Provided
824,04092016906,SMOOTHIE U,2600 FOUNDER DR ,,RALEIGH,NC,27695,(919) 513-0809,1428901200000,1 - Restaurant,-78.66895681,35.78776429,M,Not Provided
825,04092016926,DEATH AND TAXES,105 W HARGETT ST ,,RALEIGH,NC,27601,(984) 242-0218,1428469200000,1 - Restaurant,-78.64044813,35.77816925,M,Not Provided
826,04092016912,CAPPOLLA'S PIZZA   GRILL,2462 WALNUT ST ,,CARY,NC,27518,(919) 854-7777,1430370000000,1 - Restaurant,-78.74427037,35.75323194,M,Not Provided
827,04092016920,WAKE MED NORTH FALLS CAFE,10000 FALLS OF NEUSE RD ,,RALEIGH,NC,27614,(919) 350-1478,1430974800000,1 - Restaurant,-78.59784664,35.90891239,M,Not Provided
828,04092016927,SHEETZ 555,4010 CONVENIENCE LN ,,CARY,NC,27519,(919) 316-7779,1429851600000,1 - Restaurant,-78.8947698,35.86023957,M,Not Provided
829,04092016935,TACO BELL #30930,1125 US HIGHWAY 70 W ,,GARNER,NC,27529,(919) 803-4328,1432184400000,1 - Restaurant,-78.6347529,35.71643061,M,Not Provided
830,04092016932,TAIPEI CAFE,9825-G CHAPEL HILL RD ,,MORRISVILLE,NC,27560,(919) 380-8568,1432875600000,1 - Restaurant,-78.81704809,35.81052408,M,Not Provided
831,04092016944,HIMALAYAN NEPALI CUISINE,746 E CHATHAM ST ,A,CARY,NC,27511,(919) 466-0550,1433394000000,1 - Restaurant,-78.7669176,35.79077934,M,Not Provided
832,04092016929,41 HUNDRED,4100 MAIN AT NORTH HILLS  ST ,,RALEIGH,NC,27609,(919) 571-8773,1432270800000,1 - Restaurant,-78.64420613,35.83600374,M,Not Provided
833,04092016945,PANERA #1806,1004 PARKSIDE MAIN ST ,,CARY,NC,27519,(919) 337-0020,1433394000000,1 - Restaurant,-78.88642865,35.84618367,M,Not Provided
834,04092016930,HYATT HOUSE H BAR,160 PARK AT NORTH HILLS  ST ,,RALEIGH,NC,27609,(919) 363-0771,1432270800000,1 - Restaurant,-78.63811755,35.836365,M,Not Provided
835,04092016947,SOPRANO'S GRILL,1030-101 N ROGERS LN ,,RALEIGH,NC,27610,(919) 878-8848,1433480400000,1 - Restaurant,-78.54837151,35.79167791,M,Not Provided
836,04092016948,HIBACHI SUSHI,3217 AVENT FERRY RD ,,RALEIGH,NC,27606,(919) 233-9119,1433307600000,1 - Restaurant,-78.69565546,35.76674009,M,Not Provided
837,04092016949,TAVERNA AGORA,326 HILLSBOROUGH ST ,,RALEIGH,NC,27603,(919) 881-8333,1433739600000,1 - Restaurant,-78.64443555,35.78101266,M,Not Provided
838,04092016952,MILANO PIZZA,186 WAKELON ST ,,ZEBULON,NC,27597-2403,(919) 269-4488,1434085200000,1 - Restaurant,-78.31858232,35.83228581,M,Not Provided
839,04092016956,CITY BARBEQUE #27,110 CABELA DR ,,GARNER,NC,27529,(919) 258-2009,1434085200000,1 - Restaurant,-78.58356058,35.69798885,M,Not Provided
840,04092016950,JUICEKEYS,5011-B FALLS OF NEUSE RD ,,RALEIGH,NC,27609,(984) 500-0078,1433998800000,1 - Restaurant,-78.61557639,35.84978224,M,Not Provided
841,04092016962,CHANTICLEER CAFE   BAKERY,6490 TRYON RD ,,CARY,NC,27518,(919) 781-4810,1434949200000,1 - Restaurant,-78.76236786,35.74415868,M,Not Provided
842,04092016964,SUBWAY #42484,3429 N MAIN ST ,,FUQUAY-VARINA,NC,27526,(919) 762-0521,1434603600000,1 - Restaurant,-78.72590996,35.6251507,M,Not Provided
843,04092016961,TOWNPLACE SUITES CARY/WESTON PKWY.,120 SAGE COMMONS WAY ,,CARY,NC,27513,(919) 678-0005,1435122000000,1 - Restaurant,-78.80567601,35.82777691,M,Not Provided
844,04092016976,MCDONALDS #28653,1409 N MAIN ST ,,FUQUAY-VARINA,NC,27526,(919) 552-3190,1436850000000,1 - Restaurant,-78.77166402,35.59372439,M,Not Provided
845,04092016969,JOYCE AND FAMILY RESTAURANT,129 N MAIN ST ,,FUQUAY-VARINA,NC,27526,(919) 567-1717,1436245200000,1 - Restaurant,-78.8005676,35.58597421,M,Not Provided
846,04092016965,RESIDENCE INN/COURTYARD BY MARRIOTT FOOD SERVICE,10600 LITTLE BRIER CREEK LN ,,RALEIGH,NC,27617,(919) 472-1000,1434603600000,1 - Restaurant,-78.79032466,35.91660723,M,Not Provided
847,04092016968,SULTAN'S DELI,1459 BEAVER CREEK COMMONS DR ,,APEX,NC,27502,(919) 367-6007,1438318800000,1 - Restaurant,-78.88353507,35.74506886,M,Not Provided
848,04092016981,NEUSE RIVER BREWING COMPANY,518-100 PERSHING RD ,,RALEIGH,NC,27608,(985) 232-8479,1437541200000,1 - Restaurant,-78.63276831,35.80415325,M,Not Provided
849,04092016977,MCDONALDS #32242,7100 GB ALFORD HWY ,,HOLLY SPRINGS,NC,27540,(919) 552-4071,1436850000000,1 - Restaurant,-78.83107876,35.63624795,M,Not Provided
850,04092016985,MCDONALD'S #12293,3424 POOLE RD ,,RALEIGH,NC,27610,(919) 250-0072,1437109200000,1 - Restaurant,-78.578215,35.76749617,M,Not Provided
851,04092016984,RALEIGH BEER GARDEN,614 GLENWOOD AVE ,,RALEIGH,NC,27603,(984) 232-8074,1436936400000,1 - Restaurant,-78.64672339,35.7880515,M,Not Provided
852,04092016987,CARLIE C'S DELI #810,506 W GANNON AVE ,,ZEBULON,NC,27579,(919) 269-4111,1437714000000,1 - Restaurant,-78.32472591,35.8213969,M,Not Provided
853,04092016990,CAROLINA ALE HOUSE,400 CONSERVATION RD ,,GARNER,NC,27529,(919) 772-2646,1437022800000,1 - Restaurant,-78.58112499,35.69648535,M,Not Provided
854,04092016991,PIEZANO PIZZA,252 SOUTHTOWN CIR ,,ROLESVILLE,NC,27571,(919) 554-8881,1438837200000,1 - Restaurant,-78.47039393,35.91648281,M,Not Provided
855,04092016986,BIG ED'S NORTH,5009 FALLS OF NEUSE RD ,,RALEIGH,NC,27609,(919) 747-9533,1437022800000,1 - Restaurant,-78.61557639,35.84978224,M,Not Provided
856,04092016998,KABABISH CAFE,201 W CHATHAM ST ,SUITE 103,CARY,NC,27519,(919) 377-8794,1438750800000,1 - Restaurant,-78.78389959,35.78664776,M,Not Provided
857,04092016999,BAWARCHI,9601 CHAPEL HILL RD ,,MORRISVILLE,NC,27560,(919) 439-7070,1438146000000,1 - Restaurant,-78.81065625,35.80602375,M,Not Provided
858,04092016996,DICED GOURMET SALADS AND WRAPS,1377 KILDAIRE FARM RD,,CARY,NC,27511,(919) 234-0785,1439269200000,1 - Restaurant,-78.78193785,35.75976468,M,Not Provided
859,04092017000,THE GARDEN GRILLE   BAR BY HILTON,3912 ARROW DR ,,RALEIGH,NC,27612,(919) 703-2525,1438059600000,1 - Restaurant,-78.67330245,35.83540932,M,Not Provided
860,04092017003,LA CARRETA,1028-220 OBERLIN RD ,,RALEIGH,NC,27605,(919) 977-3271,1439528400000,1 - Restaurant,-78.65844846,35.79783425,M,Not Provided
861,04092017016,KRAFTY'S PIZZA PUB,1177 TIMBER DR E ,,GARNER,NC,27529,(919) 329-8000,1441256400000,1 - Restaurant,-78.57544624,35.68894411,M,Not Provided
862,04092017012,CAROLINA SUSHI   ROLL,5951-107 POYNER VILLAGE PKY ,,RALEIGH,NC,27616,(919) 981-5835,1440738000000,1 - Restaurant,-78.56916558,35.86464073,M,Not Provided
863,04092017001,NI ASIAN KITCHEN,8817 SIX FORKS RD ,,RALEIGH,NC,27615,(919) 916-5106,1438059600000,1 - Restaurant,-78.65461063,35.89932731,M,Not Provided
864,04092017018,FOOD LION #1338 DELI,620 LAURA DUNCAN RD ,,APEX,NC,27502,(919) 362-3904,1441083600000,1 - Restaurant,-78.84201291,35.73510393,M,Not Provided
865,04092017023,MI RANCHO MEXICAN RESTAURANT,2549 S SAUNDERS ST ,,RALEIGH,NC,27603,(919) 836-0807,1442379600000,1 - Restaurant,-78.64827489,35.74908293,M,Not Provided
866,04092017027,CAPITAL OAKS CULINARY   DINING SERVICES,6498 RAY RD ,,RALEIGH,NC,27613,(919) 784-0099,1442466000000,1 - Restaurant,-78.69653237,35.86810758,M,Not Provided
867,04092017026,N. C. BAGEL CAFE   DELI,3108 GRACE PARK DR ,,MORRISVILLE,NC,27560,(919) 469-2777,1450501200000,1 - Restaurant,-78.84652233,35.821117,M,Not Provided
868,04092017017,PANDA GARDEN,1440-103 BROGDEN WOODS DR ,,WAKE FOREST,NC,28587,(919) 848-5883,1441342800000,1 - Restaurant,-78.69147587,35.99120972,M,Not Provided
869,04092017033,LONGHORN 5556,300 CONSERVATION RD ,,GARNER,NC,27529,(919) 772-7707,1442466000000,1 - Restaurant,-78.58232308,35.69664811,M,Not Provided
870,04092017032,LOS TRES MAGUEYES,995 AIRPORT BLVD ,,MORRISVILLE,NC,27560,(919) 465-0217,1442898000000,1 - Restaurant,-78.82030966,35.85954674,M,Not Provided
871,04092017035,NINA'S RISTORANTE,8801 LEADMINE RD ,,RALEIGH,NC,27615-2722,(919) 845-1122,1444021200000,1 - Restaurant,-78.65724712,35.9051959,M,Not Provided
872,04092017030,CHIPOTLE 2485,204 CROSSROADS BLVD ,SUITE 212,CARY,NC,27518,(919) 233-8242,1442206800000,1 - Restaurant,-78.74109703,35.76025118,M,Not Provided
873,04092017046,DOS TAQUITOS,6101 GLENWOOD AVE ,,RALEIGH,NC,27612,(919) 787-3373,1443589200000,1 - Restaurant,-78.70209786,35.85487607,M,Not Provided
874,04092017045,WAFFLE HOUSE #378,3909 HILLSBOROUGH ST ,,RALEIGH,NC,27603,(919) 833-1247,1443589200000,1 - Restaurant,-78.69054455,35.79444318,M,Not Provided
875,04092017048,FOOD LION #2196 DELI,3609 DAVIS DR ,,MORRISVILLE,NC,27560,(919) 469-4195,1444194000000,1 - Restaurant,-78.84918557,35.8221795,M,Not Provided
876,04092017039,BISTRO IN THE PARK,201 HARRISON OAKS BLVD,,CARY,NC,27513-5544,(919) 677-1840,1447304400000,1 - Restaurant,-78.77139094,35.83301608,M,Not Provided
877,04092017054,METLIFE 1 JUICE BAR,101 METLIFE WAY ,,CARY,NC,27513,(919) 907-5617,1444712400000,1 - Restaurant,-78.79975401,35.83005542,M,Not Provided
878,04092017053,CHILI'S GRILL   BAR #1566,111 GRAND HILL PL ,,HOLLY SPRINGS,NC,27540,(919) 557-7841,1444366800000,1 - Restaurant,-78.84936301,35.65966578,M,Not Provided
879,04092017049,DON JULIO MEXICAN RESTAURANT,12516-104 CAPITAL BLVD ,,WAKE FOREST,NC,27587,(984) 235-1537,1444280400000,1 - Restaurant,-78.53270457,35.98593529,M,Not Provided
880,04092017052,NOODLES   COMPANY #866,1055 BEAVER CREEK COMMONS DR ,,APEX,NC,27502,(919) 362-9153,1444366800000,1 - Restaurant,-78.87238782,35.74374594,M,Not Provided
881,04092017059,HARDEE'S #1655,1560 N BROAD ST ,,FUQUAY-VARINA,NC,27526,(919) 552-9772,1444885200000,1 - Restaurant,-78.8035376,35.60446164,M,Not Provided
882,04092017055,FOOD LION #1514 DELI,9567 CHAPEL HILL RD ,,MORRISVILLE,NC,27560,(919) 462-1542,1444712400000,1 - Restaurant,-78.81120592,35.8045755,M,Not Provided
883,04092017060,DQ GRILL   CHILL #24227,2105 TEN TEN RD ,,APEX,NC,27539,(919) 387-3809,1444971600000,1 - Restaurant,-78.819009,35.7216782,M,Not Provided
884,04092017062,A SLICE OF NY PIZZA,2316-102 HILLSBOROUGH ST ,,RALEIGH,NC,27607,(919) 838-0011,1445317200000,1 - Restaurant,-78.66664947,35.78770917,M,Not Provided
885,04092017064,ALOFT REFUEL AND WXYZ LOUNGE,2100 HILLSBOROUGH ST ,,RALEIGH,NC,27607,(919) 828-9900,1445490000000,1 - Restaurant,-78.66354397,35.78687334,M,Not Provided
886,04092017063,OISO SUSHI   KOREAN,1305 NW MAYNARD RD ,,CARY,NC,27513,(919) 665-7587,1445403600000,1 - Restaurant,-78.81100001,35.78581026,M,Not Provided
887,04092017067,IHOP #2130,7304 GB ALFORD HWY ,,HOLLY SPRINGS,NC,27540,(919) 552-8570,1446181200000,1 - Restaurant,-78.83001067,35.63485497,M,Not Provided
888,04092017089,RISE CAMERON VILLAGE,530 DANIELS ST ,,RALEIGH,NC,27605,(984) 200-6966,1447995600000,1 - Restaurant,-78.66105896,35.79148992,M,Not Provided
889,04092017086,NORTH RIDGE PUB,6010-B FALLS OF NEUSE RD ,,RALEIGH,NC,27609,(919) 981-6005,1447045200000,1 - Restaurant,-78.61874122,35.86627999,M,Not Provided
890,04092017071,PERI BROTHERS PIZZA,7321 SIX FORKS RD ,,RALEIGH,NC,27615,(919) 844-6692,1446786000000,1 - Restaurant,-78.64730313,35.88064315,M,Not Provided
891,04092017090,HONEYBAKED HAM   CAFE,14460 FALLS OF NEUSE RD ,SUITE 161,RALEIGH,NC,27614,(919) 263-1796,1447995600000,1 - Restaurant,-78.54362149,35.94386897,M,Not Provided
892,04092017092,CHICK-FIL-A #3448,7107 O'KELLY CHAPEL RD ,,CARY,NC,27519,(919) 466-9525,1447736400000,1 - Restaurant,-78.88733365,35.84522109,M,Not Provided
893,04092017094,J J CHINA,3607 DAVIS DR ,STE 114,MORRISVILLE,NC,27560,(919) 380-7168,1449464400000,1 - Restaurant,-78.84976358,35.82130617,M,Not Provided
894,04092017097,HAMPTON INN BREAKFAST,110 DREXMERE ST ,,GARNER,NC,27529,(919) 772-6500,1447995600000,1 - Restaurant,-78.64137673,35.7220281,M,Not Provided
895,04092017113,BLAZE PIZZA #1125,140 CABELA DR ,,GARNER,NC,27529,(919) 772-1021,1450242000000,1 - Restaurant,-78.58356058,35.69798885,M,Not Provided
896,04092017110,PRIMO PIZZA NY STYLE,682 CARY TOWNE BLVD ,,CARY,NC,27511,(919) 380-2729,1450242000000,1 - Restaurant,-78.76562102,35.77485801,M,Not Provided
897,04092017114,STEWART'S BISTRO,3652 ROGERS RD ,,WAKE FOREST,NC,27587,(919) 562-2233,1449810000000,1 - Restaurant,-78.50482784,35.94464405,M,Not Provided
898,04092017116,MUM'S JAMAICAN RESTAURANT,3901-101 CAPITAL BLVD ,,RALEIGH,NC,27604,(919) 615-2332,1450069200000,1 - Restaurant,-78.58517482,35.8349864,M,Not Provided
899,04092017111,BOJANGLES #51,1425 BROGDEN WOODS DR ,,WAKE FOREST,NC,27587,(919) 846-6564,1449205200000,1 - Restaurant,-78.69147587,35.99120972,M,Not Provided
900,04092017117,MY WAY TAVERN,522 ST. MARY'S ST ,,RALEIGH,NC,27605,(919) 900-8273,1449205200000,1 - Restaurant,-78.65060281,35.78716042,M,Not Provided
901,04092017124,J   S NEW YORK PIZZA,804 PERRY RD ,,APEX,NC,27502,(919) 363-0071,1451278800000,1 - Restaurant,-78.84460908,35.72084835,M,Not Provided
902,04092017127,HOLIDAY INN EXPRESS BREAKFAST,3618 NEW BERN AVE ,,RALEIGH,NC,27610,(919) 256-2800,1451970000000,1 - Restaurant,-78.57834823,35.796368,M,Not Provided
903,04092017132,WAFFLE HOUSE #2171,102 PEARCES RD ,,ZEBULON,NC,27597,(919) 404-4600,1452747600000,1 - Restaurant,-78.32387482,35.83922598,M,Not Provided
904,04092017126,SASSOOL,1347 KILDAIRE FARM RD ,,CARY,NC,27511,(919) 300-5586,1449464400000,1 - Restaurant,-78.78193785,35.75976468,M,Not Provided
905,04092017135,GOOD HARVEST,1104 LEDSOME LN ,SUITE 105,CARY,NC,27511,(919) 322-5558,1453179600000,1 - Restaurant,-78.74822919,35.76313034,M,Not Provided
906,04092017138,CIRCLE K #2723635,4402 TEN TEN RD ,,APEX,NC,27539,(919) 363-7650,1456376400000,1 - Restaurant,-78.77213694,35.69447836,M,Not Provided
907,04092017144,MOE'S #100810,8111-101 CREEDMOOR RD ,,RALEIGH,NC,27613,(919) 803-0542,1454043600000,1 - Restaurant,-78.68248846,35.8985009,M,Not Provided
908,04092017143,JUBALA COFFEE,2100-100 HILLSBOROUGH ST ,,RALEIGH,NC,27607,(919) 792-1767,1453957200000,1 - Restaurant,-78.66354397,35.78687334,M,Not Provided
909,04092017149,AJ'S FOOD MART,6204 TEN TEN RD ,,APEX,NC,27502,(919) 779-3900,1455771600000,1 - Restaurant,-78.73671029,35.67670277,M,Not Provided
910,04092017158,ARBY'S #7668,2104 S MAIN ST ,,WAKE FOREST,NC,27587,(919) 556-6724,1456462800000,1 - Restaurant,-78.53398975,35.94899005,M,Not Provided
911,04092017160,SUSHI SIAM,928 GATEWAY COMMONS CIR ,,WAKE FOREST,NC,27587,(919) 263-8241,1455858000000,1 - Restaurant,-78.49517643,35.96733271,M,Not Provided
912,04092017161,VIC'S ITALIAN RESTAURANT   PIZZERIA,4035-109 LAKE BOONE TRL ,,RALEIGH,NC,27607,(984) 200-9292,1456462800000,1 - Restaurant,-78.6970997,35.81457601,M,Not Provided
913,04092017168,BUFFALO BROTHERS GARNER,7245 WHITE OAK RD ,,GARNER,NC,27529,(919) 803-1939,1456981200000,1 - Restaurant,-78.58073891,35.68789077,M,Not Provided
914,04092017169,THE PROVINCIAL,119 N SALEM ST ,,APEX,NC,27502,(919) 372-5921,1456894800000,1 - Restaurant,-78.85138233,35.73144127,M,Not Provided
915,04092017178,RALEIGH RAW,7 W HARGETT ST ,,RALEIGH,NC,27601,(919) 400-0944,1457931600000,1 - Restaurant,-78.63958047,35.77809884,M,Not Provided
916,04092017186,STARBUCKS #25115,180 CABELA DR ,,GARNER,NC,27529,(919) 819-5059,1459227600000,1 - Restaurant,-78.58356058,35.69798885,M,Not Provided
917,04092017187,THE 19TH HOLE,1527 TRYON RD ,,RALEIGH,NC,27603,(919) 772-9987,1459486800000,1 - Restaurant,-78.66755414,35.73522176,M,Not Provided
918,04092017181,COSTCO WHOLESALE #1206 FOOD COURT,1021 PINE PLAZA DR ,,APEX,NC,27523,(919) 331-6035,1457931600000,1 - Restaurant,-78.82726692,35.74641768,M,Not Provided
919,04092017192,STARBUCKS #19453,185 GRAND HILL PL ,,HOLLY SPRINGS,NC,27540,(919) 557-3246,1459832400000,1 - Restaurant,-78.84941991,35.66264621,M,Not Provided
920,04092017205,LOWES FOODS #185 DELI,1845 AVERSBORO RD ,,GARNER,NC,27529,(919) 779-9907,1433480400000,1 - Restaurant,-78.61583865,35.68506427,M,Not Provided
921,04092017212,SUBWAY #1119,3130 INTEGRITY DR ,,GARNER,NC,27529,(919) 200-6863,1461906000000,1 - Restaurant,-78.5817004,35.7261596,M,Not Provided
922,04092017203,CHUY'S #72,1035 PARKSIDE MAIN ST ,,CARY,NC,27519,(919) 388-7453,1460437200000,1 - Restaurant,-78.88869181,35.84658691,M,Not Provided
923,04092017204,THE HICKORY TAVERN #26,1156 PARKSIDE MAIN ST ,,CARY,NC,27519,(919) 466-7802,1460437200000,1 - Restaurant,-78.88929615,35.84835999,M,Not Provided
924,04092017213,PANERA BREAD #1869,15 CABELA DR ,,GARNER,NC,27529,(919) 334-5762,1461128400000,1 - Restaurant,-78.58702125,35.69767385,M,Not Provided
925,04092017214,HIMALAYAN RANGE,910 NE MAYNARD RD ,,CARY,NC,27513,(919) 378-9886,1460523600000,1 - Restaurant,-78.76838418,35.80043542,M,Not Provided
926,04092017216,SHEETZ #598,1885 N BROAD ST ,,FUQUAY-VARINA,NC,27526,(919) 567-1333,1461301200000,1 - Restaurant,-78.80807893,35.61019279,M,Not Provided
927,04092017217,THE MASON JAR TAVERN,305 S MAIN ST ,,FUQUAY-VARINA,NC,27526,(919) 762-5555,1461819600000,1 - Restaurant,-78.79935735,35.58164505,M,Not Provided
928,04092017215,PENG'S ASIAN CUISINE,108-A FACTORY SHOPS RD ,,MORRISVILLE,NC,27560,(919) 678-5313,1461301200000,1 - Restaurant,-78.81829034,35.86238182,M,Not Provided
929,04092017223,EGGS UP GRILL #17,1436 N MAIN ST ,,FUQUAY-VARINA,NC,27526,(919) 285-4463,1462856400000,1 - Restaurant,-78.77067061,35.5926073,M,Not Provided
930,04092017229,CAFE SAGE @HOLIDAY INN CARY,5630 DILLARD DR ,,CARY,NC,27518,(919) 851-1220,1464238800000,1 - Restaurant,-78.73628645,35.75553527,M,Not Provided
931,04092017224,PHO XPRESS,7841-130 ALEXANDER PROMENADE PL ,,RALEIGH,NC,27617,(919) 400-4100,1462424400000,1 - Restaurant,-78.77695584,35.91424048,M,Not Provided
932,04092017233,ALOFT RDU REFUEL,10020 SELLONA ST ,,RALEIGH,NC,27617,(919) 957-8523,1464238800000,1 - Restaurant,-78.80779441,35.89559324,M,Not Provided
933,04092017232,TAZZA KITCHEN - SCV,600 LEDGESTONE WAY ,,CARY,NC,27519,(919) 651-8281,1462856400000,1 - Restaurant,-78.84859333,35.79156092,M,Not Provided
934,04092017243,TENKO JAPAN,280 MEETING ST ,#103,CARY,NC,27518,(984) 200-0569,1466139600000,1 - Restaurant,-78.74478994,35.75665901,M,Not Provided
935,04092017241,TACOS ESTILO HIDALGO,748 E CHATHAM ST ,STE B,CARY,NC,27511,(919) 465-1435,1465966800000,1 - Restaurant,-78.76514284,35.79157176,M,Not Provided
936,04092017244,WHISKEY KITCHEN,201 W MARTIN ST ,,RALEIGH,NC,27601,(919) 803-3181,1466139600000,1 - Restaurant,-78.64215198,35.77671251,M,Not Provided
937,04092017250,MIKE'S PIZZA   ITALIAN RESTAURANT,3919 NEW BERN AVE ,,RALEIGH,NC,27610,(919) 250-0700,1467176400000,1 - Restaurant,-78.57014675,35.800455,M,Not Provided
938,04092017246,GREEK BASMA,7272 GB ALFORD HWY ,,HOLLY SPRINGS,NC,27540,(919) 285-0808,1466744400000,1 - Restaurant,-78.83292633,35.63499737,M,Not Provided
939,04092017248,CELLAR 55,1351 E BROAD ST ,,FUQUAY-VARINA,NC,27526,(919) 446-1156,1465966800000,1 - Restaurant,-78.77604627,35.59548797,M,Not Provided
940,04092017252,WINGS OVER RALEIGH,2900-100 HILLSBOROUGH ST ,,RALEIGH,NC,27607,(919) 546-9111,1467176400000,1 - Restaurant,-78.67526563,35.78961876,M,Not Provided
941,04092017255,SONIC DRIVE-IN #4349,4648 ATLANTIC AVE ,,RALEIGH,NC,27604,(919) 876-5185,1467867600000,1 - Restaurant,-78.60126281,35.84763241,M,Not Provided
942,04092017259,STARBUCKS # 26652,212 HINTON OAKS BLVD ,,KNIGHTDALE,NC,27545,(919) 801-5181,1468904400000,1 - Restaurant,-78.51259235,35.79763599,M,Not Provided
943,04092017257,BRIGS AT THE FOREST,12338 WAKE UNION CHURCH RD ,,WAKE FOREST,NC,27587,(919) 556-8422,1468299600000,1 - Restaurant,-78.54195266,35.98159662,M,Not Provided
944,04092017254,THE CAPITAL GRILLE,4242 SIX FORKS RD ,,RALEIGH,NC,27609,(919) 787-3901,1469595600000,1 - Restaurant,-78.64071606,35.83798332,M,Not Provided
945,04092017274,HARRIS TEETER #43 STARBUCKS,3638 ROGERS RD ,,WAKE FOREST,NC,27587,(919) 562-9521,1466744400000,1 - Restaurant,-78.50482784,35.94464405,M,Not Provided
946,04092017275,SHEETZ #600,1019 MORRISVILLE PKY ,,MORRISVILLE,NC,27560,(919) 388-0394,1467867600000,1 - Restaurant,-78.82183184,35.80911142,M,Not Provided
947,04092017276,TASTE VIETNAMESE CUISINE,152 MORRISVILLE SQUARE WAY ,,MORRISVILLE,NC,27560,(919) 234-6385,1470286800000,1 - Restaurant,-78.82897767,35.819515,M,Not Provided
948,04092017285,SZECHUAN GARDEN MORRISVILLE,10285 CHAPEL HILL  RD ,STE 300,MORRISVILLE,NC,27560,(919) 468-6878,1471323600000,1 - Restaurant,-78.82787824,35.83012817,M,Not Provided
949,04092017287,HARRIS TEETER #112 STARBUCKS,270 GRANDE HEIGHTS DR ,,CARY,NC,27513,(919) 460-4326,1471237200000,1 - Restaurant,-78.78059125,35.80471168,M,Not Provided
950,04092017290,SAN MARCOS,5300 HOMEWOOD BANKS DR ,,RALEIGH,NC,27612,(919) 803-4393,1470114000000,1 - Restaurant,-78.67982913,35.83702133,M,Not Provided
951,04092017301,ESMERALDA GRILL,748 E CHATHAM ST ,SUITE J,CARY,NC,27511,(919) 377-2455,1472187600000,1 - Restaurant,-78.76514284,35.79157176,M,Not Provided
952,04092017303,SHEETZ #607,40 CABELA DR ,,GARNER,NC,27529,(919) 662-1390,1471323600000,1 - Restaurant,-78.58532117,35.69803519,M,Not Provided
953,04092017302,WOLVES DEN,1060 WILLIAM MOORE DR ,,RALEIGH,NC,27606,(919) 513-6432,1470978000000,1 - Restaurant,-78.7004872,35.79771733,M,Not Provided
954,04092017312,BA-DA WINGS,6300-108 CREEDMOOR RD ,,RALEIGH,NC,27612,(919) 322-1418,1473397200000,1 - Restaurant,-78.67834695,35.87186823,M,Not Provided
955,04092017309,BOTTLEDOG BITES   BREWS,8306 CHAPEL HILL RD ,,CARY,NC,27513,(919) 390-1617,1473310800000,1 - Restaurant,-78.77617019,35.79224525,M,Not Provided
956,04092017313,STARBUCKS #8589,4325-2119 GLENWOOD AVE ,,RALEIGH,NC,27612,(919) 788-0656,1473397200000,1 - Restaurant,-78.67900996,35.83931725,M,Not Provided
957,04092017317,SAMS' CLUB #6976 CAFE,11460 ROYAL COTTON RD ,,WAKE FOREST,NC,27587,(919) 263-6134,1472187600000,1 - Restaurant,-78.53862825,35.9567568,M,Not Provided
958,04092017318,FREDDY'S FROZEN CUSTARD   STEAKBURGERS #3207,221 GRAND HILL PL ,,HOLLY SPRINGS,NC,27540,(919) 557-3421,1473310800000,1 - Restaurant,-78.84528184,35.66458162,M,Not Provided
959,04092017319,PUBLIX #1514 DELI,1030 FORESTVILLE RD ,,WAKE FOREST,NC,27587,(919) 556-6671,1472533200000,1 - Restaurant,-78.50759601,35.94610971,M,Not Provided
960,04092017320,BJ'S RESTAURANT,5707 DILLARD DR ,,CARY,NC,27518,(919) 710-8170,1473656400000,1 - Restaurant,-78.74368928,35.75540943,M,Not Provided
961,04092017314,CLEAN EATZ,7461 SIX FORKS RD ,,RALEIGH,NC,27615,(919) 748-3770,1473397200000,1 - Restaurant,-78.64730313,35.88064315,M,Not Provided
962,04092017327,CHIPOTLE  #2822,1081 PINE PLAZA DR ,,APEX,NC,27502,(919) 362-5435,1474347600000,1 - Restaurant,-78.82939058,35.74657144,M,Not Provided
963,04092017333,AMC HOLLY SPRINGS 9,320 GRAND HILL PL ,,HOLLY SPRINGS,NC,27540,(919) 285-0580,1475125200000,1 - Restaurant,-78.84365533,35.66712728,M,Not Provided
964,04092017330,GALAXY FUN PARK,14460 FALLS OF NEUSE RD ,,RALEIGH,NC,27614,(919) 584-4000,1474261200000,1 - Restaurant,-78.54362149,35.94386897,M,Not Provided
965,04092017340,BURGER KING #1094,6300 CAPITAL BLVD ,,RALEIGH,NC,27616-3048,(919) 872-6307,1476680400000,1 - Restaurant,-78.5796679,35.8709239,M,Not Provided
966,04092017342,BURGER KING #1093,3000 CAPITAL BLVD ,,RALEIGH,NC,27604-3334,(919) 872-6291,1476766800000,1 - Restaurant,-78.59202873,35.82022691,M,Not Provided
967,04092017335,NEW CHINA CHEF,1769 W WILLIAMS ST ,,APEX,NC,27523-9315,(919) 363-8885,1475557200000,1 - Restaurant,-78.87770732,35.75964659,M,Not Provided
968,04092017440,LENOVO CENTER CLUB 220-B,1400 EDWARDS MILL RD ,,RALEIGH,NC,27607,(919) 861-2300,1475038800000,1 - Restaurant,-78.72293853,35.80324451,M,Not Provided
969,04092017343,CLARION POINTE WAKE FOREST FOOD SERVICE,12401 WAKE UNION CHURCH RD ,,WAKE FOREST,NC,27587,(919) 556-4007,1476939600000,1 - Restaurant,-78.53961833,35.98418929,M,Not Provided
970,04092017441,LENOVO CENTER CLUB 204-B,1400 EDWARDS MILL RD ,,RALEIGH,NC,27607,(919) 861-2300,1475038800000,1 - Restaurant,-78.72293853,35.80324451,M,Not Provided
971,04092017443,LENOVO CENTER CLUB 220-A,1400 EDWARDS MILL RD ,,RALEIGH,NC,27607,(919) 861-2300,1475038800000,1 - Restaurant,-78.72293853,35.80324451,M,Not Provided
972,04092017447,HYDERABAD HOUSE BIRYANI PLACE,3735 DAVIS  DR ,STE 105,MORRISVILLE,NC,27560,(919) 924-0503,1477976400000,1 - Restaurant,-78.85587816,35.83375434,M,Not Provided
973,04092017452,BLAZE PIZZA #1193,316 GRAND HILL PL ,,HOLLY SPRINGS,NC,27540,(919) 557-4990,1478235600000,1 - Restaurant,-78.84365533,35.66712728,M,Not Provided
974,04092017453,CRAWFORD AND SON,618 N PERSON ST ,,RALEIGH,NC,27604,(919) 307-4647,1477976400000,1 - Restaurant,-78.63406305,35.78882667,M,Not Provided
975,04092017445,METRO DINER #3002,6325-73 FALLS OF NEUSE RD ,,RALEIGH,NC,27615,(919) 578-9053,1475211600000,1 - Restaurant,-78.62251588,35.86923291,M,Not Provided
976,04092017457,BABA GHANNOUJ,2468 WALNUT ST ,,CARY,NC,27518,(919) 233-0907,1479186000000,1 - Restaurant,-78.74427037,35.75323194,M,Not Provided
977,04092017461,AMORINO GELATO,137 E DAVIE ST ,,RALEIGH,NC,27601,(919) 239-4411,1479186000000,1 - Restaurant,-78.6375318,35.77583968,M,Not Provided
978,04092017466,POPEYES #12346,7120 KNIGHTDALE BLVD ,,KNIGHTDALE,NC,27545,(919) 295-5757,1480395600000,1 - Restaurant,-78.49002028,35.79779841,M,Not Provided
979,04092017469,TARGET CAFE #2721,3001 MARKET CENTER DR ,,MORRISVILLE,NC,27560,(919) 379-2180,1480654800000,1 - Restaurant,-78.81583709,35.80562042,M,Not Provided
980,04092017470,HARRIS TEETER #118 STARBUCKS,5277 SUNSET LAKE RD ,,HOLLY SPRINGS,NC,27540,(919) 363-3059,1480654800000,1 - Restaurant,-78.79652369,35.66679612,M,Not Provided
981,04092017476,G-58 CUISINE,10958 CHAPEL HILL RD ,,MORRISVILLE,NC,27560,(919) 466-8858,1481778000000,1 - Restaurant,-78.84202716,35.85633474,M,Not Provided
982,04092017484,CHOPT,420 DANIELS ST ,,RALEIGH,NC,27605,(919) 670-2333,1481173200000,1 - Restaurant,-78.6602578,35.78996917,M,Not Provided
983,04092017482,SAKURA 8,2634 TIMBER DR ,,GARNER,NC,27529,(984) 233-5100,1479877200000,1 - Restaurant,-78.63679232,35.71605085,M,Not Provided
984,04092017483,ZAXBY'S #60701,20 EAGLE WING WAY ,,GARNER,NC,27529,(919) 773-0061,1480309200000,1 - Restaurant,-78.58765158,35.69781777,M,Not Provided
985,04092017485,CITY MARKET SUSHI,315 BLAKE ST ,,RALEIGH,NC,27601,(919) 322-1987,1480568400000,1 - Restaurant,-78.6356103,35.77622718,M,Not Provided
986,04092017488,MI CANCUN,324 GRAND HILL PL ,,HOLLY SPRINGS,NC,27540,(919) 552-9979,1481691600000,1 - Restaurant,-78.84365533,35.66712728,M,Not Provided
987,04092017487,JOHNNY'S PIZZA,96 CORNERSTONE DR ,,CARY,NC,27519,(919) 460-5566,1480654800000,1 - Restaurant,-78.85232883,35.79108618,M,Not Provided
988,04092017489,J. ALEXANDER'S,4600 CRABTREE VALLEY AVE ,,RALEIGH,NC,27612,(984) 200-4493,1481086800000,1 - Restaurant,-78.68450362,35.84046674,M,Not Provided
989,04092017492,VIDRIO,500 GLENWOOD AVE ,SUITE 100,RALEIGH,NC,27603,(919) 803-6033,1481864400000,1 - Restaurant,-78.64701822,35.78656583,M,Not Provided
990,04092017490,JASMIN OLIVZ MEDITERRANEAN,9934 CHAPEL HILL RD ,,CARY,NC,27513,(919) 234-6900,1482123600000,1 - Restaurant,-78.820634,35.81480892,M,Not Provided
991,04092017496,WAFFLE HOUSE #2220,3400 OLYMPIA DR ,,RALEIGH,NC,27603,(919) 480-5212,1482987600000,1 - Restaurant,-78.65165973,35.73409567,M,Not Provided
992,04092017512,JOY LUCK CLUB OF GRAND ASIA MARKET,1253 BUCK JONES RD ,,RALEIGH,NC,27606,(919) 468-2988,1487739600000,1 - Restaurant,-78.74067395,35.76583135,M,Not Provided
993,04092017507,COCINA MEXICANA LA PENA DE HOREB,2125 TEN TEN RD ,,APEX,NC,27539,,1485493200000,1 - Restaurant,-78.81811359,35.72082295,M,Not Provided
994,04092017501,ACACIA TREE ASIAN CUISINE,101 KEYBRIDGE DR ,STE100,MORRISVILLE,NC,27560,(919) 677-1190,1484629200000,1 - Restaurant,-78.8227355,35.82037975,M,Not Provided
995,04092017516,PANERA BREAD #1938,11665 NORTHPARK DR ,,WAKE FOREST,NC,27587,(919) 263-6176,1485838800000,1 - Restaurant,-78.54382882,35.96466721,M,Not Provided
996,04092017519,DICED GOURMET SALADS   WRAPS #2,1028 OBERLIN RD ,SUITE 234,RALEIGH,NC,27605,(919) 307-3613,1485493200000,1 - Restaurant,-78.65844846,35.79783425,M,Not Provided
997,04092017517,GUASACA AREPA   SALSA GRILL,9918 CHAPEL HILL RD ,SUITE 103,CARY,NC,27513,(919) 377-8223,1485838800000,1 - Restaurant,-78.820634,35.81480892,M,Not Provided
998,04092017523,SHEETZ #620,7513 RAMBLE WAY ,,RALEIGH,NC,27616,(919) 239-4746,1486616400000,1 - Restaurant,-78.53896075,35.87590106,M,Not Provided
999,04092017521,MCDONALDS #13159,1725 NEW HOPE CHURCH RD,,RALEIGH,NC,27609,(919) 713-0903,1487739600000,1 - Restaurant,-78.60826682,35.83722866,M,Not Provided
1000,04092017526,TACO BELL #32555,8470 LOUISBURG RD ,,RALEIGH,NC,27616,(919) 703-0259,1487307600000,1 - Restaurant,-78.50931118,35.89359506,M,Not Provided
1001,04092017524,RUDINO'S PIZZA   GRINDERS HERITAGE,1000 FORESTVILLE RD.,SUITE 124,WAKE FOREST,NC,27587,(919) 569-6004,1487221200000,1 - Restaurant,-78.50759601,35.94610971,M,Not Provided
1002,04092017477,HARRIS TEETER #283 STARBUCKS,8101 FAYETTEVILLE RD ,,FUQUAY-VARINA,NC,27526,(919) 772-0241,1481259600000,1 - Restaurant,-78.70124301,35.66364619,M,Not Provided
1003,04092017529,MCDONALDS #30839,4431 NEW BERN AVE ,,RALEIGH,NC,27610,(919) 231-3242,1488430800000,1 - Restaurant,-78.56000658,35.80046199,M,Not Provided
1004,04092017528,KATHMANDU KITCHEN,1275 NW MAYNARD RD ,,CARY,NC,27513,(919) 535-3026,1488344400000,1 - Restaurant,-78.81100001,35.78581026,M,Not Provided
1005,04092017531,MAR-Y-SOL,4020 CAPITAL BLVD ,SUITE 108,RALEIGH,NC,27604,(919) 431-0505,1488776400000,1 - Restaurant,-78.5796759,35.83550882,M,Not Provided
1006,04092017536,MCDONALDS #29233 BRIER CREEK WALMART,10050 GLENWOOD AVE ,,RALEIGH,NC,27617,(919) 957-8404,1489381200000,1 - Restaurant,-78.77801283,35.91234265,M,Not Provided
1007,04092017534,YUMMY HIBACHI,7110 KNIGHTDALE BLVD ,,KNIGHTDALE,NC,27545,(919) 373-0325,1489035600000,1 - Restaurant,-78.48999269,35.79638583,M,Not Provided
1008,04092017541,RISE BISCUITS   DONUTS,169 GRAND HILL PL ,,HOLLY SPRINGS,NC,27540,(919) 586-7343,1488517200000,1 - Restaurant,-78.84941991,35.66264621,M,Not Provided
1009,04092017538,FAULISI CAFFE AND ENOTECA,215 E CHATHAM ST ,SUITE 101,CARY,NC,27511,(919) 377-8244,1487653200000,1 - Restaurant,-78.77734267,35.78786217,M,Not Provided
1010,04092017543,KARDIA,4420 LAKE BOONE TRL ,,RALEIGH,NC,27607,,1487739600000,1 - Restaurant,-78.70241812,35.81817357,M,Not Provided
1011,04092017542,AMERICAN DELI,1601-11 CROSS LINK RD ,,RALEIGH,NC,27610,(919) 516-5111,1488344400000,1 - Restaurant,-78.6148089,35.7548246,M,Not Provided
1012,04092017545,BREWERY BHAVANA,218 S BLOUNT ST ,,RALEIGH,NC,27601,(919) 829-9998,1488776400000,1 - Restaurant,-78.63692223,35.77740551,M,Not Provided
1013,04092017546,ABBEY ROAD TAVERN   GRILL APEX,1700 CENTER ST ,,APEX,NC,27502,(919) 372-5383,1488949200000,1 - Restaurant,-78.82753575,35.72521503,M,Not Provided
1014,04092017547,POTBELLY SANDWICH SHOP,9662 CHAPEL HILL RD ,SUITE 120,MORRISVILLE,NC,27560,(919) 377-1058,1489035600000,1 - Restaurant,-78.81492334,35.8087155,M,Not Provided
1015,04092017552,STARBUCKS #29679,2815 ROGERS RD ,SUITE 100,WAKE FOREST,NC,27587,(919) 971-0664,1488517200000,1 - Restaurant,-78.52502308,35.95329289,M,Not Provided
1016,04092017551,"RUCKUS PIZZA, PASTA   SPIRITS APEX",1055 PINE PLAZA DR ,,APEX,NC,27523,(919) 446-6333,1489381200000,1 - Restaurant,-78.82904884,35.74743561,M,Not Provided
1017,04092017554,KIWI CAFE AND SMOOTHIES,11211 GALLERIA AVE ,UNIT 103,RALEIGH,NC,27614,(919) 570-5001,1489554000000,1 - Restaurant,-78.54331275,35.94865663,M,Not Provided
1018,04092017555,NEW CHINA EXPRESS,3501 CAPITAL BLVD ,STE 129,RALEIGH,NC,27604-3366,(919) 878-9288,1489640400000,1 - Restaurant,-78.58692931,35.82783317,M,Not Provided
1019,04092017563,SIR WALTER COFFEE,145 E DAVIE ST ,,RALEIGH,NC,27601,(919) 322-0019,1490850000000,1 - Restaurant,-78.6375318,35.77583968,M,Not Provided
1020,04092017558,BURGER KING #8018,313 COLONADES WAY ,,CARY,NC,27511,(919) 233-8681,1490072400000,1 - Restaurant,-78.77901268,35.73967601,M,Not Provided
1021,04092017566,SEASONS 52 #4547,4325-2100 GLENWOOD AVE ,,RALEIGH,NC,27612,(919) 787-3052,1490245200000,1 - Restaurant,-78.67900996,35.83931725,M,Not Provided
1022,04092017571,PENN STATION #320,700 CARY TOWNE BLVD ,,CARY,NC,27511,(919) 234-1342,1492405200000,1 - Restaurant,-78.76562102,35.77485801,M,Not Provided
1023,04092017567,CITY BARBEQUE #43,9424 FALLS OF NEUSE RD ,,RALEIGH,NC,27615,(919) 847-4306,1490072400000,1 - Restaurant,-78.60287339,35.90144197,M,Not Provided
1024,04092017572,PENN STATION #251,1013 MARKET CENTER DR ,,MORRISVILLE,NC,27560,(919) 388-3368,1492578000000,1 - Restaurant,-78.81676084,35.80454792,M,Not Provided
1025,04092017569,CHIPOTLE #2950,69 EAGLE WING WAY ,,GARNER,NC,27529,(919) 662-1439,1489035600000,1 - Restaurant,-78.58467687,35.69772152,M,Not Provided
1026,04092017575,CHINA STAR,6109-110 ROCK QUARRY RD ,,RALEIGH,NC,27610,(919) 977-4678,1492664400000,1 - Restaurant,-78.54853184,35.72427852,M,Not Provided
1027,04092017576,MCDONALDS #1044,703 W PEACE ST ,,RALEIGH,NC,27605,(919) 833-9875,1492750800000,1 - Restaurant,-78.64914873,35.78827767,M,Not Provided
1028,04092017577,ST. ROCH,223 S WILMINGTON ST ,,RALEIGH,NC,27601,(919) 322-0359,1492664400000,1 - Restaurant,-78.63794415,35.77751166,M,Not Provided
1029,04092017578,SOUTHERN CRAFT SANDWICHES,8460-116 HONEYCUTT RD ,,RALEIGH,NC,27615,(919) 239-4087,1492491600000,1 - Restaurant,-78.62166264,35.89510631,M,Not Provided
1030,04092017579,CHIPOTLE #3024,1385 N MAIN ST ,SUITE 120,FUQUAY-VARINA,NC,27526,(919) 567-0206,1492491600000,1 - Restaurant,-78.77436352,35.59278889,M,Not Provided
1031,04092017584,IPHO SUSHI KITCHEN   BAR,4001 WIDEWATERS PKY ,H,KNIGHTDALE,NC,27545,(919) 266-8099,1491282000000,1 - Restaurant,-78.5051576,35.79511649,M,Not Provided
1032,04092017582,HICKORY TAVERN #29,401 VILLAGE WALK DR ,,HOLLY SPRINGS,NC,27540,(919) 557-2064,1492405200000,1 - Restaurant,-78.83773926,35.64081288,M,Not Provided
1033,04092017585,MCALISTER'S DELI #100958,1061 PINE PLAZA DR ,,APEX,NC,27523,(919) 362-6518,1493269200000,1 - Restaurant,-78.82939058,35.74657144,M,Not Provided
1034,04092017502,THE CARDINAL AT NORTH HILLS INDEPENDENT LIVING CLU,4030 CARDINAL AT NORTH HILLS ST ,,RALEIGH,NC,27609,(984) 204-8444,1484110800000,1 - Restaurant,-78.63634089,35.83591391,T,Not Provided
1035,04092017598,MCALISTERS DELI #100956,5505-104 CAPITAL BLVD ,,RALEIGH,NC,27616,(919) 900-7846,1494565200000,1 - Restaurant,-78.58265898,35.86064464,M,Not Provided
1036,04092017603,LA SANTA,222-107 GLENWOOD AVE ,,RALEIGH,NC,27603,(919) 720-4096,1493355600000,1 - Restaurant,-78.64697296,35.78363334,M,Not Provided
1037,04092017593,SUBWAY #5168,5410 SIX FORKS RD,,RALEIGH,NC,27609,(919) 870-1782,1493874000000,1 - Restaurant,-78.64059755,35.85499399,M,Not Provided
1038,04092017606,FAIRFIELD INN   SUTIES RALEIGH CARY,1120 LEDSOME LN ,,CARY,NC,27511,(919) 301-8467,1493614800000,1 - Restaurant,-78.74854727,35.76241093,M,Not Provided
1039,04092017608,MARISCOS NAYARIT,3351 CYPRESS PLANTATION TRL ,,RALEIGH,NC,27616,(919) 977-0168,1495515600000,1 - Restaurant,-78.5823769,35.87315531,M,Not Provided
1040,04092017613,GONZA TACOS Y TEQUILA,525 NEW WAVERLY PL ,SUITE 104,CARY,NC,27518,(919) 653-7310,1493701200000,1 - Restaurant,-78.77756452,35.73853427,M,Not Provided
1041,04092017618,CUYA COCINA,413-100 GLENWOOD AVE ,,RALEIGH,NC,27603,(919) 342-8227,1495429200000,1 - Restaurant,-78.64778556,35.78555892,M,Not Provided
1042,04092017616,BAD DADDY'S BURGER BAR,9402-103 FALLS OF NEUSE RD ,,RALEIGH,NC,27615,(984) 233-5880,1494565200000,1 - Restaurant,-78.60287339,35.90144197,M,Not Provided
1043,04092017619,STARBUCKS #29148,1101 PINE PLAZA DR ,,APEX,NC,27523,(919) 338-3360,1496898000000,1 - Restaurant,-78.83026409,35.74675893,M,Not Provided
1044,04092017623,PRO'S EPICUREAN MARKET   CAFE,211 E CHATHAM ST ,,CARY,NC,27511,(919) 377-1788,1497934800000,1 - Restaurant,-78.77801935,35.78798892,M,Not Provided
1045,04092017626,NO. 1 PHO,5025 ARCO ST ,,CARY,NC,27519,(919) 297-2975,1496293200000,1 - Restaurant,-78.88191823,35.83348308,M,Not Provided
1046,04092017601,WINGATE BY WYNDHAM,6115 CORPORATE RIDGE RD ,,RALEIGH,NC,27607,(919) 809-8660,1493787600000,1 - Restaurant,-78.74356085,35.78961018,M,Not Provided
1047,04092017625,PARKSIDE INDIAN GRILL,1116 PARKSIDE MAIN ST ,,CARY,NC,27519,(919) 378-1819,1496120400000,1 - Restaurant,-78.88929615,35.84835999,M,Not Provided
1048,04092017630,COCO BONGO,2400 HILLSBOROUGH ST ,,RALEIGH,NC,27607,(984) 242-0898,1497416400000,1 - Restaurant,-78.66706688,35.78779193,M,Not Provided
1049,04092017634,RESIDENCE INN DOWNTOWN RALEIGH,616 S SALISBURY ST ,,RALEIGH,NC,27601,(919) 856-0017,1498539600000,1 - Restaurant,-78.64078597,35.77259808,M,Not Provided
1050,04092017633,CRISTO'S BISTRO,5217 SUNSET LAKE RD ,,HOLLY SPRINGS,NC,27540,,1498798800000,1 - Restaurant,-78.79652369,35.66679612,M,Not Provided
1051,04092017629,TROPICAL SMOOTHIE CAFE NC-55,6679-101 FALLS OF NEUSE RD ,,RALEIGH,NC,27615,(919) 879-2233,1497416400000,1 - Restaurant,-78.62444739,35.87396657,M,Not Provided
1052,04092017636,FULL BLOOM COFFEE AND CRAFT,141 W MAIN ST ,,GARNER,NC,27529,(919) 720-4013,1497934800000,1 - Restaurant,-78.6064114,35.70708752,M,Not Provided
1053,04092017639,41 NORTH COFFEE CO.,41 N MAIN ST ,,WENDELL,NC,27591,(919) 626-0271,1497243600000,1 - Restaurant,-78.37014381,35.78245441,M,Not Provided
1054,04092017641,BENNY CAPITALE'S,121-110 FAYETTEVILLE ST ,,RALEIGH,NC,27601,(919) 239-4173,1499317200000,1 - Restaurant,-78.63865982,35.77888942,M,Not Provided
1055,04092017640,NEW CHINA,949 N HARRISON AVE ,,CARY,NC,27513,(919) 380-9328,1499749200000,1 - Restaurant,-78.78451819,35.80143568,M,Not Provided
1056,04092017642,DAN SUSHI HIBACHI,1313 N MAIN ST ,,FUQUAY-VARINA,NC,27526,(919) 577-8000,1499922000000,1 - Restaurant,-78.77762736,35.59228296,M,Not Provided
1057,04092017643,TEXAS ROADHOUSE #594,201 GRAND HILL PL ,,HOLLY SPRINGS,NC,27540,(919) 577-1900,1499922000000,1 - Restaurant,-78.84613908,35.66378946,M,Not Provided
1058,04092017648,PANERA BREAD #601879,2410 LANDMARK DR ,,RALEIGH,NC,27607,,1500440400000,1 - Restaurant,-78.69757128,35.81609474,M,Not Provided
1059,04092017647,SOUTHERN HARVEST AT THE MATTHEWS HOUSE,317 W CHATHAM ST ,,CARY,NC,27511,(919) 308-6665,1501131600000,1 - Restaurant,-78.78723602,35.78648509,M,Not Provided
1060,04092017650,CONNECTIONS CAFE,8000 PURFOY RD ,,FUQUAY-VARINA,NC,27526,,1500958800000,1 - Restaurant,-78.77357778,35.57846771,M,Not Provided
1061,04092017649,JUICE VIBES,1369 KILDAIRE FARM RD ,,CARY,NC,27511,(919) 337-8923,1499403600000,1 - Restaurant,-78.78193785,35.75976468,M,Not Provided
1062,04092017657,ZAXBY'S #66201,1341 N MAIN ST ,,FUQUAY-VARINA,NC,27526,(919) 552-3981,1502082000000,1 - Restaurant,-78.77669586,35.59242914,M,Not Provided
1063,04092017655,THAI LOTUS,3450 KILDAIRE FARM RD ,SUITE 150,CARY,NC,27518,(984) 229-7333,1498712400000,1 - Restaurant,-78.79652285,35.70711427,M,Not Provided
1064,04092017654,HARRIS TEETER 138 STARBUCKS,98 CORNERSTONE DR ,,CARY,NC,27519,(919) 467-1259,1498626000000,1 - Restaurant,-78.85187774,35.79044484,M,Not Provided
1065,04092017659,PEACE CAFE,15 E PEACE ST ,,RALEIGH,NC,27604,(336) 613-8276,1502946000000,1 - Restaurant,-78.63745155,35.78928458,M,Not Provided
1066,04092017663,CHIOS ROTISSERIE,2656 TIMBER DR ,,GARNER,NC,27529,(919) 773-1016,1502082000000,1 - Restaurant,-78.63679232,35.71605085,M,Not Provided
1067,04092017662,CULVER'S OF WAKE FOREST,2819 ROGERS RD ,,WAKE FOREST,NC,27587,(919) 435-1053,1502686800000,1 - Restaurant,-78.52437516,35.95309447,M,Not Provided
1068,04092017664,SHEETZ #634,8101 GLENWOOD AVE ,,RALEIGH,NC,27612,(919) 890-5331,1502168400000,1 - Restaurant,-78.72883394,35.87359573,M,Not Provided
1069,04092017660,TASTE OF CHINA,14460 FALLS OF NEUSE RD ,SUITE 177,RALEIGH,NC,27614,(919) 488-3737,1502427600000,1 - Restaurant,-78.54362149,35.94386897,M,Not Provided
1070,04092017668,WILD WING CAFE #119,7900 BRIER CREEK PKY,,RALEIGH,NC,27617,(919) 957-2000,1503378000000,1 - Restaurant,-78.78114592,35.9142139,M,Not Provided
1071,04092017669,FIRST CHINA RESTAURANT,6452 TRYON  RD ,,CARY,NC,27518,(919) 852-5857,1503637200000,1 - Restaurant,-78.76155635,35.7455991,M,Not Provided
1072,04092017665,ALADDIN'S EATERY,4209-136 LASSITER MILL RD ,,RALEIGH,NC,27609,(919) 977-9025,1502427600000,1 - Restaurant,-78.64524988,35.83964841,M,Not Provided
1073,04092017672,STONERIDGE,105 CONVENTION DR ,,CARY,NC,27511,(919) 460-0560,1503982800000,1 - Restaurant,-78.75899685,35.77592909,M,Not Provided
1074,04092017678,EL PATRON,421 CHAPANOKE RD ,STE 103,RALEIGH,NC,27603,(919) 803-8567,1505710800000,1 - Restaurant,-78.65333672,35.73464526,M,Not Provided
1075,04092017677,OAKWOOD PIZZA BOX,610 N PERSON ST ,,RALEIGH,NC,27604,,1504242000000,1 - Restaurant,-78.63409388,35.78856375,M,Not Provided
1076,04092017675,SHAKEY RAY'S,5160 SUNSET LAKE RD ,,APEX,NC,27539,(919) 363-2378,1504760400000,1 - Restaurant,-78.79955568,35.66756996,M,Not Provided
1077,04092017683,WAYBACK BURGERS,6320-116 CAPITAL BLVD ,,RALEIGH,NC,27616,(919) 977-4444,1505797200000,1 - Restaurant,-78.57847149,35.87073431,M,Not Provided
1078,04092017679,FIREHOUSE SUBS #1052,413 VILLAGE WALK DR ,,HOLLY SPRINGS,NC,27540,(984) 225-2550,1505710800000,1 - Restaurant,-78.83773926,35.64081288,M,Not Provided
1079,04092017685,JADE GARDEN CHINESE RESTAURANT,1207 HILLSBOROUGH ST ,,RALEIGH,NC,27603,(919) 594-1813,1506402000000,1 - Restaurant,-78.65564997,35.78266992,M,Not Provided
1080,04092017686,THE PICKLED ONION,10750 WAKEFIELD COMMONS DR ,SUITE 107,RALEIGH,NC,27614,(919) 848-4161,1506661200000,1 - Restaurant,-78.54122916,35.94195239,M,Not Provided
1081,04092017689,TACO BELL #2836,3224 S WILMINGTON ST ,,RALEIGH,NC,27603,(919) 779-1522,1506488400000,1 - Restaurant,-78.65090865,35.7359326,M,Not Provided
1082,04092017687,PHO SURE,7451 SIX FORKS RD ,,RALEIGH,NC,27615,(919) 637-8243,1506488400000,1 - Restaurant,-78.64730313,35.88064315,M,Not Provided
1083,04092017695,SALTGRASS STEAKHOUSE,6601 KNIGHTDALE BLVD ,,KNIGHTDALE,NC,27545,(919) 217-7070,1507611600000,1 - Restaurant,-78.50948151,35.79658408,M,Not Provided
1084,04092017692,SPRING CAFE,2900 SPRING FOREST RD ,SUITE 104,RALEIGH,NC,27616-1895,(919) 977-3679,1507266000000,1 - Restaurant,-78.59114223,35.85494991,M,Not Provided
1085,04092017700,FAIRFIELD INN    SUITES KITCHEN,6408 CAPITAL BLVD ,,RALEIGH,NC,27616,(919) 878-1120,1508389200000,1 - Restaurant,-78.57841741,35.87180565,M,Not Provided
1086,04092017698,HWY 55 BURGERS SHAKES   FRIES,3421 N MAIN ST ,,FUQUAY-VARINA,NC,27526,(919) 567-3007,1507870800000,1 - Restaurant,-78.72395407,35.62463692,M,Not Provided
1087,04092017708,OUTBACK #3443,901 WALNUT ST ,,CARY,NC,27511,(919) 460-1770,1507179600000,1 - Restaurant,-78.76562102,35.77485801,M,Not Provided
1088,04092017706,SWAGAT INDIAN CUISINE,9549 CHAPEL HILL RD ,,MORRISVILLE,NC,27560,(919) 378-9090,1506315600000,1 - Restaurant,-78.81120592,35.8045755,M,Not Provided
1089,04092017714,BELLAROSE NURSING AND REHAB CENTER FOODSERVICE,200 BELLAROSE LAKE WAY ,,GARNER,NC,27529,(919) 985-8400,1507525200000,1 - Restaurant,-78.60082191,35.66980052,M,Not Provided
1090,04092017717,PANERA BREAD #1643,1100 VILLAGE MARKET PL ,,MORRISVILLE,NC,27560,(919) 469-6696,1508821200000,1 - Restaurant,-78.81334451,35.80607817,M,Not Provided
1091,04092017721,LAFARM BAKERY   CAFE W.F. WEST CARY,5055 ARCO ST ,,CARY,NC,27519,(984) 228-0300,1509685200000,1 - Restaurant,-78.88191823,35.83348308,M,Not Provided
1092,04092017725,STARBUCKS #8218,2105 CAMERON ST ,,RALEIGH,NC,27605,(919) 856-9444,1510203600000,1 - Restaurant,-78.66157289,35.79001283,M,Not Provided
1093,04092017723,SUSHI THAI CARY,106 KILMAYNE DR ,,CARY,NC,27511-4465,(919) 467-5747,1510117200000,1 - Restaurant,-78.78304568,35.77049175,M,Not Provided
1094,04092017722,CHOPT NORTH RIDGE,6004 FALLS OF NEUSE RD ,,RALEIGH,NC,27609,(984) 232-0451,1509685200000,1 - Restaurant,-78.61995256,35.86546174,M,Not Provided
1095,04092017726,WHOLE FOODS MARKET #10611 MEAT/SEAFOOD,5055 ARCO ST ,,CARY,NC,27519,(984) 228-0300,1509685200000,1 - Restaurant,-78.88191823,35.83348308,M,Not Provided
1096,04092017727,WHOLE FOODS MARKET #10611 CULINARY,5055 ARCO ST ,,CARY,NC,27519,(984) 228-0300,1509685200000,1 - Restaurant,-78.88191823,35.83348308,M,Not Provided
1097,04092017728,WHOLE FOODS MARKET #10611 SPECIALTY,5055 ARCO ST ,,CARY,NC,27519,(984) 228-0300,1509685200000,1 - Restaurant,-78.88191823,35.83348308,M,Not Provided
1098,04092017729,WHOLE FOODS MARKET #10611 PRODUCE,5055 ARCO ST ,,CARY,NC,27519,(984) 228-0300,1509685200000,1 - Restaurant,-78.88191823,35.83348308,M,Not Provided
1099,04092017731,CRABTREE ALE HOUSE,4325 GLENWOOD AVE ,STE 1040,RALEIGH,NC,27617,(919) 803-3026,1510894800000,1 - Restaurant,-78.67900996,35.83931725,M,Not Provided
1100,04092017735,STARBUCKS T2D,2400 JOHN BRANTLEY BLVD ,TERMINAL 2,MORRISVILLE,NC,27560,(919) 840-4409,1510722000000,1 - Restaurant,-78.7893961,35.86970016,M,Not Provided
1101,04092017736,CLEAN JUICE PARKWEST,3035 VILLAGE MARKET PL ,,MORRISVILLE,NC,27560,(919) 468-8286,1510635600000,1 - Restaurant,-78.81851333,35.80675484,M,Not Provided
1102,04092017737,ZAXBY'S #66301,2901 HILLSBOROUGH ST ,,RALEIGH,NC,27607,(984) 242-0789,1510549200000,1 - Restaurant,-78.6754918,35.78902526,M,Not Provided
1103,04092017742,CREEDMOOR CAFE,8315 CREEDMOOR RD ,,RALEIGH,NC,27613,(919) 848-4804,1511758800000,1 - Restaurant,-78.68223246,35.90105464,M,Not Provided
1104,04092017740,CHILANGO RESTAURANT ,2253 NEW HOPE CHURCH RD ,,RALEIGH,NC,27604,(919) 307-3672,1509512400000,1 - Restaurant,-78.60062541,35.83624582,M,Not Provided
1105,04092017738,HUMMING BIRD,1053-111 E WHITAKER MILL RD ,,RALEIGH,NC,27604,(919) 301-8900,1510635600000,1 - Restaurant,-78.62123948,35.80873266,M,Not Provided
1106,04092017753,CINEBISTRO,525 NEW WAVERLY PL ,SUITE 203,CARY,NC,27518,(919) 987-3500,1512968400000,1 - Restaurant,-78.77756452,35.73853427,M,Not Provided
1107,04092017743,CHENGDU 7 SICHUAN CUISINE,748 E CHATHAM ST SUITE E,,CARY,NC,27511,(919) 883-5567,1511758800000,1 - Restaurant,-78.76514284,35.79157176,M,Not Provided
1108,04092017754,RED BOWL ASIAN BISTRO,6360 PLANTATION CENTER  DR ,,RALEIGH,NC,27616,(919) 790-9222,1513227600000,1 - Restaurant,-78.5823769,35.87315531,M,Not Provided
1109,04092017759,SAIGON PHO VIETNAMESE CUISINE,3310 CAPITAL  BLVD,,RALEIGH,NC,27604,(919) 803-4048,1513746000000,1 - Restaurant,-78.5854729,35.82439324,M,Not Provided
1110,04092017767,HYATT HOUSE BRIER CREEK H BAR,10030 SELLONA ST ,,RALEIGH,NC,27618,(919) 405-7001,1513832400000,1 - Restaurant,-78.80632484,35.89547498,M,Not Provided
1111,04092017766,STARBUCK'S TARGET #961,2021 WALNUT ST ,,CARY,NC,27511,(919) 233-4451,1513659600000,1 - Restaurant,-78.73860945,35.75778451,M,Not Provided
1112,04092017757,MICHAEL'S ENGLISH MUFFINS,3611-114 SPRING FOREST RD ,,RALEIGH,NC,27616,(919) 615-0319,1513314000000,1 - Restaurant,-78.57981065,35.85591308,M,Not Provided
1113,04092017772,A PLACE AT THE TABLE,300 W HARGETT ST ,SUITE 50,RALEIGH,NC,27601,(919) 307-8914,1515128400000,1 - Restaurant,-78.64406655,35.77886166,M,Not Provided
1114,04092017770,HAMPTON INN - FOODSERVICE,405 HINTON OAKS BLVD ,,KNIGHTDALE,NC,27545,(919) 217-6810,1513314000000,1 - Restaurant,-78.5111511,35.80022075,M,Not Provided
1115,04092017776,POPEYES #12729,3904 WESTERN BLVD ,,RALEIGH,NC,27606,(919) 977-6364,1515733200000,1 - Restaurant,-78.69043496,35.78509092,M,Not Provided
1116,04092017775,DOMINOS #8903,1183 W CHATHAM ST ,,CARY,NC,27518,(919) 467-4222,1515560400000,1 - Restaurant,-78.80690367,35.77079809,M,Not Provided
1117,04092017777,SUSHI NINE,3812 WESTERN BLVD ,,RALEIGH,NC,27606,(919) 615-3100,1515387600000,1 - Restaurant,-78.68935862,35.78530675,M,Not Provided
1118,04092017780,TLAQUEPAQUE MEXICAN CUISINE,11206 CAPITAL  BLVD ,,WAKE FOREST,NC,27587,(919) 554-2544,1516770000000,1 - Restaurant,-78.53890825,35.95167196,M,Not Provided
1119,04092017785,CHINA WON,8109-109 FAYETTEVILLE RD ,,RALEIGH,NC,27603,(919) 662-9799,1517288400000,1 - Restaurant,-78.69975164,35.66336704,M,Not Provided
1120,04092017790,SOUTHLAND STEAKHOUSE,1007  SHEPARD SCHOOL RD,,ZEBULON,NC,27597,(919) 375-4283,1519189200000,1 - Restaurant,-78.31427465,35.83238665,M,Not Provided
1121,04092017788,KING WOK,7405 SUNSET LAKE RD ,,FUQUAY-VARINA,NC,27526,(919) 577-6852,1518066000000,1 - Restaurant,-78.77604627,35.59548797,M,Not Provided
1122,04092017798,SKY ZONE,2101  WESTINGHOUSE BLVD.,SUITE 111,RALEIGH,NC,27604,(919) 948-4450,1519966800000,1 - Restaurant,-78.5959354,35.80806,M,Not Provided
1123,04092017804,EVEREST KITCHEN,25 N MAIN ST ,,WENDELL,NC,27591,(919) 374-7049,1520312400000,1 - Restaurant,-78.37019731,35.78157174,M,Not Provided
1124,04092017803,POPEYE'S RDU JV,2400 JOHN BRANTLEY BLVD ,,MORRISVILLE,NC,27560,,1519707600000,1 - Restaurant,-78.7893961,35.86970016,M,Not Provided
1125,04092017792,MOE'S SOUTHWEST GRILL,9660 FALLS OF NEUSE RD ,SUITE 145,RALEIGH,NC,27615,(919) 650-6643,1519016400000,1 - Restaurant,-78.60013448,35.90523089,M,Not Provided
1126,04092017810,CAFE CAPISTRANO,"8471   GARVEY  ST, STE 113",,RALEIGH,NC,27616,(919) 872-1127,1521781200000,1 - Restaurant,-78.56852507,35.89638473,M,Not Provided
1127,04092017806,PENN STATION EAST COAST SUBS,3001 HILLSBOROUGH ST ,,RALEIGH,NC,27607,(984) 232-8444,1520312400000,1 - Restaurant,-78.67702546,35.78909475,M,Not Provided
1128,04092017811,STARBUCKS TARGET #1794,8651 BRIER CREEK PKY ,,RALEIGH,NC,27617,(919) 765-0005,1521435600000,1 - Restaurant,-78.78588652,35.90295406,M,Not Provided
1129,04092017812,ROLESVILLE DINER,"411 S MAIN ST, UNIT E",,ROLESVILLE,NC,27571,(919) 554-9931,1522818000000,1 - Restaurant,-78.4663386,35.91623805,M,Not Provided
1130,04092017816,WHISKY RIVER,2400 JOHN BRANTLEY BLVD ,,MORRISVILLE,NC,27560,,1521522000000,1 - Restaurant,-78.7893961,35.86970016,M,Not Provided
1131,04092017818,FIREHOUSE SUBS #1530,2222 WALNUT ST ,,CARY,NC,27518,(919) 322-1986,1522126800000,1 - Restaurant,-78.74288194,35.7554271,M,Not Provided
1132,04092017819,STARBUCKS #11189,3800 LAKE BOONE TRL ,,RALEIGH,NC,27607,(919) 781-6211,1522213200000,1 - Restaurant,-78.69378488,35.81617759,M,Not Provided
1133,04092017820,ALAMO DRAFTHOUSE CINEMA,2116-D NEW BERN AVE ,,RALEIGH,NC,27610,(984) 444-6620,1522818000000,1 - Restaurant,-78.60562466,35.77870975,M,Not Provided
1134,04092017823,TRIANGLE SPRINGS HOSPITAL FOODSERVICE,10901 WORLD TRADE BLVD ,,RALEIGH,NC,27617,(919) 746-8900,1522040400000,1 - Restaurant,-78.81423008,35.90306257,M,Not Provided
1135,04092017824,HIBACHI EXPRESS,1009 STADIUM DR ,SUITE 112,WAKE FOREST,NC,27587,(984) 237-1031,1521781200000,1 - Restaurant,-78.52990283,35.98957154,M,Not Provided
1136,04092017828,PANERA BREAD #6039,231 GRAND HILL PL ,,HOLLY SPRINGS,NC,27540,,1523336400000,1 - Restaurant,-78.84474109,35.66507721,M,Not Provided
1137,04092017814,CO NOODLE,101-120 PARK AT NORTH HILLS ST ,,RALEIGH,NC,27609,(919) 258-2070,1521090000000,1 - Restaurant,-78.64018864,35.83817241,M,Not Provided
1138,04092017830,DUNKIN DONUTS 344467,800 PERRY RD ,,APEX,NC,27502,(919) 303-5800,1524632400000,1 - Restaurant,-78.84460908,35.72084835,M,Not Provided
1139,04092017815,HYDERABADI BIRYANI POINTE,2711 NC HWY 55 ,,CARY,NC,27519,(919) 367-6852,1520571600000,1 - Restaurant,-78.87132587,35.78456541,M,Not Provided
1140,04092017829,DUNKIN DONUTS #347837,3511 KILDAIRE FARM RD ,,CARY,NC,27518,(919) 367-9949,1524546000000,1 - Restaurant,-78.79278394,35.70189503,M,Not Provided
1141,04092017831,DUNKIN' #350292,1501 WERRINGTON  DR ,,HOLLY SPRINGS,NC,27540,(919) 285-0958,1524632400000,1 - Restaurant,-78.83014318,35.6373838,M,Not Provided
1142,04092017838,RALEIGH CRAB HOUSE,4538 CAPITAL BLVD ,,RALEIGH,NC,27604,(919) 322-0304,1523422800000,1 - Restaurant,-78.57896431,35.84571465,M,Not Provided
1143,04092017836,MARKET HALL,214 E. MARTIN STREET,,RALEIGH,NC,27601,(919) 412-7664,1525669200000,1 - Restaurant,-78.63599738,35.77650484,M,Not Provided
1144,04092017839,ALPACA PERUVIAN CHARCOAL CHICKEN,8211-107 BRIER CREEK PKY ,,RALEIGH,NC,27615,(919) 278-7724,1523854800000,1 - Restaurant,-78.78199843,35.90950749,M,Not Provided
1145,04092017841,CARY CRAB HOUSE,220 CROSSROADS BLVD ,UNIT 2460,CARY,NC,27518,(919) 233-9829,1524027600000,1 - Restaurant,-78.73871469,35.76064643,M,Not Provided
1146,04092017846,HOMEWOOD SUITES CARY FOODSERVICE,555 CROSSROADS BLVD ,,CARY,NC,27518,(919) 745-8589,1525150800000,1 - Restaurant,-78.7325332,35.75844126,M,Not Provided
1147,04092017844,MANHATTAN PIZZA,9660-133 FALLS OF NEUSE RD ,,RALEIGH,NC,27615,(919) 847-3995,1525237200000,1 - Restaurant,-78.60013448,35.90523089,M,Not Provided
1148,04092017849,THE MELTING POT,3100 WAKE FOREST RD ,,RALEIGH,NC,27609-7846,(919) 878-0477,1526274000000,1 - Restaurant,-78.6203889,35.82333174,M,Not Provided
1149,04092017850,SEQIRUS CAFE,475 GREEN OAKS PKY ,,HOLLY SPRINGS,NC,27540,(919) 577-3810,1526878800000,1 - Restaurant,-78.86718625,35.65084796,M,Not Provided
1150,04092017851,BUFFALO BROTHERS,1289 KILDAIRE FARM RD ,SUITE 3443,CARY,NC,27511,(919) 561-5933,1525150800000,1 - Restaurant,-78.78213151,35.76273552,M,Not Provided
1151,04092017853,ONCE IN A BLUE MOON BAKERY AND CAFE,115 W CHATHAM ST,,CARY,NC,27511-3318,(919) 319-6554,1527656400000,1 - Restaurant,-78.78179868,35.78682784,M,Not Provided
1152,04092017861,RALEIGH MEAT MARKET,"3110 NEW BERN  AVE, STE 110",,RALEIGH,NC,27610,(919) 322-4004,1529038800000,1 - Restaurant,-78.5867454,35.78851092,M,Not Provided
1153,04092017860,POKE BURRI RALEIGH,6613 FALLS OF NEUSE RD ,,RALEIGH,NC,27615,(919) 615-4016,1526274000000,1 - Restaurant,-78.62444739,35.87396657,M,Not Provided
1154,04092017866,DAIRY QUEEN #40925,1408 N MAIN ST ,,FUQUAY-VARINA,NC,27526-8901,(919) 567-3738,1529989200000,1 - Restaurant,-78.77235878,35.59258972,M,Not Provided
1155,04092017865,THE SHINY DINER,1550 BUCK JONES RD ,,CARY,NC,27606,(919) 469-3663,1529643600000,1 - Restaurant,-78.74435361,35.76446209,M,Not Provided
1156,04092017870,HIBACHI BLUE,1500 VILLAGE MARKET PL ,,MORRISVILLE,NC,27560,(919) 462-9899,1530507600000,1 - Restaurant,-78.81676084,35.80454792,M,Not Provided
1157,04092017864,TAKE 5 CAFE RALEIGH,8529 SIX FORKS RD ,BUILDING 4,RALEIGH,NC,27615,(919) 349-0055,1529557200000,1 - Restaurant,-78.65050613,35.89518007,M,Not Provided
1158,04092017879,HI POKE,9573 CHAPEL HILL RD ,,MORRISVILLE,NC,27560,(919) 650-3398,1527656400000,1 - Restaurant,-78.81120592,35.8045755,M,Not Provided
1159,04092017874,JASMIN   OLIVZ,6679 FALLS OF NEUSE RD ,,RALEIGH,NC,27615,(919) 803-2229,1530853200000,1 - Restaurant,-78.62444739,35.87396657,M,Not Provided
1160,04092017881,DADDY D'S BBQ,1526 BROAD ST ,,FUQUAY-VARINA,NC,27526,(919) 552-6464,1529470800000,1 - Restaurant,-78.80247593,35.60486538,M,Not Provided
1161,04092017886,BACKFINS CRABHOUSE,1009-100 STADIUM DR ,,WAKE FOREST,NC,27587,(919) 562-8500,1531112400000,1 - Restaurant,-78.52990283,35.98957154,M,Not Provided
1162,04092017878,BARTACO NORTH HILLS,4121 MAIN AT NORTH HILLS ST ,,RALEIGH,NC,27609,(919) 626-8226,1530075600000,1 - Restaurant,-78.64297679,35.83719099,M,Not Provided
1163,04092017898,ZEBULON COUNTRY CLUB,2424 PEARCES RD ,,ZEBULON,NC,27597,(919) 269-8311,1533790800000,1 - Restaurant,-78.30935782,35.89131747,M,Not Provided
1164,04092017895,ANJAPPAR,101 LEDGESTONE WAY ,,CARY,NC,27519,,1532581200000,1 - Restaurant,-78.84803883,35.79230834,M,Not Provided
1165,04092017899,HARRIS TEETER #311 STARBUCKS,324 VILLAGE WALK ,,HOLLY SPRINGS,NC,27540,(919) 552-1596,1533013200000,1 - Restaurant,-78.83920975,35.63987629,M,Not Provided
1166,04092017900,THE ARBOR @ MORGAN STREET FOOD HALL,411 W MORGAN ST ,,RALEIGH,NC,27603,(919) 834-2720,1532494800000,1 - Restaurant,-78.6456934,35.77945659,M,Not Provided
1167,04092017903,NEW ASIAN GARDEN,13654 CAPITAL BLVD ,STE 128,WAKE FOREST,NC,27587,(919) 554-9898,1534222800000,1 - Restaurant,-78.51867626,36.00549137,M,Not Provided
1168,04092017901,VAISHNO BHOG,810 E CHATHAM ST ,,CARY,NC,27560,(919) 678-3172,1531285200000,1 - Restaurant,-78.76305627,35.79140001,M,Not Provided
1169,04092017905,SCRATCH KITCHEN AND TAPROOM,225 N SALEM ST ,SUITE 127,APEX,NC,27502,(919) 372-5365,1534914000000,1 - Restaurant,-78.85087425,35.73263061,M,Not Provided
1170,04092017883,HAPPY   HALE @ NORTH HILLS,200-101 PARK AT NORTH HILLS ST ,,RALEIGH,NC,27609,(984) 200-3802,1529470800000,1 - Restaurant,-78.63713697,35.83594099,M,Not Provided
1171,04092017907,FRESKO GREEK KITCHEN,2310 BALE ST ,,RALEIGH,NC,27608,(919) 673-3974,1534827600000,1 - Restaurant,-78.6274814,35.81292749,M,Not Provided
1172,04092017914,REAL MCCOY'S,3325  ROGERS RD ,STE 112,WAKE FOREST,NC,27587,(919) 562-8368,1536123600000,1 - Restaurant,-78.51408375,35.95072814,M,Not Provided
1173,04092017916,DELL/EMC2,5800 TECHNOLOGY  DR ,,APEX,NC,27502,(978) 317-8672,1536555600000,1 - Restaurant,-78.84423167,35.6928047,M,Not Provided
1174,04092017912,HOLIDAY INN EXPRESS   SUITES FOOD SERVICE,11400  COMMON OAKS DR ,,RALEIGH,NC,27614,(919) 570-5550,1535691600000,1 - Restaurant,-78.54090991,35.95134822,M,Not Provided
1175,04092017918,SAMMY'S TAP   GRILL,2235 AVENT FERRY RD ,,RALEIGH,NC,27606-2133,(919) 755-3880,1536642000000,1 - Restaurant,-78.67605304,35.77835842,M,Not Provided
1176,04092017919,DICED,7157 O'KELLEY CHAPEL RD ,,CARY,NC,27619,(919) 678-5004,1536210000000,1 - Restaurant,-78.8882479,35.8441495,M,Not Provided
1177,04092017923,FREDDY'S FROZEN CUSTARD   STEAKBURGERS #3213,11708 RETAIL DR ,,WAKE FOREST,NC,27587,(919) 554-9833,1532322000000,1 - Restaurant,-78.54349375,35.96629663,M,Not Provided
1178,04092017922,CLEAN EATZ,1856 BOULDERSTONE WAY ,,CARY,NC,27519,(919) 650-1897,1535000400000,1 - Restaurant,-78.84859333,35.79156092,M,Not Provided
1179,04092017928,STARBUCKS #53826,11720 RETAIL DR ,,WAKE FOREST,NC,27587,(919) 906-3618,1534136400000,1 - Restaurant,-78.54349375,35.96629663,M,Not Provided
1180,04092017925,DOMINOS #8849,708 SLASH PINE DR ,,CARY,NC,27519,(919) 439-5859,1533618000000,1 - Restaurant,-78.90892881,35.83075801,M,Not Provided
1181,04092017930,LOLA'S BEACH BAR,1803 GLENWOOD AVE ,,RALEIGH,NC,27608,(984) 222-3674,1535086800000,1 - Restaurant,-78.64642614,35.80474566,M,Not Provided
1182,04092017935,PAPA JOHNS,877 E GANNON AVE ,STE 302,ZEBULON,NC,27597,(919) 421-5555,1537938000000,1 - Restaurant,-78.29418632,35.83016256,M,Not Provided
1183,04092017933,TAQUERIA ACAPULCO,1601-43 CROSS LINK RD ,,RALEIGH,NC,27610,(984) 200-8374,1537851600000,1 - Restaurant,-78.6148089,35.7548246,M,Not Provided
1184,04092017921,VITA VITE MIDTOWN,200-130 PARK AT NORTH HILLS ST ,,RALEIGH,NC,27609,(919) 322-0649,1536210000000,1 - Restaurant,-78.63713697,35.83594099,M,Not Provided
1185,04092017938,SOHOT,1937 HIGH HOUSE RD ,,CARY,NC,27519,(919) 694-5510,1537419600000,1 - Restaurant,-78.84865558,35.78922067,M,Not Provided
1186,04092017939,MCDONALDS AT CROSSROADS #13363,1830 WALNUT ST ,,CARY,NC,27511,(919) 233-0080,1538110800000,1 - Restaurant,-78.74333879,35.75902819,M,Not Provided
1187,04092017941,MCDONALDS #11523,1805 N HARRISON AVE ,,CARY,NC,27513-3902,(919) 677-1424,1538110800000,1 - Restaurant,-78.76916277,35.82979316,M,Not Provided
1188,04092017942,MCDONALDS #7501,1299 KILDAIRE FARM  RD ,,CARY,NC,27511,(919) 469-3519,1538110800000,1 - Restaurant,-78.78290744,35.76224834,M,Not Provided
1189,04092017944,CHIPOTLE #3212,11700 RETAIL DR ,,WAKE FOREST,NC,27587,(919) 562-0004,1534914000000,1 - Restaurant,-78.54349375,35.96629663,M,Not Provided
1190,04092017943,MCDONALDS #27548,3494 KILDAIRE FARM RD ,,CARY,NC,27518,(919) 363-9960,1538110800000,1 - Restaurant,-78.79563777,35.70411794,M,Not Provided
1191,04092017946,MCDONALDS #34433,4980 CARY GLEN BLVD ,,CARY,NC,27519,(919) 462-9904,1538024400000,1 - Restaurant,-78.90188206,35.81927309,M,Not Provided
1192,04092017947,WILSON'S EATERY,1053-C E WHITAKER MILL RD ,,RALEIGH,NC,27604,(919) 977-5442,1538024400000,1 - Restaurant,-78.62123948,35.80873266,M,Not Provided
1193,04092017950,TRU BY HILTON FOODSERVICE,350 AIRGATE DR ,,MORRISVILLE,NC,27560,(919) 813-7129,1534482000000,1 - Restaurant,-78.81505867,35.86618957,M,Not Provided
1194,04092017949,AMC PARK PLACE 16,9525 CHAPEL HILL RD ,,MORRISVILLE,NC,27560,(919) 481-6888,1536296400000,1 - Restaurant,-78.809108,35.80411608,M,Not Provided
1195,04092017948,HOLIDAY INN EXPRESS   SUITES FOODSERVICE,10450 LITTLE BRIAR CREEK LN ,,RALEIGH,NC,27617,(919) 748-4801,1534914000000,1 - Restaurant,-78.78894643,35.9142679,M,Not Provided
1196,04092017951,HEIRLOOM,219 S WEST ST ,,RALEIGH,NC,27603,(919) 297-8299,1537765200000,1 - Restaurant,-78.64560315,35.77782018,M,Not Provided
1197,04092017952,O-KU,411 W HARGETT ST ,,RALEIGH,NC,27603,,1538110800000,1 - Restaurant,-78.64560315,35.77782018,M,Not Provided
1198,04092017955,FIRST CITIZENS OPERATIONS CENTER CAFETERIA,100  E TRYON  RD ,,RALEIGH,NC,27603,(919) 716-8357,1538974800000,1 - Restaurant,-78.63926064,35.72823709,M,Not Provided
1199,04092017958,JOHNNY'S PIZZA #3,13654 CAPITAL BLVD ,SUITE 100,WAKE FOREST,NC,27587,(919) 556-0550,1538542800000,1 - Restaurant,-78.51867626,36.00549137,M,Not Provided
1200,04092017960,THE PICKLED ONION,8511 CANTILEVER WAY ,STE 105,RALEIGH,NC,27613,(919) 977-0031,1539838800000,1 - Restaurant,-78.73779336,35.88567515,M,Not Provided
1201,04092017962,DUNKIN',1450 N MAIN ST ,,FUQUAY-VARINA,NC,27526,(919) 577-1150,1540530000000,1 - Restaurant,-78.76831644,35.59359847,M,Not Provided
1202,04092017973,SHUCKIN' SHACK,2340 BALE ST ,UNIT 100,RALEIGH,NC,27608,(919) 322-0324,1541566800000,1 - Restaurant,-78.6274814,35.81292749,M,Not Provided
1203,04092017968,SYNEOS HEALTH CAFE,1030 SYNC ST ,,MORRISVILLE,NC,27560,(919) 876-9300,1540962000000,1 - Restaurant,-78.82790874,35.86278841,M,Not Provided
1204,04092017978,WALTONWOOD LAKE BOONE,3550 HORTON ST ,,RALEIGH,NC,27607,(984) 232-0528,1542258000000,1 - Restaurant,-78.68915338,35.81399959,M,Not Provided
1205,04092017979,DOMINO'S #8935,2819 WENDELL BLVD,,WENDELL,NC,27591,(919) 365-9192,1542603600000,1 - Restaurant,-78.38037272,35.79568491,M,Not Provided
1206,04092017975,ASIA EXPRESS,1040-128 FORESTVILLE RD ,,WAKE FOREST,NC,27587,(919) 562-8988,1541653200000,1 - Restaurant,-78.50759601,35.94610971,M,Not Provided
1207,04092017965,CHIPOTLE #3266,4421-120 SIX FORKS RD ,,RALEIGH,NC,27609,(919) 785-3316,1539752400000,1 - Restaurant,-78.64349731,35.8401699,M,Not Provided
1208,04092017984,FOUNT COFFEE KITCHEN,10954 CHAPEL HILL RD ,SUITE 109,MORRISVILLE,NC,27560,(984) 888-5454,1543294800000,1 - Restaurant,-78.84202241,35.85571265,M,Not Provided
1209,04092017980,FOUR POINTS CAFE,1200 HURRICANE ALLEY WAY ,,RALEIGH,NC,27607,(919) 854-0502,1542171600000,1 - Restaurant,-78.72528929,35.79764659,M,Not Provided
1210,04092017987,PANDA EXPRESS #2962,4215 WAKE FOREST RD ,,RALEIGH,NC,27609,(919) 747-3202,1542690000000,1 - Restaurant,-78.61267389,35.83940582,M,Not Provided
1211,04092017981,DOMINO'S #4464,4112-120 PLEASANT VALLEY RD ,,RALEIGH,NC,27612,(919) 783-5500,1542603600000,1 - Restaurant,-78.70472779,35.86043849,M,Not Provided
1212,04092017990,TROPICAL SMOOTHIE CAFE,409 VILLAGE WALK DR ,,HOLLY SPRINGS,NC,27540,(919) 586-7130,1543813200000,1 - Restaurant,-78.83773926,35.64081288,M,Not Provided
1213,04092018001,CHE EMPANADAS @ T CO,500-115 E DAVIE ST ,,RALEIGH,NC,27601,(919) 360-6656,1545022800000,1 - Restaurant,-78.63206282,35.77487676,M,Not Provided
1214,04092017994,BULDAEGI BBQ HOUSE,2470 WALNUT ST ,,CARY,NC,27518,(919) 703-0400,1544158800000,1 - Restaurant,-78.74427037,35.75323194,M,Not Provided
1215,04092018004,PUBLIX 1552 DELI,425 EMISSARY DR ,,CARY,NC,27519,(919) 388-7201,1541566800000,1 - Restaurant,-78.90353622,35.82486983,M,Not Provided
1216,04092018006,PUBLIX 1551 DELI,9640 LEESVILLE RD ,,RALEIGH,NC,27613,(919) 848-3480,1543208400000,1 - Restaurant,-78.72728628,35.90563757,M,Not Provided
1217,04092018005,SHEETZ #659,1100 AVENT FERRY RD ,,HOLLY SPRINGS,NC,27540,(919) 552-8044,1545022800000,1 - Restaurant,-78.84464992,35.63913796,M,Not Provided
1218,04092018003,FIREHOUSE SUBS #785,7901 FALLS OF NUESE RD ,STE 133,RALEIGH,NC,27615,(919) 656-7392,1545195600000,1 - Restaurant,-78.62784564,35.89352248,M,Not Provided
1219,04092018007,SUSHI AT THE PARK,1163 PARKSIDE MAIN ST ,,CARY,NC,27519,(984) 333-0199,1543813200000,1 - Restaurant,-78.88929615,35.84835999,M,Not Provided
1220,04092018009,ASUKA,2101 S MAIN ST ,STE 104,WAKE FOREST,NC,27587,(919) 570-2828,1545886800000,1 - Restaurant,-78.53310175,35.94801797,M,Not Provided
1221,04092018012,13 TACOS   TAPS,10511-119 SHADOWLAWN DR ,,RALEIGH,NC,27614,(919) 900-7203,1545368400000,1 - Restaurant,-78.5888659,35.9079869,M,Not Provided
1222,04092018010,LEVITY RALEIGH,1224 PARKSIDE MAIN ST ,,CARY,NC,27519,,1545368400000,1 - Restaurant,-78.88929615,35.84835999,M,Not Provided
1223,04092018015,POPEYE'S #12880,3318 CAPITAL BLVD ,,RALEIGH,NC,27604,(919) 890-5078,1545282000000,1 - Restaurant,-78.58651607,35.82460991,M,Not Provided
1224,04092018018,BAD DADDY'S BURGER BAR #235,4213 CORNERS PKY ,SUITE 100,RALEIGH,NC,27617,(919) 381-4814,1545973200000,1 - Restaurant,-78.78791959,35.9189124,M,Not Provided
1225,04092018023,KIM'S RESTAURANT,6014 DURALEIGH RD ,,RALEIGH,NC,27612,(919) 510-5999,1546923600000,1 - Restaurant,-78.71215703,35.86067383,M,Not Provided
1226,04092018024,NEO SUSHI EXPRESS,9650 STRICKLAND RD ,SUITE 101,RALEIGH,NC,27615,(919) 803-7926,1546578000000,1 - Restaurant,-78.65677038,35.90420522,M,Not Provided
1227,04092018032,TACO BELL #34556,4004 CAPITAL BLVD ,,RALEIGH,NC,27604,(919) 872-9020,1547787600000,1 - Restaurant,-78.58146366,35.83563533,M,Not Provided
1228,04092018029,HOME2 SUITES INSPIRED TABLE,1020 LOWER SHILOH  WAY ,,MORRISVILLE,NC,27560,(919) 797-1370,1547787600000,1 - Restaurant,-78.84386232,35.86395017,M,Not Provided
1229,04092018027,STARBUCKS #49535,3460 KILDAIRE FARM RD ,,CARY,NC,27518,,1547528400000,1 - Restaurant,-78.79541126,35.70489085,M,Not Provided
1230,04092018034,BENCHWARMERS BAGELS @ T CO,500-107 E DAVIE ST ,,RALEIGH,NC,27601,(984) 232-8122,1548219600000,1 - Restaurant,-78.63206282,35.77487676,M,Not Provided
1231,04092018036,JUMBO CHINA,1625-101 RONALD DR ,,RALEIGH,NC,27609,(919) 878-9877,1548565200000,1 - Restaurant,-78.60822523,35.83860449,M,Not Provided
1232,04092018039,OAK STEAKHOUSE,417 W HARGETT ST ,,RALEIGH,NC,27603,(984) 255-1818,1548219600000,1 - Restaurant,-78.64560315,35.77782018,M,Not Provided
1233,04092018035,GUASACA,2512-110 HILLSBOROUGH ST ,,RALEIGH,NC,27607,(919) 210-6838,1548392400000,1 - Restaurant,-78.66874097,35.78824042,M,Not Provided
1234,04092018042,BODEGA,110 S WHITE ST ,,WAKE FOREST,NC,27587,(984) 235-4187,1548392400000,1 - Restaurant,-78.50961776,35.97912171,M,Not Provided
1235,04092018045,JERSEY MIKE'S #3009,2320-108 BALE ST ,,RALEIGH,NC,27609,(919) 878-7827,1548824400000,1 - Restaurant,-78.6274814,35.81292749,M,Not Provided
1236,04092018043,TERRACE CAFE SAS BUILDING A,920 SAS CAMPUS DR ,,CARY,NC,27513,,1548392400000,1 - Restaurant,-78.74762186,35.81616917,M,Not Provided
1237,04092018048,SHEETZ #664,6030 VILLAGE PARK DR ,,KNIGHTDALE,NC,27545,(919) 295-4217,1549256400000,1 - Restaurant,-78.50003518,35.79758258,M,Not Provided
1238,04092018055,HABIBI GRILL,1007 METHOD RD ,,RALEIGH,NC,27606,(919) 986-1928,1550206800000,1 - Restaurant,-78.6935077,35.78509117,M,Not Provided
1239,04092018051,UMAMI,8411 BRIER CREEK  PKY ,STE 105,RALEIGH,NC,27617,(919) 806-2888,1549861200000,1 - Restaurant,-78.78335109,35.90685106,M,Not Provided
1240,04092018058,JERRY'S GRILL,813 E WHITAKER MILL RD ,,RALEIGH,NC,27608,(919) 832-7561,1550725200000,1 - Restaurant,-78.62548323,35.80777159,M,Not Provided
1241,04092018066,SULLIVANS STEAK HOUSE,410 GLENWOOD AVE ,STE 100,RALEIGH,NC,27603-1365,(919) 833-2888,1551416400000,1 - Restaurant,-78.64674998,35.78576466,M,Not Provided
1242,04092018069,HIBACHI 88,6213 ROCK QUARRY RD ,STE 116,RALEIGH,NC,27610,(919) 662-8899,1552280400000,1 - Restaurant,-78.54796209,35.72312635,M,Not Provided
1243,04092018072,STARBUCKS TARGET 1824,1040 TIMBER DR E ,,GARNER,NC,27529,(919) 661-2017,1552280400000,1 - Restaurant,-78.57962775,35.68747635,M,Not Provided
1244,04092018075,AMALIA'S AUTHENTIC ITALIAN RESTAURANT,1248 S MAIN ST ,,WAKE FOREST,NC,27587,(984) 237-0002,1553058000000,1 - Restaurant,-78.51859967,35.96221214,M,Not Provided
1245,04092018076,JERSEY MIKE'S #3005,957 HIGH HOUSE RD ,,CARY,NC,27513,(919) 461-0660,1553058000000,1 - Restaurant,-78.82820426,35.78724984,M,Not Provided
1246,04092018079,COURTYARD BY MARRIOTT PARKSIDE TOWN COMMONS FOOD S,1008 PARKSIDE MAIN ST ,,CARY,NC,27519,(919) 659-1250,1553144400000,1 - Restaurant,-78.88576156,35.84626358,M,Not Provided
1247,04092018080,MELLOW MUSHROOM,9600 BRIER CREEK PKY ,,RALEIGH,NC,27617,,1553144400000,1 - Restaurant,-78.80177467,35.9033869,M,Not Provided
1248,04092018081,CAVA #84,403 DANIELS ST ,,RALEIGH,NC,27601,(919) 278-7597,1552971600000,1 - Restaurant,-78.66157289,35.79001283,M,Not Provided
1249,04092018083,THE BLIND PELICAN,120 BASS LAKE RD ,,HOLLY SPRINGS,NC,27540,(984) 225-2471,1555304400000,1 - Restaurant,-78.82480568,35.65380837,M,Not Provided
1250,04092018086,FAIRFIELD INN   SUITES RDU FOODSERVICE,2750 SLATER RD ,,MORRISVILLE,NC,27560,(919) 468-2660,1554354000000,1 - Restaurant,-78.82088575,35.86023208,M,Not Provided
1251,04092018087,BIG ED'S GARNER,231 TIMBER DR ,,GARNER,NC,27529,(919) 900-7764,1554181200000,1 - Restaurant,-78.60613274,35.68500311,M,Not Provided
1252,04092018089,WYE HILL KITCHEN   BREWING,201 S BOYLAN AVE ,,RALEIGH,NC,27603,(984) 200-1189,1555563600000,1 - Restaurant,-78.64902222,35.77828617,M,Not Provided
1253,04092018088,THAI 54,10290 CHAPEL HILL RD ,SUITE 100,MORRISVILLE,NC,27560,(919) 443-8038,1555390800000,1 - Restaurant,-78.82634075,35.83290708,M,Not Provided
1254,04092018091,HAMPTON INN   SUITES BREAKFAST HOLLY SPRINGS,1050 S MAIN ST ,,HOLLY SPRINGS,NC,27540,(919) 552-7610,1556082000000,1 - Restaurant,-78.83785366,35.63626822,M,Not Provided
1255,04092018093,EASTERN CHINA CHINESE RESTAURANT,9585 CHAPEL HILL ,,MORRISVILLE,NC,27560,(919) 319-8998,1556168400000,1 - Restaurant,-78.81120592,35.8045755,M,Not Provided
1256,04092018096,ASALI DESSERTS AND CAFE,107 S EDINBURGH DR ,,CARY,NC,27511,(919) 362-7882,1556773200000,1 - Restaurant,-78.79806693,35.73669743,M,Not Provided
1257,04092018101,CAVA GRILL #087,2001 WALNUT ST,SUITE 100,CARY,NC,27518,,1557810000000,1 - Restaurant,-78.7414297,35.75881135,M,Not Provided
1258,04092018102,MARCO'S PIZZA,11712 RETAIL DR,,WAKE FOREST,NC,27587-7349,,1558328400000,1 - Restaurant,-78.54349375,35.96629663,M,Not Provided
1259,04092018103,PANDA HOUSE CHINESE RESTAURANT,1462 GARNER STATION BLVD ,,RALEIGH,NC,27603,(919) 779-3588,1558674000000,1 - Restaurant,-78.65475972,35.72582593,M,Not Provided
1260,04092018106,BOULEVARD PIZZA,2925 WENDELL BLVD ,,WENDELL,NC,27591,(919) 365-0040,1559538000000,1 - Restaurant,-78.37769981,35.79213741,M,Not Provided
1261,04092018107,GOBI GRILL,4420 CAPITAL BLVD,,RALEIGH,NC,27604,(984) 200-4766,1559278800000,1 - Restaurant,-78.57899808,35.84340082,M,Not Provided
1262,04092018105,ZAXBY'S #69201,1171 PINE PLAZA DR ,,APEX,NC,27523-6408,(919) 746-9270,1559278800000,1 - Restaurant,-78.83218833,35.74738085,M,Not Provided
1263,04092018109,PANERA BREAD #6073,1330 N MAIN ST,,FUQUAY-VARINA,NC,27526-2617,,1559710800000,1 - Restaurant,-78.77764161,35.59047463,M,Not Provided
1264,04092018121,CHIDO TACO,2330 BALE ST,,RALEIGH,NC,27608,(919) 594-1930,1561611600000,1 - Restaurant,-78.6274814,35.81292749,M,Not Provided
1265,04092018119,OSHA THAI KITCHEN AND SUSHI,242 S MAIN ST,,HOLLY SPRINGS,NC,27540-9094,(984) 538-6742,1561352400000,1 - Restaurant,-78.83394934,35.64920029,M,Not Provided
1266,04092018111,CAPE FEAR SEAFOOD CO,832 SPRING FOREST RD,SUITE 100,RALEIGH,NC,27609,(984) 242-4600,1559797200000,1 - Restaurant,-78.62263364,35.86627157,M,Not Provided
1267,04092018122,DRIVE SHACK,6901 PLAY GOLF WAY,,RALEIGH,NC,27607,(984) 329-8230,1561698000000,1 - Restaurant,-78.73919644,35.80193791,M,Not Provided
1268,04092018114,STIR,4242 SIX FORKS RD,SUITE 100,RALEIGH,NC,27609,(984) 200-8614,1560315600000,1 - Restaurant,-78.64071606,35.83798332,M,Not Provided
1269,04092018123,KABAB AND CURRY,2412 HILLSBOROUGH ST,,RALEIGH,NC,27607,(919) 977-6974,1562043600000,1 - Restaurant,-78.66730471,35.78785459,M,Not Provided
1270,04092018128,HARRIS TEETER #496 STARBUCKS,940 US 64 HWY W,,APEX,NC,27523,,1563166800000,1 - Restaurant,-78.82197009,35.74562543,M,Not Provided
1271,04092018129,NORA CAFE,12333 STRICKLAND RD ,SUITE 100,RALEIGH,NC,27613,(919) 232-8321,1560747600000,1 - Restaurant,-78.70279728,35.90556515,M,Not Provided
1272,04092018131,STARBUCKS NCSU,2610 CATES AVE,,RALEIGH,NC,27607,(919) 513-2013,1562562000000,1 - Restaurant,-78.67872314,35.78447976,M,Not Provided
1273,04092018135,CHAR-GRILL CARY,3635 SW CARY PKY ,,CARY,NC,27513,(919) 461-7112,1562821200000,1 - Restaurant,-78.83800517,35.78179735,M,Not Provided
1274,04092018137,NYC BAGELS,263 GRANDE HEIGHTS DR,,CARY,NC,27513,(919) 651-0060,1563166800000,1 - Restaurant,-78.78059125,35.80471168,M,Not Provided
1275,04092018140,QUALITY INN AND SUITES (BREAKFAST AREA),1400 E WILLIAMS ST,,APEX,NC,27539,(919) 362-8621,1563512400000,1 - Restaurant,-78.84131209,35.71213569,M,Not Provided
1276,04092018144,HARRIS TEETER #495 STARBUCKS,8345 CREEDMOOR RD ,,RALEIGH,NC,27613,,1560834000000,1 - Restaurant,-78.68223246,35.90105464,M,Not Provided
1277,04092018143,VERIZON CARY MARKETPLACE,7000 WESTON PKWY,,CARY,NC,27513,(336) 317-4537,1564117200000,1 - Restaurant,-78.79195185,35.83092875,M,Not Provided
1278,04092018141,SHEETZ,13401 FALLS OF NEUSE RD,,RALEIGH,NC,27614,(919) 554-8858,1563771600000,1 - Restaurant,-78.55932341,35.9435178,M,Not Provided
1279,04092018145,GAMERS GEEKERY   TAVERN,107 EDINBURGH SOUTH DR,,CARY,NC,27511,(919) 650-2366,1564117200000,1 - Restaurant,-78.79806693,35.73669743,M,Not Provided
1280,04092018148,BISCUITVILLE #194,3928 WESTERN BLVD,,RALEIGH,NC,27606,,1566363600000,1 - Restaurant,-78.69252396,35.78575692,M,Not Provided
1281,04092018152,JOLIE,620 N PERSON ST,,RALEIGH,NC,27604,(919) 803-7221,1565672400000,1 - Restaurant,-78.63406305,35.78882667,M,Not Provided
1282,04092018150,SHAKE SHACK #1294,310 COLONADES WAY,,CARY,NC,27518,(919) 230-9390,1565499600000,1 - Restaurant,-78.77756452,35.73853427,M,Not Provided
1283,04092018153,UNION SPECIAL,2409 CRABTREE BLVD,,RALEIGH,NC,27604,(984) 200-3094,1566536400000,1 - Restaurant,-78.61383257,35.80541224,M,Not Provided
1284,04092018158,DUNKIN DONUTS #349131,8401 CAPITAL  BLVD ,,RALEIGH,NC,27616,(919) 521-4960,1566882000000,1 - Restaurant,-78.55984932,35.89382822,M,Not Provided
1285,04092018155,CHAR-GRILL WAKE FOREST,13600 CAPITAL BLVD,,WAKE FOREST,NC,27587,(919) 554-2000,1566363600000,1 - Restaurant,-78.52002008,36.00462913,M,Not Provided
1286,04092018154,WEGMANS #108 - MAIN KITCHEN,1200 WAKE TOWNE DR,,RALEIGH,NC,27609,(984) 960-5600,1566536400000,1 - Restaurant,-78.62082881,35.82131683,M,Not Provided
1287,04092018161,DUNKIN' #348561,8201 CREEDMOOR RD ,,RALEIGH,NC,27613,(919) 847-0245,1566882000000,1 - Restaurant,-78.68124087,35.8986354,M,Not Provided
1288,04092018160,DUNKIN' #351119,999 DURHAM  RD ,STE 103,WAKE FOREST,NC,27587,(919) 556-9007,1566882000000,1 - Restaurant,-78.54726425,35.97582905,M,Not Provided
1289,04092018162,3 OLIVES PIZZA   DELI,1493 GARNER STATION BLVD,,RALEIGH,NC,27603,(919) 777-3530,1566882000000,1 - Restaurant,-78.65551681,35.72344884,M,Not Provided
1290,04092018159,DUNKIN DONUTS #348408,13600  NEW FALLS OF NEUSE RD ,,RALEIGH,NC,27614,(919) 556-0335,1566882000000,1 - Restaurant,-78.55751941,35.94316638,M,Not Provided
1291,04092018163,DUNKIN' #347603,13240 STRICKLAND RD ,,RALEIGH,NC,27613,(919) 890-0089,1566968400000,1 - Restaurant,-78.72644486,35.90762548,M,Not Provided
1292,04092018166,UNC HEALTHCARE MOTOWN CAFE,1025 THINK  PL ,,MORRISVILLE,NC,27560,(984) 974-7894,1567486800000,1 - Restaurant,-78.83605482,35.8571005,M,Not Provided
1293,04092018164,DUNKIN' #347369,8710-100 GLENWOOD AVE ,,RALEIGH,NC,27617,(919) 784-0050,1566968400000,1 - Restaurant,-78.74405677,35.88733073,M,Not Provided
1294,04092018173,WEAVER STREET MARKET,404 W HARGETT ST,,RALEIGH,NC,27603-1806,(919) 429-7800,1568523600000,1 - Restaurant,-78.64555664,35.77871833,M,Not Provided
1295,04092018170,CHANDELIER EVENT VENUE,1077 DARRINGTON DR,,CARY,NC,27513,(336) 202-2792,1567573200000,1 - Restaurant,-78.81667892,35.79929267,M,Not Provided
1296,04092018171,HARRIS TEETER #494 DELI,1273 NW MAYNARD RD,,CARY,NC,27513,(919) 380-9955,1566795600000,1 - Restaurant,-78.81194009,35.78535151,M,Not Provided
1297,04092018172,JERSEY BOY SUBS #001,943 E BROAD ST ,,FUQUAY-VARINA,NC,27526,(919) 552-8255,1567746000000,1 - Restaurant,-78.78267477,35.59365979,M,Not Provided
1298,04092018174,FARM HOUSE CAFE,320 VINTAGE POINT LN ,,WENDELL,NC,27591,(919) 374-7227,1568091600000,1 - Restaurant,-78.4287732,35.77122099,M,Not Provided
1299,04092018178,SMOKESTACKS CAFE,701 E LANE ST ,,RALEIGH,NC,27601,(919) 736-6408,1568782800000,1 - Restaurant,-78.62913782,35.78369533,M,Not Provided
1300,04092018177,FUSION NINE,1012-150 MORRISVILLE PKY ,,MORRISVILLE,NC,27560-9367,(984) 465-0060,1568523600000,1 - Restaurant,-78.82189875,35.81021926,M,Not Provided
1301,04092018183,L.A. HORCHATERIA COFFEE SHOP,2261 NEW HOPE CHURCH RD,,RALEIGH,NC,27604,(919) 809-8201,1569301200000,1 - Restaurant,-78.60062541,35.83624582,M,Not Provided
1302,04092018192,CAVA MIDTOWN,1100 MERCHANTILE DR ,SUITE 100,RALEIGH,NC,27609,(919) 276-4591,1569906000000,1 - Restaurant,-78.62082881,35.82131683,M,Not Provided
1303,04092018199,FAIRFIELD INN   SUITES BY MARRIOTT FOODSERVICE,12051 RETAIL DR,,WAKE FOREST,NC,27587,(919) 435-7056,1571029200000,1 - Restaurant,-78.54414941,35.97661971,M,Not Provided
1304,04092018201,SUBWAY #1570,2720 LAKE WHEELER RD,,RALEIGH,NC,27603,(919) 307-3004,1571029200000,1 - Restaurant,-78.68034205,35.74406085,M,Not Provided
1305,04092018197,SUPABOWLZ CAFE,150 W HOLLY SPRINGS RD ,,HOLLY SPRINGS,NC,27540,,1570770000000,1 - Restaurant,-78.83588526,35.6557607,M,Not Provided
1306,04092018208,HARRIS TEETER #21 STARBUCKS,500 OBERLIN RD ,,RALEIGH,NC,27605,(919) 828-9216,1572325200000,1 - Restaurant,-78.66105896,35.79148992,M,Not Provided
1307,04092018187,ZAXBY'S,1021 N HARRISON AVE ,,RALEIGH,NC,27513,(919) 481-2070,1569474000000,1 - Restaurant,-78.78308629,35.80363597,M,Not Provided
1308,04092018209,VICINO'S PIZZA,962A AIRPORT BLVD ,,MORRISVILLE,NC,27560,,1572411600000,1 - Restaurant,-78.82039891,35.85719025,M,Not Provided
1309,04092018207,NAFKOT ETHIOPIAN RESTAURANT,2109-146 AVENT FERRY RD ,,RALEIGH,NC,27606-2198,(919) 886-8815,1572238800000,1 - Restaurant,-78.67605304,35.77835842,M,Not Provided
1310,04092018211,TOWN HALL BURGER AND BEER OF HOLLY SPRINGS,301 MATTHEWS DR,,HOLLY SPRINGS,NC,27540,,1572411600000,1 - Restaurant,-78.79440651,35.66435704,M,Not Provided
1311,04092018212,BROOKLYN PICKLE,4025 LAKE BOONE TRL,,RALEIGH,NC,27607,(919) 925-3400,1572498000000,1 - Restaurant,-78.6970997,35.81457601,M,Not Provided
1312,04092018214,CULVER'S OF APEX #730,1401 KELLY RD,,APEX,NC,27502,(919) 372-5610,1572843600000,1 - Restaurant,-78.89533507,35.73713785,M,Not Provided
1313,04092018216,NUKKAD RESTAURANT,1710 HIGH HOUSE RD,,CARY,NC,27513,(919) 378-9083,1572930000000,1 - Restaurant,-78.84401449,35.79274101,M,Not Provided
1314,04092018204,ROSEWATER KITCHEN AND BAR,110 PARK AT NORTH HILLS ST,,RALEIGH,NC,27609,(919) 424-7886,1571374800000,1 - Restaurant,-78.64031598,35.83755199,M,Not Provided
1315,04092018221,SHOWMARS,4203 CORNERS PKWY,SUITE 120,RALEIGH,NC,27617,(984) 888-0161,1573102800000,1 - Restaurant,-78.78791959,35.9189124,M,Not Provided
1316,04092018219,BIG SERGIO'S PIZZA OF APEX,2127 TEN TEN RD ,,APEX,NC,27539,(919) 303-1770,1573016400000,1 - Restaurant,-78.81811359,35.72082295,M,Not Provided
1317,04092018225,FIREHOUSE SUBS #487,1551 US 70  HWY W ,,GARNER,NC,27529,(919) 662-4801,1573534800000,1 - Restaurant,-78.64815222,35.72323486,M,Not Provided
1318,04092018222,HARRIS TEETER #136 STARBUCKS,9600 FALLS OF NEUSE RD,,RALEIGH,NC,27615,(919) 676-6614,1573102800000,1 - Restaurant,-78.60013448,35.90523089,M,Not Provided
1319,04092018228,HADY INTERNATIONAL FOOD,"717 E MARTIN ST, STE199",,RALEIGH,NC,27610,(919) 741-1111,1573621200000,1 - Restaurant,-78.62694565,35.77678342,M,Not Provided
1320,04092018223,JUMBO CHINA,404-183 E SIX FORKS RD ,,RALEIGH,NC,27609,(919) 546-8858,1573102800000,1 - Restaurant,-78.62606423,35.81908341,M,Not Provided
1321,04092018232,PLANET SMOOTHIE,2808 ROGERS RD,101,WAKE FOREST,NC,27587,(984) 237-0016,1573794000000,1 - Restaurant,-78.52660249,35.95272354,M,Not Provided
1322,04092018237,AVIATOR PIZZERIA   BEER SHOP,601 E BROAD ST,,FUQUAY-VARINA,NC,27526-1709,(919) 346-8206,1574312400000,1 - Restaurant,-78.79337176,35.59304771,M,Not Provided
1323,04092018235,AMBERLY LOCAL,718 SLASH PINE DR,,CARY,NC,27519,(919) 650-2546,1574139600000,1 - Restaurant,-78.90892881,35.83075801,M,Not Provided
1324,04092018238,STARBUCKS #57972,4203 FAYETTEVILLE RD,,RALEIGH,NC,27603,(919) 757-1181,1574398800000,1 - Restaurant,-78.65202015,35.72206519,M,Not Provided
1325,04092018265,VERENA AT BEDFORD FALLS,1580 DUNN RD,,RALEIGH,NC,27614-9308,(919) 846-7216,1576126800000,1 - Restaurant,-78.5866289,35.92446548,M,Not Provided
1326,04092018263,CADENCE ASSISTED LIVING OF GARNER FOODSERVICE,200  MINGLEWOOD DR ,,GARNER,NC,27529,(919) 773-1550,1576040400000,1 - Restaurant,-78.61883973,35.68150161,M,Not Provided
1327,04092018261,SHEETZ #675,101 KUMAR CT,,RALEIGH,NC,27606,(919) 879-8486,1575954000000,1 - Restaurant,-78.73643071,35.74610717,M,Not Provided
1328,04092018268,COMFORT INN OF FUQUAY BREAKFAST,7616 PURFOY RD ,,FUQUAY-VARINA,NC,27526,(919) 557-9000,1576213200000,1 - Restaurant,-78.77411336,35.58999797,M,Not Provided
1329,04092018266,WOK ON FIRE,1216 PARKSIDE MAIN ST ,,CARY,NC,27519,(919) 466-0888,1576472400000,1 - Restaurant,-78.88929615,35.84835999,M,Not Provided
1330,04092018264,CADENCE AT WAKE FOREST DINING,3218  HERITAGE TRADE DR ,,WAKE FOREST,NC,27587,(919) 569-2101,1576040400000,1 - Restaurant,-78.51669534,35.95099722,M,Not Provided
1331,04092018269,NORSE BREWING COMPANY,203 BROOKS ST,,WAKE FOREST,NC,27587,(919) 554-4555,1576472400000,1 - Restaurant,-78.50814626,35.97739278,M,Not Provided
1332,04092018273,PANDYANAD,4325 GLENWOOD AVE,,RALEIGH,NC,27612,(919) 615-2063,1576126800000,1 - Restaurant,-78.67900996,35.83931725,M,Not Provided
1333,04092018270,SEOL GRILLE,2310 WALNUT ST,,CARY,NC,27518,(984) 241-9112,1576472400000,1 - Restaurant,-78.74212586,35.75337568,M,Not Provided
1334,04092018276,CHUAN CAFE,2004 NEW BERN AVE ,,RALEIGH,NC,27610,(919) 594-1772,1576818000000,1 - Restaurant,-78.60562466,35.77870975,M,Not Provided
1335,04092018275,CADENCE LIVING NORTH RALEIGH DINING,5219 OLD WAKE FOREST RD ,,RALEIGH,NC,27609,(919) 876-6316,1576818000000,1 - Restaurant,-78.60482357,35.85273532,M,Not Provided
1336,04092018297,FLASK   BEAKER AT STATEVIEW HOTEL,2451 ALUMNI DR ,,RALEIGH,NC,27606,(919) 743-0055,1579582800000,1 - Restaurant,-78.67777654,35.76375243,M,Not Provided
1337,04092018290,V PIZZA,1389 KILDAIRE FARM RD ,,CARY,NC,27511,(919) 650-1821,1578978000000,1 - Restaurant,-78.7827626,35.75908185,M,Not Provided
1338,04092018294,CHICK-FIL-A #4239,1010 FORESTVILLE RD,,WAKE FOREST,NC,27587,(919) 554-6995,1579064400000,1 - Restaurant,-78.50659734,35.94595764,M,Not Provided
1339,04092018298,DUNKIN' #358815,208 MATTHEWS DR ,,HOLLY SPRINGS,NC,27540,,1579582800000,1 - Restaurant,-78.79563484,35.66473278,M,Not Provided
1340,04092018285,GOLDEN KRUST,4412 FAYETTEVILLE RD,,RALEIGH,NC,27603,(919) 322-4191,1577941200000,1 - Restaurant,-78.65424256,35.71955708,M,Not Provided
1341,04092018301,MEMO'S PIZZA,877 E GANNON AVE ,SUITE 105,ZEBULON,NC,27597,(919) 646-0064,1577768400000,1 - Restaurant,-78.29418632,35.83016256,M,Not Provided
1342,04092018303,THE PARKWAY TAVERN,982 HIGH HOUSE RD,,CARY,NC,27513,(919) 234-0018,1580101200000,1 - Restaurant,-78.82691634,35.78842126,M,Not Provided
1343,04092018304,CRAB DU JOUR CAJUN SEAFOOD RESTAURANT   BAR,6320 PLANTATION CENTER DR,,RALEIGH,NC,27616,(919) 803-2016,1580101200000,1 - Restaurant,-78.5823769,35.87315531,M,Not Provided
1344,04092018305,MISO RAMEN,970 HIGH HOUSE RD,,CARY,NC,27513,(984) 333-0110,1580101200000,1 - Restaurant,-78.82691634,35.78842126,M,Not Provided
1345,04092018306,MC RESTAURANT,324 S ACADEMY ST ,,CARY,NC,27511,(919) 302-3690,1580101200000,1 - Restaurant,-78.78164252,35.78328184,M,Not Provided
1346,04092018308,STARS AND STRIKES,4020 CAPITAL BLVD,SUITE 160,RALEIGH,NC,27604,(678) 965-5707,1580101200000,1 - Restaurant,-78.5796759,35.83550882,M,Not Provided
1347,04092018307,SZECHUAN MANSION RESTAURANT,1353 KILDAIRE FARM RD,,CARY,NC,27511,(919) 800-1802,1580101200000,1 - Restaurant,-78.78193785,35.75976468,M,Not Provided
1348,04092018300,AC HOTEL RALEIGH NORTH HILLS LEVEL 7,101 PARK AT NORTH HILLS ST ,,RALEIGH,NC,27609,(919) 571-2500,1579842000000,1 - Restaurant,-78.64018864,35.83817241,M,Not Provided
1349,04092018309,PANERA BREAD #9206 AT WAKE MED,3000 NEW BERN AVE,,RALEIGH,NC,27610,(984) 247-8902,1580101200000,1 - Restaurant,-78.58795523,35.78389509,M,Not Provided
1350,04092018310,MISSION MARKET CAFE,124 N SALEM ST,,APEX,NC,27502,(919) 629-4064,1580187600000,1 - Restaurant,-78.85070691,35.73146061,M,Not Provided
1351,04092018311,CHINA WOK,2720 LAKE WHEELER RD ,,RALEIGH,NC,27603,(919) 821-3038,1580187600000,1 - Restaurant,-78.68034205,35.74406085,M,Not Provided
1352,04092018312,NOODLE BOULEVARD,1718 WALNUT ST,,CARY,NC,27511,(919) 678-1199,1580360400000,1 - Restaurant,-78.74718844,35.76300476,M,Not Provided
1353,04092018315,IRREGARDLESS CAFE,901 W MORGAN ST ,,RALEIGH,NC,27603-1511,(919) 833-8898,1580965200000,1 - Restaurant,-78.65602922,35.78118568,M,Not Provided
1354,04092018316,BEAN SPROUTS CAFE,201 E HARGETT ST ,,RALEIGH,NC,27601,(919) 857-1108,1581310800000,1 - Restaurant,-78.63610348,35.77853909,M,Not Provided
1355,04092018320,MECCA MARKET,3913 WESTERN BLVD ,,RALEIGH,NC,27606,(919) 613-1286,1581051600000,1 - Restaurant,-78.6910692,35.78402076,M,Not Provided
1356,04092018322,TEDDY'S PIZZA   PASTA,5563 WESTERN BLVD ,STE 9-A,RALEIGH,NC,27606-1595,(919) 233-9144,1581570000000,1 - Restaurant,-78.72050862,35.78412834,M,Not Provided
1357,04092018323,SUGAR MAGNOLIA CAFE,219 S WHITE ST ,,WAKE FOREST,NC,27587,(919) 435-4436,1582002000000,1 - Restaurant,-78.50967992,35.97752929,M,Not Provided
1358,04092018329,GOLDEN CORRAL - CAPITAL BLVD #942,3424 CAPITAL BLVD ,,RALEIGH,NC,27604,(919) 872-0500,1583125200000,1 - Restaurant,-78.5844104,35.82680683,M,Not Provided
1359,04092018326,CICI'S PIZZA,2700 NC 55 HWY,,CARY,NC,27519,(919) 249-6448,1582520400000,1 - Restaurant,-78.8701639,35.78474926,M,Not Provided
1360,04092018328,THE BUTCHER'S MEXICAN GRILL,"3110 NEW BERN AVE, STE 116",,RALEIGH,NC,27610,(984) 200-5884,1582779600000,1 - Restaurant,-78.5867454,35.78851092,M,Not Provided
1361,04092018332,TAQUERIA LA COSTENA,101 DICKENS RD,,FUQUAY-VARINA,NC,27526,(919) 244-9788,1583125200000,1 - Restaurant,-78.81133335,35.61594555,M,Not Provided
1362,04092018333,MANHATTAN PIZZA,305 MATTHEWS DR,,HOLLY SPRINGS,NC,27540-4300,(919) 367-6667,1583125200000,1 - Restaurant,-78.79440651,35.66435704,M,Not Provided
1363,04092018340,SEOUL GARDEN,4701-131 ATLANTIC AVE,,RALEIGH,NC,27604,(919) 850-9984,1586235600000,1 - Restaurant,-78.60292756,35.84801798,M,Not Provided
1364,04092018342,THE DOMINICAN RESTAURANT,"3601 CAPITAL BLVD, STE 107",STE 107,RALEIGH,NC,27604,(919) 977-0029,1586322000000,1 - Restaurant,-78.5859304,35.82957833,M,Not Provided
1365,04092018345,OLIVE TREE MARKET,270 NOTTINGHAM DR ,,CARY,NC,27511,(919) 481-0321,1586322000000,1 - Restaurant,-78.74295028,35.76835892,M,Not Provided
1366,04092018347,STARBUCK'S,2901 SHERMAN OAK PL ,,RALEIGH,NC,27609-6884,(919) 817-1908,1586754000000,1 - Restaurant,-78.62082881,35.82131683,M,Not Provided
1367,04092018344,MARCO'S PIZZA #8407,325 CARPENTER HILL DR,102,CARY,NC,27519,(919) 230-2222,1586322000000,1 - Restaurant,-78.90087023,35.82521217,M,Not Provided
1368,04092018338,THE OPTIMIST,1000-109 BROOKSIDE DR ,,RALEIGH,NC,27604,(919) 896-8988,1584594000000,1 - Restaurant,-78.62465289,35.79244258,M,Not Provided
1369,04092018348,SUBWAY #2017,"6320  CAPITAL BLVD, STE 133",,RALEIGH,NC,27616,(919) 878-1777,1586840400000,1 - Restaurant,-78.57847149,35.87073431,M,Not Provided
1370,04092018351,TROPICAL SMOOTHIE CAFE,817 BASS PRO LN ,,CARY,NC,27513,(919) 378-9333,1587531600000,1 - Restaurant,-78.77007336,35.83116267,M,Not Provided
1371,04092018349,TROPICAL SMOOTHIE CAFE NC23,1385 BRADFORD VIEW PL ,SUITE 110,CARY,NC,27519,(919) 378-9859,1586840400000,1 - Restaurant,-78.84682316,35.79355909,M,Not Provided
1372,04092018350,TROPICAL SMOOTHIE CAFE NC24,228 CROSSROADS BLVD ,,CARY,NC,27518,(919) 651-8379,1586926800000,1 - Restaurant,-78.73871469,35.76064643,M,Not Provided
1373,04092018352,PRIME BARBECUE,403 KNIGHTDALE STATION RUN,,KNIGHTDALE,NC,27545,(919) 373-8076,1587531600000,1 - Restaurant,-78.47356828,35.79722375,M,Not Provided
1374,04092018353,JAPAN XO,7811 MIDDLE POYNER DR,,RALEIGH,NC,27616,(919) 916-5150,1588050000000,1 - Restaurant,-78.57108641,35.86546965,M,Not Provided
1375,04092018357,TERRABELLA KNIGHTDALE,2408 HODGE  RD ,,KNIGHTDALE,NC,27545,(919) 266-6676,1588136400000,1 - Restaurant,-78.51955243,35.75881008,M,Not Provided
1376,04092018361,ALPACA PERUVIAN CHARCOAL CHICKEN,57 CABELA DR ,,GARNER,NC,27529,(919) 917-7600,1588222800000,1 - Restaurant,-78.58553066,35.69877319,M,Not Provided
1377,04092018354,SUBWAY,13200 FALLS OF NEUSE RD,,RALEIGH,NC,27614,,1587704400000,1 - Restaurant,-78.55982173,35.94075522,M,Not Provided
1378,04092018358,TROPICAL SMOOTHIE CAFE,3004 WAKE FOREST  RD ,SUITE 112,RALEIGH,NC,27609,(919) 916-5190,1588136400000,1 - Restaurant,-78.6203889,35.82333174,M,Not Provided
1379,04092018359,TROPICAL SMOOTHIE CAFE,2028 KILDAIRE FARM RD ,,CARY,NC,27518,(919) 977-9506,1588222800000,1 - Restaurant,-78.78068643,35.73567118,M,Not Provided
1380,04092018364,CHINA HOUSE,7063 KNIGHTDALE BLVD,,KNIGHTDALE,NC,27545,(919) 217-4484,1589432400000,1 - Restaurant,-78.49327386,35.79796991,M,Not Provided
1381,04092018365,MI CANCUN 2,9605 CHAPEL HILL RD ,,MORRISVILLE,NC,27560,(919) 481-9002,1589432400000,1 - Restaurant,-78.81159392,35.80641066,M,Not Provided
1382,04092018371,TEMPLETON OF CARY,215 BRIGHTMORE DR,,CARY,NC,27518,(984) 200-3688,1591333200000,1 - Restaurant,-78.77773052,35.7441046,M,Not Provided
1383,04092018363,KWENCH JUICE CAFE ,9660-142 FALLS OF NEUSE RD ,,RALEIGH,NC,27615,(919) 803-0104,1588827600000,1 - Restaurant,-78.60013448,35.90523089,M,Not Provided
1384,04092018372,VIENI RISTOBAR,242 S MAIN ST,112,HOLLY SPRINGS,NC,27540-6052,(984) 225-1134,1591333200000,1 - Restaurant,-78.83394934,35.64920029,M,Not Provided
1385,04092018375,PECK AND PLUME,301 S ACADEMY ST ,,CARY,NC,27511,(919) 670-5000,1591333200000,1 - Restaurant,-78.78084094,35.78483825,M,Not Provided
1386,04092018376,SV ANDHRA MESS,10255 CHAPEL HILL RD ,STE 400,MORRISVILLE,NC,27560,(872) 206-0042,1591160400000,1 - Restaurant,-78.82787824,35.83012817,M,Not Provided
1387,04092018379,CHIPOTLE MEXICAN GRILL - GARNER,4203 FAYETTEVILLE RD,,RALEIGH,NC,27603,(919) 662-8393,1591333200000,1 - Restaurant,-78.65202015,35.72206519,M,Not Provided
1388,04092018378,PLEASANT GROVE CHURCH,1528 DAVIS DR ,,CARY,NC,27519,(919) 363-5198,1590728400000,1 - Restaurant,-78.84349017,35.76989893,M,Not Provided
1389,04092018381,WEGMANS #139 MAIN KITCHEN/SUSHI/BURGER BAR/SKULLER,3710 DAVIS DR,,CARY,NC,27519,(919) 415-0210,1591765200000,1 - Restaurant,-78.85023041,35.82831809,M,Not Provided
1390,04092018382,ANNELORE'S GERMAN BAKERY,308 W CHATHAM ST ,,CARY,NC,27511,(919) 267-6846,1591851600000,1 - Restaurant,-78.78657351,35.78724293,M,Not Provided
1391,04092018384,CURRY HOUSE,2101 S MAIN ST,,WAKE FOREST,NC,27587,(919) 985-7244,1592370000000,1 - Restaurant,-78.53310175,35.94801797,M,Not Provided
1392,04092018386,WINGSTOP #1542,51 CABELA DR,,GARNER,NC,27529,(919) 230-9464,1592888400000,1 - Restaurant,-78.58553066,35.69877319,M,Not Provided
1393,04092018387,DUNKIN #358642,1500 DUNN RD,,RALEIGH,NC,27614,,1592888400000,1 - Restaurant,-78.58619614,35.92540089,M,Not Provided
1394,04092018385,THE AREPA BAR ,7909 FALLS OF NEUSE RD ,SUITE 105,RALEIGH,NC,27615,(919) 480-3190,1592802000000,1 - Restaurant,-78.62599455,35.89329706,M,Not Provided
1395,04092018389,FIVE STAR RESTAURANT,301 N WEST ST,SUITE 101,RALEIGH,NC,27603,(919) 833-3311,1592974800000,1 - Restaurant,-78.64609239,35.78410942,M,Not Provided
1396,04092018388,TAQUERIA Y RESTAURANTE EL PRIMO,744 E CHATHAM ST,A &AMP; B,CARY,NC,27511,(919) 347-0086,1592974800000,1 - Restaurant,-78.7669176,35.79077934,M,Not Provided
1397,04092018392,ACADEMY STREET BISTRO,200 S ACADEMY ST ,STE 100,CARY,NC,27511,(919) 377-0509,1593493200000,1 - Restaurant,-78.78169825,35.78645034,M,Not Provided
1398,04092018397,SMITHFIELD'S CHICKEN 'N' BAR-B-Q,121 WAKELON ST,,ZEBULON,NC,27597,(919) 269-7009,1594184400000,1 - Restaurant,-78.31878174,35.83343798,M,Not Provided
1399,04092018393,DOMINO'S #8925,1284 W WILLIAMS ST,,APEX,NC,27502-3953,(919) 303-0800,1593579600000,1 - Restaurant,-78.87327823,35.74703843,M,Not Provided
1400,04092018396,TROPICAL SMOOTHIE CAFE,1264 W WILLIAMS ST,,APEX,NC,27502,(919) 355-2522,1593666000000,1 - Restaurant,-78.87327823,35.74703843,M,Not Provided
1401,04092018401,STARBUCKS #55618,1268 W WILLIAMS ST,,APEX,NC,27502,(919) 545-4787,1594270800000,1 - Restaurant,-78.87327823,35.74703843,M,Not Provided
1402,04092018398,BUL BOX,1125 HATCHES POND LN,SUITE 118,CARY,NC,27519,(919) 650-2549,1594011600000,1 - Restaurant,-78.84968191,35.82663584,M,Not Provided
1403,04092018403,PLANT SLANT JUICE,1851 AVERSBORO RD ,,GARNER,NC,27529,(919) 322-4082,1594616400000,1 - Restaurant,-78.61583865,35.68506427,M,Not Provided
1404,04092018405,GRINGO A GOGO,100 NW PERSON  ST ,,RALEIGH,NC,27601,(919) 977-1438,1594962000000,1 - Restaurant,-78.63447714,35.78126517,M,Not Provided
1405,04092018404,BRECOTEA BAKING STUDIO,1144 KILDAIRE FARM RD,,CARY,NC,27511,(919) 234-1555,1594789200000,1 - Restaurant,-78.78337452,35.76638834,M,Not Provided
1406,04092018408,MOD PIZZA - WAKE FOREST,2815  ROGERS  RD,,WAKE FOREST,NC,27587,(919) 263-1211,1595826000000,1 - Restaurant,-78.52502308,35.95329289,M,Not Provided
1407,04092018409,MOD PIZZA - WAVERLY,316 COLONADES WAY,,CARY,NC,27518,(919) 241-7200,1595826000000,1 - Restaurant,-78.77756452,35.73853427,M,Not Provided
1408,04092018411,CULVER'S OF FUQUAY VARINA,1860 CINEMA DR ,,FUQUAY-VARINA,NC,27526,,1595566800000,1 - Restaurant,-78.75373787,35.60142788,M,Not Provided
1409,04092018412,THE GRAND MARQUISE BALLROOM,205 NEW FIDELITY CT,,GARNER,NC,27529,,1592197200000,1 - Restaurant,-78.63155664,35.71328952,M,Not Provided
1410,04092018418,LITTLE PORTUGAL,736 N MAIN ST ,,FUQUAY-VARINA,NC,27526,(919) 586-7144,1597208400000,1 - Restaurant,-78.78930477,35.59079805,M,Not Provided
1411,04092018416,THE RESERVE AT MILLS FARM,1000 MILLS CHASE LOOP,,APEX,NC,27523,(919) 809-5310,1597208400000,1 - Restaurant,-78.82985842,35.75053068,M,Not Provided
1412,04092018421,HAMPTON INN & SUITES-RALEIGH MIDTOWN (FOOD SERVICE,1229 WAKE TOWNE DR,,RALEIGH,NC,27609-7495,(919) 831-4700,1597813200000,1 - Restaurant,-78.61871772,35.82237867,M,Not Provided
1413,04092018410,MOD PIZZA - MILLBROOK RD,2071  W MILLBROOK RD,,RALEIGH,NC,27612,(919) 987-3668,1595826000000,1 - Restaurant,-78.67971246,35.85737049,M,Not Provided
1414,04092018423,CHICKEN SALAD CHICK,302 COLONADES WAY ,,CARY,NC,27518,(984) 200-5516,1597899600000,1 - Restaurant,-78.77756452,35.73853427,M,Not Provided
1415,04092018426,IRIS COFFEE LAB,725 TUCKER ST ,,RALEIGH,NC,27603,(919) 441-7489,1598850000000,1 - Restaurant,-78.64966681,35.785973,M,Not Provided
1416,04092018422,MOE'S SOUTHWEST GRILL #283,10760 WAKEFIELD COMMONS DR,,RALEIGH,NC,27614,(919) 570-3222,1597813200000,1 - Restaurant,-78.54088691,35.94279822,M,Not Provided
1417,04092018424,MEAT & BITE,2908 HILLSBOROUGH ST ,,RALEIGH,NC,27607,(201) 709-8417,1598245200000,1 - Restaurant,-78.67526563,35.78961876,M,Not Provided
1418,04092018428,PERRY'S STEAKHOUSE,4509 CREEDMOOR RD,,RALEIGH,NC,27612,(919) 827-4158,1598936400000,1 - Restaurant,-78.68316687,35.8427619,M,Not Provided
1419,04092018431,IDLE HOUR COFFEE SHOP,1818 OBERLIN RD,,RALEIGH,NC,27608,(984) 200-1605,1598936400000,1 - Restaurant,-78.65522188,35.80883384,M,Not Provided
1420,04092018429,BALI HAI,9650 STRICKLAND RD,,RALEIGH,NC,27615,(984) 242-4314,1598936400000,1 - Restaurant,-78.65677038,35.90420522,M,Not Provided
1421,04092018434,BOJANGLES #52,5856 TRYON RD ,,CARY,NC,27518,(919) 424-7922,1599109200000,1 - Restaurant,-78.7400887,35.74649119,M,Not Provided
1422,04092018435,DUNKIN #358977,2880 ROGERS RD,,WAKE FOREST,NC,27587-3894,(919) 606-6236,1599195600000,1 - Restaurant,-78.52451276,35.95184355,M,Not Provided
1423,04092018436,GREAT HARVEST BREAD CO.,1240 NW MAYNARD RD ,,CARY,NC,27513,(919) 460-8158,1597294800000,1 - Restaurant,-78.80932559,35.78486593,M,Not Provided
1424,04092018437,NOODLES   COMPANY #871,2031 CAMERON ST,,RALEIGH,NC,27605,,1599541200000,1 - Restaurant,-78.6602578,35.78996917,M,Not Provided
1425,04092018442,SUBWAY,1478 GARNER STATION  BLVD,,RALEIGH,NC,27603,(919) 772-2000,1599714000000,1 - Restaurant,-78.65475972,35.72582593,M,Not Provided
1426,04092018427,EL MANDADO SUPERMARKET   TAQUERIA,2950 E MILLBROOK RD,,RALEIGH,NC,27604,(919) 878-1800,1598763600000,1 - Restaurant,-78.58256557,35.84853241,M,Not Provided
1427,04092018443,DI FARA,111 E CHATHAM ST,,CARY,NC,27511,(919) 678-5300,1600146000000,1 - Restaurant,-78.7805216,35.78769301,M,Not Provided
1428,04092018444,BURRITO SHAK,2982 KILDAIRE FARM RD,,CARY,NC,27518,(919) 267-6772,1600146000000,1 - Restaurant,-78.78870059,35.71809477,M,Not Provided
1429,04092018445,VIDA DULCE ICE CREAM SHOP,1018 SHOPPES AT MIDWAY DR,SUITE E,KNIGHTDALE,NC,27545,(919) 295-4190,1594270800000,1 - Restaurant,-78.50727643,35.79842841,M,Not Provided
1430,04092018450,MUSTANG CHARLIE'S,1501 N SALEM ST,,APEX,NC,27502,(919) 655-2101,1600837200000,1 - Restaurant,-78.85363641,35.74825394,M,Not Provided
1431,04092018446,GRAND STREET PIZZA,901 N SMITHFIELD RD ,,KNIGHTDALE,NC,27545,(919) 217-3410,1595480400000,1 - Restaurant,-78.48796386,35.7957655,M,Not Provided
1432,04092018451,KOI RAMEN,919 N HARRISON AVE ,,CARY,NC,27513,(919) 377-8088,1601010000000,1 - Restaurant,-78.78340135,35.8006801,M,Not Provided
1433,04092018452,TERRABELLA OF FUQUAY VARINA DINING,6516 JOHNSON POND RD,,FUQUAY-VARINA,NC,27526,(919) 439-2538,1601355600000,1 - Restaurant,-78.75831269,35.60633196,M,Not Provided
1434,04092018455,OUTBACK STEAKHOUSE #3459,5200 CAPITAL BLVD ,,RALEIGH,NC,27616,(919) 790-0990,1599109200000,1 - Restaurant,-78.58031708,35.85666832,M,Not Provided
1435,04092018453,BLOOMSBURY BISTRO,509 W WHITAKER MILL RD ,STE 101,RALEIGH,NC,27608-2400,(919) 834-2011,1601528400000,1 - Restaurant,-78.64475172,35.80399134,M,Not Provided
1436,04092018456,CRAFTY CRAB,3625 HILLSBOROUGH  ST ,,RALEIGH,NC,27607,(919) 890-5336,1599195600000,1 - Restaurant,-78.68493288,35.79323558,M,Not Provided
1437,04092018454,DEJA BREW,5001 FALLS OF NEUSE RD ,,RALEIGH,NC,27609,(919) 239-4612,1601528400000,1 - Restaurant,-78.61557639,35.84978224,M,Not Provided
1438,04092018460,MEZZA LUNA PIZZERIA,1763 W WILLIAMS ST ,,APEX,NC,27523,(919) 303-6686,1602478800000,1 - Restaurant,-78.87770732,35.75964659,M,Not Provided
1439,04092018463,PAT MURNANE'S IRISH PUB,2108 S MAIN ST ,,WAKE FOREST,NC,27587,(919) 562-5570,1602738000000,1 - Restaurant,-78.53406941,35.94965714,M,Not Provided
1440,04092018461,OLIVE GARDEN,8115 BRIER CREEK PKWY,,RALEIGH,NC,27617,(919) 406-0183,1602046800000,1 - Restaurant,-78.78356301,35.90993065,M,Not Provided
1441,04092018464,PIMIENTO TEA ROOM,200 N MAIN ST,,HOLLY SPRINGS,NC,27540,(984) 225-4213,1602824400000,1 - Restaurant,-78.8334781,35.65330387,M,Not Provided
1442,04092018471,AYE! TORO,303 MATTHEWS DR,,HOLLY SPRINGS,NC,27540,(919) 367-6233,1603774800000,1 - Restaurant,-78.79440651,35.66435704,M,Not Provided
1443,04092018466,MCDONALDS #5028,105 E SOUTH ST ,,RALEIGH,NC,27601,(919) 833-7800,1602219600000,1 - Restaurant,-78.63789714,35.7723931,M,Not Provided
1444,04092018465,ALPACA PERUVIAN CHARCOAL CHICKEN,1107 PINE PLAZA DR,,APEX,NC,27523,(919) 924-0455,1602651600000,1 - Restaurant,-78.83026409,35.74675893,M,Not Provided
1445,04092018473,SUBWAY 3152,4003 WAKE FOREST RD ,,RALEIGH,NC,27609,(919) 876-2266,1603947600000,1 - Restaurant,-78.61511107,35.83620957,M,Not Provided
1446,04092018458,DUNKIN BASKIN ROBBINS HWY 55 CARY,2740 NC HWY 55 ,STE 100,CARY,NC,27519,(919) 303-4334,1601960400000,1 - Restaurant,-78.87101487,35.78561634,M,Not Provided
1447,04092018475,WEGMANS #139 COFFEE/SUBS/PIZZA/SALADS,3710 DAVIS DR,,CARY,NC,27519,(919) 415-0210,1604293200000,1 - Restaurant,-78.85023041,35.82831809,M,Not Provided
1448,04092018480,CARNITAS LA BARCA,2259 NEW HOPE CHURCH RD ,,RALEIGH,NC,27604,(919) 645-7504,1604638800000,1 - Restaurant,-78.60062541,35.83624582,M,Not Provided
1449,04092018476,ISTANBUL RESTAURANT   CAFE,914 KILDAIRE FARM RD ,,CARY,NC,27511-3923,(919) 651-9608,1604293200000,1 - Restaurant,-78.78206468,35.7733466,M,Not Provided
1450,04092018486,CHEN'S GARDEN,523 N MAIN ST ,,HOLLY SPRINGS,NC,27540,(919) 557-7363,1606194000000,1 - Restaurant,-78.83686967,35.65965929,M,Not Provided
1451,04092018498,HACIENDA MEAT MARKET,3901 CAPITAL BLVD,SUITE 165,RALEIGH,NC,27604,(984) 200-1151,1604466000000,1 - Restaurant,-78.58517482,35.8349864,M,Not Provided
1452,04092018495,AL BARAKA GRILL,3815 HILLSBOROUGH ST ,,RALEIGH,NC,27607,(919) 838-5155,1605502800000,1 - Restaurant,-78.68961671,35.79418891,M,Not Provided
1453,04092018487,REFUEL #121 WENDELL,2301  WENDELL FALLS PKY ,,WENDELL,NC,27591,(919) 365-8470,1605589200000,1 - Restaurant,-78.43703713,35.78041192,M,Not Provided
1454,04092018497,TAKE 5 CAFE,4025 CENTREGREEN  WAY ,,CARY,NC,27513,(919) 818-5420,1607922000000,1 - Restaurant,-78.79484018,35.8264185,M,Not Provided
1455,04092018502,BRIXX BEDFORD,1540 DUNN RD,,RALEIGH,NC,27614,(919) 747-9303,1607576400000,1 - Restaurant,-78.58619614,35.92540089,M,Not Provided
1456,04092018501,STANDARD BEER AND FOOD,205 E FRANKLIN ST,,RALEIGH,NC,27604,(919) 322-1499,1607922000000,1 - Restaurant,-78.6348233,35.790355,M,Not Provided
1457,04092018500,WEGMANS #108 PIZZA   SUBS ,1200 WAKE TOWNE DR ,,RALEIGH,NC,27609,(984) 960-5600,1603947600000,1 - Restaurant,-78.62082881,35.82131683,M,Not Provided
1458,04092018503,PITA BOWL,9101 LEESVILLE  RD ,STE 141,RALEIGH,NC,27613,(919) 848-1211,1608008400000,1 - Restaurant,-78.72548111,35.89676189,M,Not Provided
1459,04092018509,TROPICAL SMOOTHIE CAFE #NC82,4205 CORNERS PKY ,SUITE 100,RALEIGH,NC,27617,(984) 439-8845,1608526800000,1 - Restaurant,-78.78791959,35.9189124,M,Not Provided
1460,04092018506,SHANGHAI ALLEY,1148 KILDAIRE FARM RD,,CARY,NC,27511,(919) 380-2900,1608181200000,1 - Restaurant,-78.78364284,35.76557968,M,Not Provided
1461,04092018510,THAIPHOON BISTRO,7496 CREEDMOOR RD,,RALEIGH,NC,27613,(919) 917-7988,1608526800000,1 - Restaurant,-78.67810638,35.88786089,M,Not Provided
1462,04092018507,SPICES HUT,10210 GREEN LEVEL CHURCH RD,,CARY,NC,27519,(919) 377-2226,1608354000000,1 - Restaurant,-78.90165656,35.82321475,M,Not Provided
1463,04092018512,POKE BROS,7870 ALEXANDER PROMENADE PL ,STE 110,RALEIGH,NC,27617,(919) 797-2322,1609304400000,1 - Restaurant,-78.77695584,35.91424048,M,Not Provided
1464,04092018514,URBAN CAFE,7810 POYNER POND CIR,SUITE 100,RALEIGH,NC,27616,(919) 874-5017,1610082000000,1 - Restaurant,-78.56916558,35.86464073,M,Not Provided
1465,04092018520,SHEARON HARRIS CAFE,5413  SHEARON HARRIS RD ,,NEW HILL,NC,27562,(984) 229-2037,1611723600000,1 - Restaurant,-78.94432589,35.63332421,M,Not Provided
1466,04092018518,BROOKLYN ORIGINAL SLICES,4005 WAKE FOREST RD ,,RALEIGH,NC,27609-6842,(919) 790-2444,1611118800000,1 - Restaurant,-78.61511107,35.83620957,M,Not Provided
1467,04092018521,SAM JONES BBQ,502 W LENOIR ST ,,RALEIGH,NC,27601,(984) 206-2555,1611205200000,1 - Restaurant,-78.64668781,35.77340093,M,Not Provided
1468,04092018522,MARCO'S PIZZA #8285,133 GRAND HILL PL ,,HOLLY SPRINGS,NC,27540,(919) 346-1227,1611896400000,1 - Restaurant,-78.84941991,35.66264621,M,Not Provided
1469,04092018526,HANK'S DOWNTOWN DIVE,111 E CHATHAM ST,A,CARY,NC,27511,(984) 464-2524,1612933200000,1 - Restaurant,-78.7805216,35.78769301,M,Not Provided
1470,04092018533,CAVA #117,1017 MARKET CENTER DR,,MORRISVILLE,NC,27560,(919) 276-4984,1613365200000,1 - Restaurant,-78.81676084,35.80454792,M,Not Provided
1471,04092018534,WAFFLE HOUSE #725,2624 WESTINGHOUSE BLVD,,RALEIGH,NC,27604,(919) 833-5954,1613451600000,1 - Restaurant,-78.59823624,35.81659024,M,Not Provided
1472,04092018538,DOMINO'S 9020,2114 S MAIN ST,,WAKE FOREST,NC,27587,(919) 562-0330,1613624400000,1 - Restaurant,-78.53503334,35.95207705,M,Not Provided
1473,04092018539,JOE VAN GOGH CEDAR WEST,3109 POPLARWOOD CT ,STE 115,RALEIGH,NC,27604,(703) 801-2266,1613710800000,1 - Restaurant,-78.60554815,35.81700516,M,Not Provided
1474,04092018535,LOWES FOODS #262 DELI/CHEESE,687 MILLS PARK DR,,CARY,NC,27519,(919) 297-2995,1613451600000,1 - Restaurant,-78.89712107,35.80863492,M,Not Provided
1475,04092018527,SOBOL,8204 TRYON WOODS DR,,CARY,NC,27518,(919) 439-1777,1612933200000,1 - Restaurant,-78.74322595,35.74716476,M,Not Provided
1476,04092018541,CHAI'S ASIAN BISTRO,8347 CREEDMOOR  RD ,,RALEIGH,NC,27613,(919) 341-3715,1613970000000,1 - Restaurant,-78.68223246,35.90105464,M,Not Provided
1477,04092018540,JORDAN OAKS,10820 PENNY RD ,,CARY,NC,27518,(919) 387-8250,1613970000000,1 - Restaurant,-78.79550126,35.71734903,M,Not Provided
1478,04092018542,HEYDAY BREWING,5301 TIN ROOF WAY,,RALEIGH,NC,27616-6734,(919) 351-6668,1614056400000,1 - Restaurant,-78.53911051,35.8634444,M,Not Provided
1479,04092018544,MASA SUSHI   RAMEN,2757 NC 55 HWY,,CARY,NC,27519,(919) 629-7100,1614142800000,1 - Restaurant,-78.87279008,35.78531559,M,Not Provided
1480,04092018553,LIME & LEMON INDIAN GRILL & BAR,105 FRIENDLY DR ,,RALEIGH,NC,27607,(919) 244-1205,1616043600000,1 - Restaurant,-78.67588797,35.78901492,M,Not Provided
1481,04092018552,IT'S A WRAP,10970 CHAPEL HILL RD ,,MORRISVILLE,NC,27560,(984) 295-9800,1615179600000,1 - Restaurant,-78.8405695,35.85637857,M,Not Provided
1482,04092018547,TOWN HALL BURGERS   BEER RALEIGH,13100 FALLS OF NEUSE RD ,SUITE 150,RALEIGH,NC,27614,,1607317200000,1 - Restaurant,-78.56176207,35.94053989,M,Not Provided
1483,04092018564,WENDY'S #9393,1020 TIMBER DR E ,,GARNER,NC,27529,(919) 457-9999,1616562000000,1 - Restaurant,-78.58031608,35.68908668,M,Not Provided
1484,04092018566,WENDY'S #10533,4510 FAYETTEVILLE RD ,,RALEIGH,NC,27603,(919) 661-0667,1616562000000,1 - Restaurant,-78.65543106,35.71891301,M,Not Provided
1485,04092018555,LORRAINE'S COFFEE HOUSE,101 TIMBER POINTE LN,,GARNER,NC,27529,(919) 714-7990,1615352400000,1 - Restaurant,-78.63579506,35.69379519,M,Not Provided
1486,04092018570,WENDY'S #1341,4750 CAPITAL BLVD ,,RALEIGH,NC,27616,(919) 976-9228,1616475600000,1 - Restaurant,-78.57990149,35.85030449,M,Not Provided
1487,04092018567,WENDY'S #1985,1374 N MAIN ST ,,FUQUAY-VARINA,NC,27526,(919) 557-0139,1616562000000,1 - Restaurant,-78.77581928,35.59164622,M,Not Provided
1488,04092018574,WENDY'S #11590,2091 S MAIN ST ,,WAKE FOREST,NC,27587,(919) 569-2133,1616475600000,1 - Restaurant,-78.53253117,35.94844913,M,Not Provided
1489,04092018575,WENDY'S #10543,181 GRAND HILL PL ,,HOLLY SPRINGS,NC,27540,(919) 577-6162,1616562000000,1 - Restaurant,-78.84764708,35.66224146,M,Not Provided
1490,04092018577,WENDY'S #8216,1150 EDWARDS MILL RD ,,RALEIGH,NC,27607-3876,(919) 854-4491,1616562000000,1 - Restaurant,-78.72658862,35.79833968,M,Not Provided
1491,04092018576,WENDY'S #1349,1343 KILDAIRE FARM RD ,,CARY,NC,27511,(919) 467-1407,1616562000000,1 - Restaurant,-78.78290918,35.7598376,M,Not Provided
1492,04092018579,WENDY'S #6325,3715 WESTERN BLVD ,,RALEIGH,NC,27606,(919) 821-3099,1616562000000,1 - Restaurant,-78.6876397,35.78448759,M,Not Provided
1493,04092018578,WENDY'S #6306,2964 KILDAIRE FARM RD ,,CARY,NC,27511-9614,(919) 363-5748,1616562000000,1 - Restaurant,-78.78766235,35.71879711,M,Not Provided
1494,04092018580,WENDY'S,8000 POOLER RD ,,RALEIGH,NC,27617,(919) 293-1814,1616475600000,1 - Restaurant,-78.78305127,35.91248707,M,Not Provided
1495,04092018581,WENDY'S,790 W WILLIAMS ST ,,APEX,NC,27502,(919) 367-9483,1616475600000,1 - Restaurant,-78.86423058,35.73836243,M,Not Provided
1496,04092018583,WENDYS,2007 NW CARY PKY ,,MORRISVILLE,NC,27560-5908,(919) 465-1979,1616562000000,1 - Restaurant,-78.81235076,35.80538508,M,Not Provided
1497,04092018585,WENDY'S,4023 DAVIS DR ,,MORRISVILLE,NC,27560,(919) 460-3966,1616562000000,1 - Restaurant,-78.85701615,35.83815358,M,Not Provided
1498,04092018584,WENDY'S,1000 AERIAL CENTER PKY ,,MORRISVILLE,NC,27513,(919) 481-3650,1616562000000,1 - Restaurant,-78.81733925,35.85877316,M,Not Provided
1499,04092018571,WENDY'S,7132 US HIGHWAY 64 E ,,KNIGHTDALE,NC,27545,(919) 266-0917,1616562000000,1 - Restaurant,-78.42700462,35.80300143,M,Not Provided
1500,04092018588,WENDY'S,7460 LOUISBURG RD ,,RALEIGH,NC,27616,(919) 713-0810,1616562000000,1 - Restaurant,-78.53977075,35.87454257,M,Not Provided
1501,04092018589,WENDY'S #11554,3701 NEW BERN AVE ,,RALEIGH,NC,27610,(919) 250-6034,1616562000000,1 - Restaurant,-78.57735524,35.79810492,M,Not Provided
1502,04092018587,WEGMANS #145 MAIN KITCHEN,11051 LIGON MILL RD ,,WAKE FOREST,NC,27587,(919) 575-3800,1616562000000,1 - Restaurant,-78.53369932,35.96402779,M,Not Provided
1503,04092018586,WEGMANS #145 COFFEE SUBS PIZZA,11051 LIGON MILL RD ,,WAKE FOREST,NC,27587,(919) 575-3800,1616475600000,1 - Restaurant,-78.53369932,35.96402779,M,Not Provided
1504,04092018591,WENDY'S #6338,12430 CAPITAL BLVD ,,WAKE FOREST,NC,27587,(919) 676-8933,1616562000000,1 - Restaurant,-78.53512691,35.98551162,M,Not Provided
1505,04092018592,WENDY'S #1344,6611 GLENWOOD AVE ,,RALEIGH,NC,27612,(919) 728-1065,1616562000000,1 - Restaurant,-78.7086882,35.85970982,M,Not Provided
1506,04092018593,WENDY'S,1809 N HARRISON AVE ,,CARY,NC,27513,(919) 677-0039,1616562000000,1 - Restaurant,-78.76795836,35.83059517,M,Not Provided
1507,04092018590,WENDY'S,7200 SIX FORKS RD ,,RALEIGH,NC,27615,(919) 676-8933,1616562000000,1 - Restaurant,-78.64500313,35.87800648,M,Not Provided
1508,04092018595,ELEMENT GASTROPUB,421 FAYETTEVILLE ST,SUITE 103,RALEIGH,NC,27601,(833) 756-8273,1616648400000,1 - Restaurant,-78.63936489,35.77440851,M,Not Provided
1509,04092018599,TIOS PIZZA EMPANADAS   WINGS,2916 N MAIN ST,STE 100,FUQUAY-VARINA,NC,27526,(919) 762-0095,1617166800000,1 - Restaurant,-78.73259512,35.61559312,M,Not Provided
1510,04092018600,MIRCHI'S INDIAN KITCHEN,328 SEMBLER LN,,CARY,NC,27519,(919) 650-3007,1617685200000,1 - Restaurant,-78.90353622,35.82486983,M,Not Provided
1511,04092018602,CAPE FEAR SEAFOOD COMPANY,2018 CLARK AVE,,RALEIGH,NC,27605,(984) 200-5455,1618117200000,1 - Restaurant,-78.6602578,35.78996917,M,Not Provided
1512,04092018606,HARDEE'S WENDELL,2877 WENDELL BLVD ,,WENDELL,NC,27591-6904,(919) 366-6979,1617253200000,1 - Restaurant,-78.37868131,35.79331733,M,Not Provided
1513,04092018605,JOHNNY'S PIZZA,722 N JUDD PKWY NE,,FUQUAY-VARINA,NC,27526-7394,(919) 552-6322,1618549200000,1 - Restaurant,-78.77866077,35.59344505,M,Not Provided
1514,04092018611,HEIGHTS HOUSE KITCHEN ,308 S BOYLAN  ST ,,RALEIGH,NC,27603,(919) 594-1881,1617944400000,1 - Restaurant,-78.65097198,35.77665734,M,Not Provided
1515,04092018610,LIBATIONS 317,317 W MORGAN ST ,SUITE 117,RALEIGH,NC,27601,(919) 770-2669,1618894800000,1 - Restaurant,-78.64400439,35.77942992,M,Not Provided
1516,04092018615,TORCHY'S TACOS #91,1110 MERCANTILE DR ,SUITE 120,RALEIGH,NC,27609,(919) 439-1177,1619154000000,1 - Restaurant,-78.62082881,35.82131683,M,Not Provided
1517,04092018614,THE MUSE COFFEE CO.,225  TIMBER DR ,,GARNER,NC,27529,(434) 941-8762,1618203600000,1 - Restaurant,-78.60613274,35.68500311,M,Not Provided
1518,04092018620,BAPS SHAYONA,1020 AVIATION PKWY,,MORRISVILLE,NC,27560,(732) 777-1414,1620622800000,1 - Restaurant,-78.80838942,35.83913667,M,Not Provided
1519,04092018617,CHURCH'S CHICKEN,1401 NEW BERN AVE ,,RALEIGH,NC,27610,(919) 821-2220,1619672400000,1 - Restaurant,-78.61745339,35.78033026,M,Not Provided
1520,04092018621,CHICK-FIL-A,8901 BRIER CREEK PKWY,,RALEIGH,NC,27617,(919) 973-0093,1620795600000,1 - Restaurant,-78.79050176,35.90106473,M,Not Provided
1521,04092018624,FIVE GUYS #1728,150 CABELA DR ,,GARNER,NC,27529,(919) 772-7338,1622782800000,1 - Restaurant,-78.58356058,35.69798885,M,Not Provided
1522,04092018623,SCRATCH KITCHEN   TAPROOM CARY,160 E CEDAR ST,,CARY,NC,27511,(919) 238-3389,1620882000000,1 - Restaurant,-78.77892036,35.78798034,M,Not Provided
1523,04092018622,NORTHSIDE BISTRO   COCKTAILS ,832 SPRING FOREST RD ,,RALEIGH,NC,27609,(919) 890-5225,1620882000000,1 - Restaurant,-78.62263364,35.86627157,M,Not Provided
1524,04092018625,FIVE GUYS #1784,5501 CAPITAL BLVD ,,RALEIGH,NC,27616,(984) 232-0547,1622782800000,1 - Restaurant,-78.58265898,35.86064464,M,Not Provided
1525,04092018627,KAZU HIBACHI,8111 CREEDMIOOR  RD ,SUITE 149,RALEIGH,NC,27613,(919) 977-8999,1620709200000,1 - Restaurant,-78.68248846,35.8985009,M,Not Provided
1526,04092018630,MAMMA MIA ITALIAN BISTRO HS,300 S MAIN ST ,STE 200,HOLLY SPRINGS,NC,27540,(919) 766-8000,1622178000000,1 - Restaurant,-78.83425908,35.64817337,M,Not Provided
1527,04092018632,CHICK-FIL-A #03376,3770 LAKE BOONE TRL ,,RALEIGH,NC,27607,(919) 785-2799,1622523600000,1 - Restaurant,-78.69299571,35.81676957,M,Not Provided
1528,04092018631,MCDONALD'S #3923,830 E WILLIAMS ST ,,APEX,NC,27502,(919) 606-4201,1622005200000,1 - Restaurant,-78.84504566,35.72190261,M,Not Provided
1529,04092018633,STARBUCKS,1017 CARRINGTON MILL BLVD,,MORRISVILLE,NC,27560,(984) 842-3017,1622523600000,1 - Restaurant,-78.84206123,35.85731675,M,Not Provided
1530,04092018640,IHOP #4408,3009 CAPITAL BLVD ,,RALEIGH,NC,27604-3333,(984) 302-3055,1622696400000,1 - Restaurant,-78.59245741,35.82124307,M,Not Provided
1531,04092018636,SIZZLIN STIR FRY,8521 BRIER CREEK PKWY,SUITE 117,RALEIGH,NC,27617-7334,(919) 666-6257,1622523600000,1 - Restaurant,-78.78335109,35.90685106,M,Not Provided
1532,04092018641,DUNKIN #359813,12612 CAPITAL  BLVD ,SUITE 200,WAKE FOREST,NC,27587,(984) 272-7428,1622782800000,1 - Restaurant,-78.53100933,35.98892245,M,Not Provided
1533,04092018642,FIVE GUYS #0128,1018 SHOPPES AT MIDWAY DR ,,KNIGHTDALE,NC,27545,(919) 266-6664,1622782800000,1 - Restaurant,-78.50727643,35.79842841,M,Not Provided
1534,04092018644,DUKE RALEIGH HOSPITAL CAFETERIA,3400 WAKE FOREST RD,,RALEIGH,NC,27609,(919) 954-3160,1622782800000,1 - Restaurant,-78.61848906,35.82845408,M,Not Provided
1535,04092018646,FIVE GUYS #1797,1075 PINE PLAZA BLVD ,,APEX,NC,27523,(919) 616-0011,1623042000000,1 - Restaurant,-78.82939058,35.74657144,M,Not Provided
1536,04092018645,FIVE GUYS #1710,1121 PARKSIDE MAIN ST ,,CARY,NC,27519,(919) 380-0450,1623042000000,1 - Restaurant,-78.88929615,35.84835999,M,Not Provided
1537,04092018647,FIVE GUYS #0368,8107 CREEDMOOR RD ,STE 100,RALEIGH,NC,27613,(919) 844-7057,1623042000000,1 - Restaurant,-78.68116671,35.89788698,M,Not Provided
1538,04092018650,JERSEY MIKE'S #3091,2345 TIMBER  DR ,,GARNER,NC,27529,(919) 779-7827,1623128400000,1 - Restaurant,-78.64123273,35.7022181,M,Not Provided
1539,04092018652,PURE VEGAN CAFE,8369 CREEDMOOR  RD ,,RALEIGH,NC,27613,(919) 633-3476,1623819600000,1 - Restaurant,-78.68223246,35.90105464,M,Not Provided
1540,04092018654,BRU'S PUBLIC HOUSE,5433 WADE PARK BLVD ,STE 100,RALEIGH,NC,27607,(919) 977-8755,1623819600000,1 - Restaurant,-78.73034637,35.80695217,M,Not Provided
1541,04092018655,DAIRY QUEEN #11993,12271 CAPITAL  BLVD ,,WAKE FOREST,NC,27587,(919) 554-2564,1623906000000,1 - Restaurant,-78.53978525,35.98090471,M,Not Provided
1542,04092018649,MORNING ROLLS,1322 E MILLBROOK RD ,STE A,RALEIGH,NC,27609,(984) 272-4200,1623128400000,1 - Restaurant,-78.61557639,35.84978224,M,Not Provided
1543,04092018658,LA FARM RDU,2600 JOHN BRANTLEY BLVD,,MORRISVILLE,NC,27560-7891,(919) 825-3469,1623042000000,1 - Restaurant,-78.7893961,35.86970016,M,Not Provided
1544,04092018659,JERSEY MIKE'S #3042,7949 FAYETTEVILLE  RD ,,RALEIGH,NC,27603,(919) 661-0111,1624338000000,1 - Restaurant,-78.6974243,35.66508436,M,Not Provided
1545,04092018648,FIVE GUYS #2,4120   MAIN AT NORTH HILLS ST ,STE 155,RALEIGH,NC,27609,(919) 787-7772,1623042000000,1 - Restaurant,-78.64297679,35.83719099,M,Not Provided
1546,04092018661,WOODY'S SPORTS TAVERN   GRILL,3107 GRACE PARK DR ,,MORRISVILLE,NC,27560,(919) 650-3177,1624597200000,1 - Restaurant,-78.84652233,35.821117,M,Not Provided
1547,04092018660,BURGER KING #7810,7102 KNIGHTDALE BLVD ,,KNIGHTDALE,NC,27545,(252) 565-0516,1624597200000,1 - Restaurant,-78.49171409,35.79786292,M,Not Provided
1548,04092018664,AKAMI SUSHI BAR,1561 E WILLIAMS ST,,APEX,NC,27539,(919) 267-6368,1624942800000,1 - Restaurant,-78.83534593,35.70675427,M,Not Provided
1549,04092018663,BURGER KING #6563,12301 CAPITAL  BLVD ,,WAKE FOREST,NC,27587,(919) 556-3585,1624856400000,1 - Restaurant,-78.53943475,35.9820388,M,Not Provided
1550,04092018665,BURGER KING #6010,7300 CREEDMOOR RD ,,RALEIGH,NC,27613-1637,(919) 846-9002,1624942800000,1 - Restaurant,-78.67906547,35.88659323,M,Not Provided
1551,04092018666,BURGER KING #2983,6500 GLENWOOD AVE ,,RALEIGH,NC,27612,(919) 322-2199,1624942800000,1 - Restaurant,-78.70639645,35.85939507,M,Not Provided
1552,04092018668,MARIO'S PIZZERIA,999 DURHAM RD ,SUITE 105,WAKE FOREST,NC,27587,(919) 556-1777,1625115600000,1 - Restaurant,-78.54726425,35.97582905,M,Not Provided
1553,04092018667,BURGER KING #3768,4203 WAKE FOREST RD ,,RALEIGH,NC,27609,(919) 872-3795,1625029200000,1 - Restaurant,-78.6130788,35.83835215,M,Not Provided
1554,04092018670,BURGER KING #5719,3955 NEW BERN AVE ,,RALEIGH,NC,27610,(919) 231-6415,1625115600000,1 - Restaurant,-78.56962782,35.79959925,M,Not Provided
1555,04092018669,BURGER KING #9362,1711 N HARRISON AVE ,,CARY,NC,27513-2406,(919) 677-8895,1625115600000,1 - Restaurant,-78.77022476,35.82885666,M,Not Provided
1556,04092018672,BURGER KING #10775,636  W GANNON AVE,,ZEBULON,NC,27595,(919) 404-1091,1625202000000,1 - Restaurant,-78.32958431,35.82096381,M,Not Provided
1557,04092018671,BURGER KING #11244,2791 NC 55 HWY ,,CARY,NC,27511,(919) 387-0071,1625202000000,1 - Restaurant,-78.87169591,35.78608001,M,Not Provided
1558,04092018674,BURGER KING #8513,1828 ROCK QUARRY RD ,,RALEIGH,NC,27610,,1625115600000,1 - Restaurant,-78.6129409,35.75475159,M,Not Provided
1559,04092018673,BURGER KING #4521,2241 AVENT FERRY RD ,,RALEIGH,NC,27606-2133,(919) 829-1908,1625115600000,1 - Restaurant,-78.67605304,35.77835842,M,Not Provided
1560,04092018678,UNC HEALTH REX HOLLY SPRINGS HOSPITAL KITCHEN,850 S MAIN ST,,HOLLY SPRINGS,NC,27540,(984) 960-1800,1626152400000,1 - Restaurant,-78.83556193,35.64254054,M,Not Provided
1561,04092018677,BURGER KING #27555,923 GATEWAY COMMONS CIR ,,WAKE FOREST,NC,27587,(919) 554-3008,1625720400000,1 - Restaurant,-78.49643475,35.96847362,M,Not Provided
1562,04092018679,POTBELLY SANDWICH SHOP,1108 PARKSIDE MAIN ST,,CARY,NC,27519,(919) 650-3920,1626152400000,1 - Restaurant,-78.88929615,35.84835999,M,Not Provided
1563,04092018681,PENN STATION EAST COAST SUBS #260,6301 FALLS OF NEUSE  RD ,STE B,RALEIGH,NC,27615,(919) 896-6871,1626325200000,1 - Restaurant,-78.62251588,35.86923291,M,Not Provided
1564,04092018686,BAGELS 1,100 DICKENS RD ,,FUQUAY-VARINA,NC,27526,(919) 285-4980,1627966800000,1 - Restaurant,-78.81080601,35.61517071,M,Not Provided
1565,04092018680,MIDTOWN PHO,424 E SIX FORKS RD ,SUITE 105,RALEIGH,NC,27609,(919) 747-9899,1626238800000,1 - Restaurant,-78.62602306,35.82001966,M,Not Provided
1566,04092018683,CAVA #128,6004 FALLS OF NEUSE RD ,100,RALEIGH,NC,27609-3526,(919) 276-4591,1626843600000,1 - Restaurant,-78.61995256,35.86546174,M,Not Provided
1567,04092018689,CITY BARBEQUE #10056,4122 LAKE BOONE TRL ,,RALEIGH,NC,27607,(919) 739-2506,1628139600000,1 - Restaurant,-78.69966638,35.81593467,M,Not Provided
1568,04092018691,HOME 2 SUITES RALEIGH NORTH FOOD SERVICE,3951 SUMNER BLVD,,RALEIGH,NC,27616-2996,(919) 758-8013,1628398800000,1 - Restaurant,-78.57259382,35.86380448,M,Not Provided
1569,04092018692,42 LAWRENCE,134 E MARTIN ST ,,RALEIGH,NC,27601,(813) 846-7248,1628658000000,1 - Restaurant,-78.63713722,35.77657759,M,Not Provided
1570,04092018693,QUE PASHOO/ MARISCOS - BAR - GRILL,1428  GARNER STATION BLVD ,,RALEIGH,NC,27603,(919) 615-4347,1628658000000,1 - Restaurant,-78.65210481,35.7254846,M,Not Provided
1571,04092018695,ROSATI'S PIZZA MORRISVILLE ,3605 DAVIS DR ,STE 107,MORRISVILLE,NC,27560,(919) 380-7000,1628830800000,1 - Restaurant,-78.84976358,35.82130617,M,Not Provided
1572,04092018694,MR. DUMPLING,5470 APEX PEAKWAY ,,APEX,NC,27502,,1628658000000,1 - Restaurant,-78.86537408,35.73684286,M,Not Provided
1573,04092018690,TARGET STARBUCKS   SNACK BAR,8701 SIX FORKS RD ,,RALEIGH,NC,27615,(919) 326-0118,1628398800000,1 - Restaurant,-78.65241871,35.89851007,M,Not Provided
1574,04092018698,TOWNPLACE SUITES FOOD SERVICE,3771  THISTLEDOWN DR ,,RALEIGH,NC,27606,(984) 300-1410,1629867600000,1 - Restaurant,-78.69926871,35.75561559,M,Not Provided
1575,04092018696,TROPICAL SMOOTHIE CAFE NC74,1553 US HWY 70W ,,GARNER,NC,27529,(919) 803-3040,1628830800000,1 - Restaurant,-78.64815222,35.72323486,M,Not Provided
1576,04092018697,KYLIN ASIAN CUISINE ,2143 TEN-TEN RD ,,APEX,NC,27539,(919) 367-8686,1629435600000,1 - Restaurant,-78.81811359,35.72082295,M,Not Provided
1577,04092018699,WCC CAFE,111 COMPETITION CENTER DR ,SUITE 110,MORRISVILLE,NC,27560,(984) 465-4579,1630040400000,1 - Restaurant,-78.81738193,35.84279891,M,Not Provided
1578,04092018700,CHICK-FIL-A #01488,220 SHENSTONE BLVD ,,GARNER,NC,27529,(919) 329-0275,1630126800000,1 - Restaurant,-78.58261701,35.69212161,M,Not Provided
1579,04092018706,COASTAL CAFE,3030 SLATER RD ,,MORRISVILLE,NC,27560,(984) 833-5873,1631682000000,1 - Restaurant,-78.82729724,35.86836875,M,Not Provided
1580,04092018701,MEZEH GRILL,1286 W WILLIAMS ST,,APEX,NC,27502-3953,(919) 386-3434,1630126800000,1 - Restaurant,-78.87327823,35.74703843,M,Not Provided
1581,04092018703,TACO ADDICTS,131 CROSSROADS BLVD,,CARY,NC,27518,(919) 896-8043,1630558800000,1 - Restaurant,-78.74226136,35.76176402,M,Not Provided
1582,04092018708,AMERICA'S BEST WINGS,3901 CAPITAL BLVD,SUITE 117,RALEIGH,NC,27604-3487,(919) 747-9440,1632200400000,1 - Restaurant,-78.58517482,35.8349864,M,Not Provided
1583,04092018709,AC HOTEL RALEIGH DOWNTOWN BY MARRIOTT,9 GLENWOOD AVE,,RALEIGH,NC,27603,(919) 803-5100,1632200400000,1 - Restaurant,-78.64791388,35.78151809,M,Not Provided
1584,04092018711,CLEVELAND DRAFT HOUSE,1420 E BROAD ST,,FUQUAY-VARINA,NC,27526,(919) 659-5500,1632200400000,1 - Restaurant,-78.77496836,35.59376972,M,Not Provided
1585,04092018714,CHECO'S MEXICAN GRILL,7617 POOLE RD,,RALEIGH,NC,27610,(919) 244-5111,1632200400000,1 - Restaurant,-78.50618802,35.75444592,M,Not Provided
1586,04092018715,FOUNDATION SENIOR LIVING FOOD SERVICE,1437 AVERSBORO RD ,,GARNER,NC,27529,(919) 322-2765,1631509200000,1 - Restaurant,-78.61571891,35.69057294,M,Not Provided
1587,04092018712,NAZARA INDIAN BISTRO,1945 HIGH HOUSE RD ,,CARY,NC,27519,(919) 694-5353,1632286800000,1 - Restaurant,-78.84865558,35.78922067,M,Not Provided
1588,04092018720,BETO EL POBLANO,13100 FALLS OF NEUSE RD,SUITE 100,RALEIGH,NC,27614,(919) 931-1942,1633410000000,1 - Restaurant,-78.56176207,35.94053989,M,Not Provided
1589,04092018722,JM APEX #3028,922 US 64 HWY W ,,APEX,NC,27502,(919) 467-3900,1634101200000,1 - Restaurant,-78.820808,35.74557219,M,Not Provided
1590,04092018728,DANIEL'S RESTAURANT,1430 W WILLIAMS ST ,,APEX,NC,27523-9300,(919) 303-1006,1636088400000,1 - Restaurant,-78.87657382,35.75245627,M,Not Provided
1591,04092018732,GYM TACOS,3701 HILLSBOROUGH  ST ,,RALEIGH,NC,27614,(919) 600-8708,1636088400000,1 - Restaurant,-78.68565747,35.79354192,M,Not Provided
1592,04092018734,HOMEWOOD SUITES RALEIGH/CARY FOOD SERVICE ,100 MACALYSON CT ,,CARY,NC,27511,(919) 467-4444,1636952400000,1 - Restaurant,-78.80061675,35.73506919,M,Not Provided
1593,04092018721,TRY SEAFOODS,8204 TRYON WOODS DR ,,CARY,NC,27518,(919) 977-1777,1633410000000,1 - Restaurant,-78.74322595,35.74716476,M,Not Provided
1594,04092018739,CASTILLO'S MEXICAN RESTAURANT,3587 MAITLAND DR,,RALEIGH,NC,27610,(919) 615-0000,1637557200000,1 - Restaurant,-78.58023533,35.79733992,M,Not Provided
1595,04092018723,JM PEAK PLAZA #3080 ,1761 NC-55 HWY ,,APEX,NC,27523,(919) 363-6453,1634101200000,1 - Restaurant,-78.88775521,35.84231804,M,Not Provided
1596,04092018736,HIBACHI 88,675 MILLS PARK DR,,CARY,NC,27519,(919) 267-9988,1637038800000,1 - Restaurant,-78.89712107,35.80863492,M,Not Provided
1597,04092018740,COURTYARD BY MARRIOTT FOODSERVICE,5730 DILLARD DR,,CARY,NC,27518,(919) 816-9988,1637557200000,1 - Restaurant,-78.74642794,35.75664126,M,Not Provided
1598,04092018737,FANG'S KITCHEN,677 MILLS PARK DR,,CARY,NC,27519,(919) 234-6699,1637038800000,1 - Restaurant,-78.89712107,35.80863492,M,Not Provided
1599,04092018744,JERSEY MIKE RDU #3013,962 AIRPORT BLVD ,STE D,MORRISVILLE,NC,27560,(919) 319-0039,1638248400000,1 - Restaurant,-78.82039891,35.85719025,M,Not Provided
1600,04092018742,TROPICAL SMOOTHIE CAFE,3101 EDWARDS MILL RD,SUITE 107,RALEIGH,NC,27612-5303,(984) 200-5301,1637643600000,1 - Restaurant,-78.70695545,35.82544758,M,Not Provided
1601,04092018745,COSTCO WHOLESALE #1587 FOOD COURT,7800 FAYETTEVILLE RD,,RALEIGH,NC,27603,(984) 810-5038,1638334800000,1 - Restaurant,-78.69889946,35.6686402,M,Not Provided
1602,04092018746,PUBLIX #1744 DELI,2257 WENDELL FALLS PKWY,,WENDELL,NC,27591,(919) 365-7055,1638421200000,1 - Restaurant,-78.43555679,35.77644083,M,Not Provided
1603,04092018743,CUCCIOLO TERRAZZA,4200 SIX FORKS RD,SUITE 100,RALEIGH,NC,26802-7609,(919) 747-7887,1637643600000,1 - Restaurant,-78.63895989,35.83593275,M,Not Provided
1604,04092018747,GOLDEN KRUST,6260 PLANTATION CENTER DR,SUITE 101,RALEIGH,NC,27616,(984) 200-2218,1638421200000,1 - Restaurant,-78.5823769,35.87315531,M,Not Provided
1605,04092018748,IRON OAKS TAP ROOM,3800 GLENWOOD AVE,SUITE 120,RALEIGH,NC,27612-4869,(727) 858-3557,1638421200000,1 - Restaurant,-78.66651263,35.83176516,M,Not Provided
1606,04092018749,AVENT FERRY PIZZA,3231 AVENT FERRY RD,SUITE 102,RALEIGH,NC,27606-3171,(919) 703-0027,1638421200000,1 - Restaurant,-78.69565546,35.76674009,M,Not Provided
1607,04092018750,FATBOYS KITCHEN,4511 NEW BERN  AVE ,,RALEIGH,NC,27610,(919) 900-8986,1638421200000,1 - Restaurant,-78.55938499,35.79875367,M,Not Provided
1608,04092018751,SUNRISE SUPERFOOD CAFE,1040  FORESTVILLE  RD ,#148,WAKE FOREST,NC,27587,(919) 554-1228,1638853200000,1 - Restaurant,-78.50759601,35.94610971,M,Not Provided
1609,04092018753,CHIPOTLE,601 VILLAGE WALK DR,,HOLLY SPRINGS,NC,27540,(919) 586-8560,1638939600000,1 - Restaurant,-78.83592967,35.63983004,M,Not Provided
1610,04092018741,TACO BELL #32554,6300 BATTLE BRIDGE RD ,,RALEIGH,NC,27610,(984) 884-6241,1637643600000,1 - Restaurant,-78.54741583,35.72411618,M,Not Provided
1611,04092018754,THE GARDEN GRILL   BAR,1500 RDU CENTER DR ,,MORRISVILLE,NC,27560-8278,(919) 848-8088,1639371600000,1 - Restaurant,-78.79604483,35.85106891,M,Not Provided
1612,04092018758,URBAN ANGEETHI,5033 ARCO ST,,CARY,NC,27519,(919) 234-5555,1640149200000,1 - Restaurant,-78.88191823,35.83348308,M,Not Provided
1613,04092018760,NIL'S CAFE MEDITERRANEAN CUISINE,513 E BROAD ST ,,FUQUAY-VARINA,NC,27526,(919) 867-0887,1640667600000,1 - Restaurant,-78.79402435,35.59342697,M,Not Provided
1614,04092018757,PANERA #6027,2002 KILDAIRE FARM RD,,CARY,NC,27518,(919) 261-7916,1640062800000,1 - Restaurant,-78.78074152,35.73836377,M,Not Provided
1615,04092018761,BUL BOX,2526 HILLSBOROUGH ST ,STE 100,RALEIGH,NC,27607,(919) 880-5900,1640667600000,1 - Restaurant,-78.66922671,35.78834892,M,Not Provided
1616,04092018762,HIBACHI 88,8410 LOUISBURG RD ,STE 110,RALEIGH,NC,27616-5906,(919) 752-6288,1640754000000,1 - Restaurant,-78.50931118,35.89359506,M,Not Provided
1617,04092018763,LECHON,5959 TRIANGLE TOWN BLVD ,,RALEIGH,NC,27616,(919) 793-9913,1640754000000,1 - Restaurant,-78.576038,35.86600165,M,Not Provided
1618,04092018764,COOK OUT #297,1151 N SMITHFIELD RD ,,KNIGHTDALE,NC,27545,(919) 618-8532,1640754000000,1 - Restaurant,-78.48810244,35.79784458,M,Not Provided
1619,04092018765,CHICK-FIL-A #1760,6711 KNIGHTDALE  BLVD ,,KNIGHTDALE,NC,27545,(919) 754-4977,1640062800000,1 - Restaurant,-78.50467694,35.79768216,M,Not Provided
1620,04092018768,COURTYARD BISTRO,3401 SUMNER BLVD,,RALEIGH,NC,27616,(919) 645-0088,1640840400000,1 - Restaurant,-78.58018074,35.86693589,M,Not Provided
1621,04092018769,TROPICAL SMOOTHIE CAFE NC14	,8111 CREEDMOOR RD ,STE 157,RALEIGH,NC,27613,(919) 803-5991,1641272400000,1 - Restaurant,-78.68248846,35.8985009,M,Not Provided
1622,04092018771,SMOOTHIE KING 501,1117 MARKET CENTER DR,,MORRISVILLE,NC,75042-7560,(919) 800-0118,1641531600000,1 - Restaurant,-78.81676084,35.80454792,M,Not Provided
1623,04092018773,O.M. TEA BOBA & BITES,3901 CAPITAL  BLVD ,,RALEIGH,NC,27604-6072,(919) 809-8493,1641790800000,1 - Restaurant,-78.58517482,35.8349864,M,Not Provided
1624,04092018772,SMOOTHIE KING 1381,1118 PARKSIDE MAIN ST,,CARY,NC,27519,,1641531600000,1 - Restaurant,-78.88929615,35.84835999,M,Not Provided
1625,04092018774,DAVE AND BUSTER 169,1111 WALNUT ST,,CARY,NC,27511,(919) 535-6800,1641877200000,1 - Restaurant,-78.76025643,35.77376876,M,Not Provided
1626,04092018776,LA CASITA MEXICANA,7039 KNIGHTDALE BLVD ,,KNIGHTDALE,NC,27545,(919) 373-0421,1641963600000,1 - Restaurant,-78.49003668,35.79982416,M,Not Provided
1627,04092018777,QUALITY INN/BREAKFAST,2539 S SAUNDERS ST ,,RALEIGH,NC,27603,(919) 863-0091,1642482000000,1 - Restaurant,-78.64828473,35.74994601,M,Not Provided
1628,04092018779,ARBY'S #76036,151 WAKELON ST ,,ZEBULON,NC,27597,(919) 269-0995,1642568400000,1 - Restaurant,-78.31572856,35.83347498,M,Not Provided
1629,04092018767,V PIZZA,7930 SKYLAND RIDGE PKY ,STE 100,RALEIGH,NC,27617,(919) 748-3633,1638766800000,1 - Restaurant,-78.78380008,35.91583398,M,Not Provided
1630,04092018780,ARBY'S #77820,6725 KNIGHTDALE BLVD,,KNIGHTDALE,NC,27545,(919) 217-9680,1642654800000,1 - Restaurant,-78.50344844,35.79796133,M,Not Provided
1631,04092018782,ARBY'S #70286,1404 N MAIN ST,,FUQUAY-VARINA,NC,27526,(919) 552-8377,1642654800000,1 - Restaurant,-78.7727976,35.59236555,M,Not Provided
1632,04092018783,MOGE TEE,2304 HILLSBOROUGH ST ,SUITE 100,RALEIGH,NC,27607,(984) 200-9008,1642654800000,1 - Restaurant,-78.6661813,35.78758493,M,Not Provided
1633,04092018784,SHEETZ #703,4005 JONES SAUSAGE RD,,GARNER,NC,27529,(919) 900-8458,1642654800000,1 - Restaurant,-78.57990574,35.72510551,M,Not Provided
1634,04092018787,SUSHI MON #2,3800 GLENWOOD AVE,SUITE 100,RALEIGH,NC,27612-4874,(919) 803-1000,1643000400000,1 - Restaurant,-78.66651263,35.83176516,M,Not Provided
1635,04092018785,ARBY'S #77814,2601 WAKE FOREST  RD ,,RALEIGH,NC,27609,(919) 832-6885,1643000400000,1 - Restaurant,-78.62513131,35.81840799,M,Not Provided
1636,04092018791,GEORGE'S PIZZERIA,238  S. WHITE ST ,,WAKE FOREST,NC,27587,(919) 435-6067,1643086800000,1 - Restaurant,-78.51038617,35.97698837,M,Not Provided
1637,04092018794,DUNKIN #358795,8205 FAYETTEVILLE RD,101,RALEIGH,NC,27603,(910) 985-1722,1643346000000,1 - Restaurant,-78.70141647,35.66239504,M,Not Provided
1638,04092018795,DOMINO'S #8855,135 E DAVIE ST ,,RALEIGH,NC,27601,(704) 588-2611,1643605200000,1 - Restaurant,-78.6375318,35.77583968,M,Not Provided
1639,04092018801,THE VENUE RALEIGH,327 W DAVIE ST ,SUITE 102,RALEIGH,NC,27601,(919) 271-6353,1644728400000,1 - Restaurant,-78.6449398,35.77523676,M,Not Provided
1640,04092018796,DOMINO'S #5577 ,1600 CROSS LINK RD ,UNIT 101,RALEIGH,NC,27610,(704) 588-2611,1643605200000,1 - Restaurant,-78.61369782,35.75403243,M,Not Provided
1641,04092018802,MCDONALD'S #5105,2801 WAKE FOREST RD ,,RALEIGH,NC,27609,(919) 819-4504,1644814800000,1 - Restaurant,-78.62471247,35.81913009,M,Not Provided
1642,04092018803,TROPICAL SMOOTHIE CAFE NC 106,15 EAGLE WING WAY,,GARNER,NC,27529,(919) 594-1798,1644987600000,1 - Restaurant,-78.5885004,35.69793452,M,Not Provided
1643,04092018804,PAPA'S SUBS   PIZZA,511 N MAIN ST ,,HOLLY SPRINGS,NC,27540,,1644901200000,1 - Restaurant,-78.83686967,35.65965929,M,Not Provided
1644,04092018789,JUBALA COFFEE,200 PARK AT NORTH HILLS ST,SUITE 140,RALEIGH,NC,27609,(919) 200-5048,1643000400000,1 - Restaurant,-78.63713697,35.83594099,M,Not Provided
1645,04092018807,BOJANGLES #53,1541 SUNDAY DR ,,RALEIGH,NC,27607,(919) 322-2637,1645333200000,1 - Restaurant,-78.72967919,35.80016718,M,Not Provided
1646,04092018806,FUEGO LATINO RESTAURANT AND BAR,4000 ATLANTIC AVE ,SUITE 164,RALEIGH,NC,27604,(919) 872-8482,1645160400000,1 - Restaurant,-78.60078131,35.83795741,M,Not Provided
1647,04092018808,BRIGHT SPOT DOUGHNUTS,1501 SUNRISE AVE,SUITE 180,RALEIGH,NC,27608-2667,,1645333200000,1 - Restaurant,-78.6362898,35.80149859,M,Not Provided
1648,04092018809,TROPICAL SMOOTHIE,6113 CAPITAL BLVD,,RALEIGH,NC,27616,(919) 890-5828,1645333200000,1 - Restaurant,-78.5830954,35.86881664,M,Not Provided
1649,04092018811,CIRCLE K #3479,1900 US 70 HWY E,,GARNER,NC,27529,(919) 662-0336,1645506000000,1 - Restaurant,-78.54953743,35.68663211,M,Not Provided
1650,04092018816,PARK ALUMNI CENTER,2450 ALUMNI DR,,RALEIGH,NC,27606,(919) 515-0554,1647406800000,1 - Restaurant,-78.67973963,35.76281459,M,Not Provided
1651,04092018805,CLEAN JUICE,4421 SIX FORKS RD,103B,RALEIGH,NC,27609,(919) 977-0019,1644987600000,1 - Restaurant,-78.64349731,35.8401699,M,Not Provided
1652,04092018815,LA BUENA VIDA,4516 FALLS OF NEUSE RD,,RALEIGH,NC,27609,(919) 985-4408,1646802000000,1 - Restaurant,-78.61307274,35.84373466,M,Not Provided
1653,04092018821,JARA CAFE,8300 HEALTH PARK RD ,SUITE 101,RALEIGH,NC,27615,(919) 803-8703,1647320400000,1 - Restaurant,-78.65910504,35.89591665,M,Not Provided
1654,04092018817,RALEIGH GRANDE,4840 GROVE BARTON RD ,,RALEIGH,NC,27613,(919) 788-9000,1646888400000,1 - Restaurant,-78.71688653,35.87197598,M,Not Provided
1655,04092018828,ANISE PHO,222 GLENWOOD AVE ,SUITE 113,RALEIGH,NC,27603,(714) 815-2980,1647493200000,1 - Restaurant,-78.64697296,35.78363334,M,Not Provided
1656,04092018826,FLYING BISCUIT,9400 BRIER CREEK PKWY,SUITE 101,RALEIGH,NC,27617,(984) 219-2323,1647406800000,1 - Restaurant,-78.7992095,35.90277406,M,Not Provided
1657,04092018831,DAWN & DUSK CANTINA,7810 TARGET  CIR ,SUITE101,RALEIGH,NC,27616,(984) 232-0010,1646370000000,1 - Restaurant,-78.57108515,35.86643206,M,Not Provided
1658,04092018829,KOREAN KITCHEN,2101 S. MAIN ST ,SUITE 100,WAKE FOREST,NC,27587,(919) 261-8181,1647579600000,1 - Restaurant,-78.53310175,35.94801797,M,Not Provided
1659,04092018830,BELLINI ITALIAN CUISINE,7256 GB ALFORD HWY,,HOLLY SPRINGS,NC,27540,(919) 552-0303,1647579600000,1 - Restaurant,-78.83292633,35.63499737,M,Not Provided
1660,04092018824,PRIMO HOAGIES,141 PARK AT NORTH HILLS ST,SUITE 111,RALEIGH,NC,27609,(919) 917-7111,1647406800000,1 - Restaurant,-78.63883981,35.83739883,M,Not Provided
1661,04092018836,CHICK-FIL-A #04822,7740 FAYETTEVILLE RD,,RALEIGH,NC,27603,,1648011600000,1 - Restaurant,-78.69716847,35.66774012,M,Not Provided
1662,04092018837,ALPACA PERUVIAN CHARCOAL CHICKEN,6000 VILLAGE PARK DR,,KNIGHTDALE,NC,27545,(919) 295-1066,1648011600000,1 - Restaurant,-78.49906376,35.79778882,M,Not Provided
1663,04092018833,TACO BELL #47,951 GATEWAY COMMONS CIR ,,WAKE FOREST,NC,27587,(984) 401-0422,1647320400000,1 - Restaurant,-78.49152933,35.96738646,M,Not Provided
1664,04092018840,TAQUERIA EL TORO #2,3600 JUNCTION BLVD,,RALEIGH,NC,27603,(919) 661-5676,1648443600000,1 - Restaurant,-78.6584509,35.73079494,M,Not Provided
1665,04092018839,MARCO'S PIZZA #8524,6820 GLENWOOD AVE,110,RALEIGH,NC,27612,(919) 916-2200,1648011600000,1 - Restaurant,-78.71079236,35.86271633,M,Not Provided
1666,04092018843,TACO BELL #37833(090),8255 FAYETTEVILLE RD,,RALEIGH,NC,27603,(984) 261-1310,1648616400000,1 - Restaurant,-78.7015238,35.6620792,M,Not Provided
1667,04092018841,BIBIBOP,2007 WALNUT ST,104,CARY,NC,27518,(984) 240-7156,1648443600000,1 - Restaurant,-78.74088654,35.75779318,M,Not Provided
1668,04092018845,LUNCHBOX DELI,"2816 TRAWICK RD, STE 105",,RALEIGH,NC,27604,(919) 307-4001,1648616400000,1 - Restaurant,-78.59041041,35.81946241,M,Not Provided
1669,04092018844,BRONCO TACOS,3434 EDWARDS MILL RD,SUITE 114,RALEIGH,NC,27612-4276,(919) 594-1719,1648616400000,1 - Restaurant,-78.70344887,35.82691391,M,Not Provided
1670,04092018846,A SLICE OF NY PIZZA,8301 BRIER CREEK PKY ,STE 107,RALEIGH,NC,27617,(919) 889-5600,1650430800000,1 - Restaurant,-78.78335109,35.90685106,M,Not Provided
1671,04092018848,CHICK-FIL-A #2181,801 VILLAGE WALK DR,,HOLLY SPRINGS,NC,27540,(919) 567-0060,1649048400000,1 - Restaurant,-78.83458935,35.63921896,M,Not Provided
1672,04092018847,STARBUCKS MACGREGOR VILLAGE,101 EDINBURGH SOUTH DR,,CARY,NC,27511,(919) 205-4456,1649134800000,1 - Restaurant,-78.79806693,35.73669743,M,Not Provided
1673,04092018850,TAP STATION,320 S SALEM ST,,APEX,NC,27502,(919) 355-2023,1649307600000,1 - Restaurant,-78.85435308,35.72763486,M,Not Provided
1674,04092018851,THE CAMBRIDGE VILLAGE AT BRIER CREEK,7901 T W ALEXANDER DR,,RALEIGH,NC,27617,(919) 808-1380,1649394000000,1 - Restaurant,-78.78145533,35.9187774,M,Not Provided
1675,04092018853,NAGA'S SOUTH INDIAN CUISINE,1000 LOWER SHILOH WAY ,STE 106,MORRISVILLE,NC,27560,(919) 748-3152,1650258000000,1 - Restaurant,-78.8472274,35.86545974,M,Not Provided
1676,04092018852,BOMBAY CURRY,13220 STRICKLAND RD,SUITE 167,RALEIGH,NC,52132-7613,(919) 615-3040,1649394000000,1 - Restaurant,-78.72593678,35.90878748,M,Not Provided
1677,04092018854,KAZE,1251 TIMBER DR E ,,GARNER,NC,27529,(919) 329-6789,1649307600000,1 - Restaurant,-78.57611001,35.68797311,M,Not Provided
1678,04092018859,THE CREATIVE CUP,113 N ARENDELL AVE ,SUITE 101,ZEBULON,NC,27597,(919) 404-8565,1650258000000,1 - Restaurant,-78.31322598,35.82163948,M,Not Provided
1679,04092018856,RANDY'S PIZZA - HOLLY SPRINGS,634 HOLLY SPRING RD ,,HOLLY SPRINGS,NC,27540,(919) 567-0505,1650603600000,1 - Restaurant,-78.82480568,35.65380837,M,Not Provided
1680,04092018860,CHAMPA THAI & SUSHI,8521 BRIER CREEK PKY ,STE 119,RALEIGH,NC,27617,(919) 806-0078,1651467600000,1 - Restaurant,-78.78335109,35.90685106,M,Not Provided
1681,04092018861,FENG CHA,3037 VILLAGE MARKET PL ,,MORRISVILLE,NC,27560,(984) 333-0783,1651467600000,1 - Restaurant,-78.81851333,35.80675484,M,Not Provided
1682,04092018867,BOSPHORUS RESTAURANT,329 N HARRISON AVE ,,CARY,NC,27513,(919) 460-1300,1652245200000,1 - Restaurant,-78.78373893,35.78994983,M,Not Provided
1683,04092018864,MOE'S SOUTHWEST GRILL - CARY,127 WESTON PKY ,,CARY,NC,27513,(919) 678-8444,1651554000000,1 - Restaurant,-78.77115668,35.82699559,M,Not Provided
1684,04092018857,ASSAGGIO'S ITALIAN BISTRO,3501 W MILLBROOK RD ,,RALEIGH,NC,27613,(919) 785-2088,1651035600000,1 - Restaurant,-78.71057387,35.86327265,M,Not Provided
1685,04092018869,MOE'S SOUTHWEST GRILL - WEST CARY,5020 ARCO ST ,,CARY,NC,27519,(919) 230-1720,1652331600000,1 - Restaurant,-78.88191823,35.83348308,M,Not Provided
1686,04092018872,MARCO'S PIZZA #8486,7500 RAMBLE WAY ,SUITE 115,RALEIGH,NC,27616,(919) 825-1812,1652677200000,1 - Restaurant,-78.53751091,35.87630472,M,Not Provided
1687,04092018870,MARCO'S PIZZA #8188,3625 ROGERS RD ,STE 106,WAKE FOREST,NC,27587,(919) 717-9205,1652418000000,1 - Restaurant,-78.50332084,35.94520904,M,Not Provided
1688,04092018871,SUYU SUSHI,301 N SALEM ST ,,APEX,NC,27502,(919) 302-5827,1652677200000,1 - Restaurant,-78.85047017,35.73305294,M,Not Provided
1689,04092018874,CHICK-FIL-A #1218,411 COLONADES WAY,,CARY,NC,27518,(919) 816-8222,1653022800000,1 - Restaurant,-78.7769391,35.74057794,M,Not Provided
1690,04092018877,PALETERIA MONARCA MICHOACANA,3901 CAPITAL  BLVD ,,RALEIGH,NC,27604,(919) 491-1161,1653022800000,1 - Restaurant,-78.58517482,35.8349864,M,Not Provided
1691,04092018880,DUNKIN #362565,994 HIGH HOUSE RD,,CARY,NC,27513-3575,(984) 364-9618,1653454800000,1 - Restaurant,-78.82691634,35.78842126,M,Not Provided
1692,04092018881,EL QUETZAL GUATEMALAN MEXICAN GRILL,962-B AIRPORT BLVD ,,MORRISVILLE,NC,27560,,1653541200000,1 - Restaurant,-78.82039891,35.85719025,M,Not Provided
1693,04092018882,HIBACHI JAPAN,7216 GB ALFORD HWY ,,HOLLY SPRINGS,NC,27540,(919) 557-7216,1654146000000,1 - Restaurant,-78.83292633,35.63499737,M,Not Provided
1694,04092018883,ARMANDO'S PIZZA,103  N ARENDELL  AVE ,,ZEBULON,NC,27597,(919) 646-0042,1654146000000,1 - Restaurant,-78.31306199,35.82139623,M,Not Provided
1695,04092018887,BAZIL INDIAN CUISINE,6602 GLENWOOD AVE,,RALEIGH,NC,27612,(919) 307-3034,1654578000000,1 - Restaurant,-78.70776162,35.86036632,M,Not Provided
1696,04092018886,PARAGON THEATER,21 FENTON MAIN ST,110,CARY,NC,27511,(919) 473-9676,1654578000000,1 - Restaurant,-78.75946535,35.78159001,M,Not Provided
1697,04092018890,COOK OUT #305,4001 JONES SAUSAGE RD,,GARNER,NC,27529,,1655096400000,1 - Restaurant,-78.57906091,35.72566318,M,Not Provided
1698,04092018888,STARBUCKS,4109 WAKE FOREST RD,,RALEIGH,NC,27609,(984) 292-0090,1654578000000,1 - Restaurant,-78.61355673,35.83796708,M,Not Provided
1699,04092018893,GOLDEN CORRAL #950,3551 GRENELLE ST ,,RALEIGH,NC,27603,(919) 772-6603,1654750800000,1 - Restaurant,-78.65223464,35.73188419,M,Not Provided
1700,04092018894,SCOOTERS GRILL AND BAR,1911 SEGO CT ,,RALEIGH,NC,27616-2967,(919) 324-1811,1655874000000,1 - Restaurant,-78.60143149,35.85143932,M,Not Provided
1701,04092018895,SUBWAY #33002,7106 KNIGHTDALE BLVD ,,KNIGHTDALE,NC,27545,(919) 261-0406,1655960400000,1 - Restaurant,-78.49111403,35.79651309,M,Not Provided
1702,04092018900,STARBUCK'S #65867,7860 FAYETTEVILLE RD ,,RALEIGH,NC,27603,(984) 292-1179,1656651600000,1 - Restaurant,-78.69788238,35.66728061,M,Not Provided
1703,04092018896,BUSSIN PIZZA,3209 HILLSBOROUGH ST ,,RALEIGH,NC,27607,(919) 900-8317,1656046800000,1 - Restaurant,-78.67978737,35.79046367,M,Not Provided
1704,04092018897,EMPANADAS AND MORE,2107 GRACE PARK  DR ,,MORRISVILLE,NC,27560,(919) 377-0137,1656046800000,1 - Restaurant,-78.84652233,35.821117,M,Not Provided
1705,04092018901,SUSHI ONE,8470 HONEYCUTT  RD ,SUITE 100,RALEIGH,NC,27616,(919) 615-3209,1656997200000,1 - Restaurant,-78.62166264,35.89510631,M,Not Provided
1706,04092018903,HARDEE'S #1205,2304 GORMAN ST,,RALEIGH,NC,27606,(919) 233-8287,1657774800000,1 - Restaurant,-78.69461129,35.76740727,M,Not Provided
1707,04092018902,HARTURA,12239 CAPITAL BLVD ,,WAKE FOREST,NC,27587,(919) 488-4048,1657256400000,1 - Restaurant,-78.54067857,35.97989629,M,Not Provided
1708,04092018904,MISO RAMEN BAR,2409 CRABTREE BLVD,SUITE 104,RALEIGH,NC,27604-4547,(919) 307-3032,1657774800000,1 - Restaurant,-78.61383257,35.80541224,M,Not Provided
1709,04092018907,NEOMONDE MEDITERRANEAN,3817 BERYL RD ,,RALEIGH,NC,27607-5244,(919) 828-1628,1657774800000,1 - Restaurant,-78.69018863,35.79325476,M,Not Provided
1710,04092018910,BIG AIR,6421 HILBURN DR ,,RALEIGH,NC,27613,(919) 999-3200,1657774800000,1 - Restaurant,-78.71681146,35.86750298,M,Not Provided
1711,04092018906,CROSSTOWN PUB,154 E CHATHAM ST,,CARY,NC,27511,(919) 650-2853,1657774800000,1 - Restaurant,-78.77962669,35.78718751,M,Not Provided
1712,04092018909,GUASACA,913 SPRING FOREST RD ,100,RALEIGH,NC,27609-9119,(919) 803-6539,1657774800000,1 - Restaurant,-78.62235847,35.86797165,M,Not Provided
1713,04092018911,ELLE ET MOI CUISINE,6109 ROCK QUARRY RD ,,RALEIGH,NC,27610,(704) 689-2882,1657861200000,1 - Restaurant,-78.54853184,35.72427852,M,Not Provided
1714,04092018913,GOLDEN CHINA,2432 SW CARY PKY ,,CARY,NC,27513,(919) 380-7891,1658120400000,1 - Restaurant,-78.82085568,35.76364284,M,Not Provided
1715,04092018914,LA VICTORIA,2025 RENAISSANCE PARK PL ,,CARY,NC,27513,(919) 602-4152,1658293200000,1 - Restaurant,-78.77209635,35.82792133,M,Not Provided
1716,04092018916,BOJANGLES #54,3900 NC 55 HWY,,CARY,NC,27519,(919) 234-1118,1658466000000,1 - Restaurant,-78.87283731,35.81923759,M,Not Provided
1717,04092018915,EL AMIGO MEXICAN RESTAURANT,404 W CHATHAM ST ,,CARY,NC,27511,(919) 317-0016,1658466000000,1 - Restaurant,-78.7884575,35.78704359,M,Not Provided
1718,04092018917,WING IT ON,1061 E BROAD ST,,FUQUAY-VARINA,NC,27526,,1658725200000,1 - Restaurant,-78.78156011,35.59287671,M,Not Provided
1719,04092018918,TROPICAL SMOOTHIE,1051 E BROAD ST,,FUQUAY-VARINA,NC,27526-1799,,1658725200000,1 - Restaurant,-78.78150211,35.59449788,M,Not Provided
1720,04092018920,BRIER CREEK BEER GARDEN,8521 BRIER CREEK PKY ,STE 101,RALEIGH,NC,27617,(919) 748-3900,1659070800000,1 - Restaurant,-78.78335109,35.90685106,M,Not Provided
1721,04092018923,MARCO'S PIZZA #8400,9906 CHAPEL HILL RD ,,MORRISVILLE,NC,27560,(919) 380-0044,1659675600000,1 - Restaurant,-78.820634,35.81480892,M,Not Provided
1722,04092018921,FIREHOUSE SUBS #178,10251 LITTLE BRIER CREEK LN ,STE 109,RALEIGH,NC,27617,(919) 806-3900,1659070800000,1 - Restaurant,-78.785168,35.91133298,M,Not Provided
1723,04092018924,YINDEE,10970 CHAPEL HILL RD ,STE 106,MORRISVILLE,NC,27560,(919) 237-3023,1659675600000,1 - Restaurant,-78.8405695,35.85637857,M,Not Provided
1724,04092018926,BREW COFFEE BAR- MCNEILL POINTE,2310 BALE ST ,SUITE 106,RALEIGH,NC,27608,(919) 455-1719,1659934800000,1 - Restaurant,-78.6274814,35.81292749,M,Not Provided
1725,04092018925,MAYAMI,3501 CAPITAL BLVD ,132,RALEIGH,NC,27604-3370,(919) 307-3038,1659675600000,1 - Restaurant,-78.58692931,35.82783317,M,Not Provided
1726,04092018932,RALEIGH CHEESY,3075 MEDLIN DR ,,RALEIGH,NC,27607,(984) 242-0365,1656046800000,1 - Restaurant,-78.67723095,35.80950917,M,Not Provided
1727,04092018927,BREW COFFEE BAR- CARY THEATER,122 E CHATHAM ST ,SUITE 112,CARY,NC,27511,(919) 377-1472,1659934800000,1 - Restaurant,-78.78039644,35.78710751,M,Not Provided
1728,04092018930,LILLY'S PIZZA,1813 GLENWOOD AVE ,,RALEIGH,NC,27608-2323,(919) 833-0226,1660626000000,1 - Restaurant,-78.64652514,35.80484566,M,Not Provided
1729,04092018928,FIREHOUSE SUBS #122,260 GRANDE HEIGHTS DR ,,CARY,NC,27513,(919) 468-1822,1660539600000,1 - Restaurant,-78.78059125,35.80471168,M,Not Provided
1730,04092018934,ELEMENTS CAFE @ JORDAN HALL (NCSU),2800 FAUCETTE DR ,,RALEIGH,NC,27607,(919) 515-7205,1660539600000,1 - Restaurant,-78.67872314,35.78447976,M,Not Provided
1731,04092018940,SHEETZ #365,1655 N MAIN ST,,FUQUAY-VARINA,NC,27526,(919) 577-2215,1661922000000,1 - Restaurant,-78.76014604,35.5969458,M,Not Provided
1732,04092018941,CHICK-FIL-A #1359,1460 N MAIN ST,,FUQUAY-VARINA,NC,27526,(919) 577-1030,1659675600000,1 - Restaurant,-78.76758644,35.59383062,M,Not Provided
1733,04092018936,BOWLBA CAFE,3607 FALLS RIVER  AVE ,STE 117,RALEIGH,NC,27614,(305) 781-9828,1661749200000,1 - Restaurant,-78.56497149,35.9295858,M,Not Provided
1734,04092018939,HAPPY   HALE,8711 SIX FORKS RD ,,RALEIGH,NC,27615,(984) 232-0038,1661749200000,1 - Restaurant,-78.65461063,35.89932731,M,Not Provided
1735,04092018942,M SUSHI/M IZAKAYA,4 FENTON MAIN ST ,,CARY,NC,27511,(919) 377-2204,1662354000000,1 - Restaurant,-78.75852986,35.78087951,M,Not Provided
1736,04092018943,COLLETTA,1 FENTON MAIN ST,,CARY,NC,27511,(919) 766-0062,1663477200000,1 - Restaurant,-78.75852986,35.78087951,M,Not Provided
1737,04092018944,PERI PERI BISTRO,8531 BRIER CREEK PKY ,SUITE 109,RALEIGH,NC,27617,(984) 244-7127,1662699600000,1 - Restaurant,-78.78335109,35.90685106,M,Not Provided
1738,04092018951,EGGS UP GRILL GARNER,2686 TIMBER DR,,GARNER,NC,27529,(919) 364-8560,1662440400000,1 - Restaurant,-78.63679232,35.71605085,M,Not Provided
1739,04092018945,SUPERICA,25 FENTON MAIN ST ,STE 110,CARY,NC,27511,(919) 443-0746,1663477200000,1 - Restaurant,-78.75852986,35.78087951,M,Not Provided
1740,04092018946,CRU FOOD AND WINE,9 FENTON MAIN ST,,CARY,NC,27511,(929) 377-2079,1660798800000,1 - Restaurant,-78.75852986,35.78087951,M,Not Provided
1741,04092018955,TRU BY HILTON RALEIGH/GARNER (FOOD SERVICE),565 US 70  HWY E ,,GARNER,NC,27529,(919) 329-6090,1661835600000,1 - Restaurant,-78.59024699,35.70009485,M,Not Provided
1742,04092018953,STRIKE   BARREL,413 BROOKS  ST ,,WAKE FOREST,NC,27587,(919) 488-4651,1662526800000,1 - Restaurant,-78.50875692,35.97419021,M,Not Provided
1743,04092018958,HIBACHI CHINA 88,239 TIMBER  DR ,,GARNER,NC,27529,(984) 202-5880,1663131600000,1 - Restaurant,-78.60613274,35.68500311,M,Not Provided
1744,04092018961,THE PERK CAFE,3025 CARRINGTON MILL BLVD ,,MORRISVILLE,NC,27560,(919) 418-2149,1666933200000,1 - Restaurant,-78.83271675,35.8650279,M,Not Provided
1745,04092018968,PIADA ITALIAN STREET FOOD,2016 MARKET CENTER DR ,,MORRISVILLE,NC,27560,(919) 371-0787,1665982800000,1 - Restaurant,-78.81670042,35.80776192,M,Not Provided
1746,04092018956,THE BBQ LAB NORTH HILLS,4120 MAIN AT NORTH HILLS ,SUITE 135,RALEIGH,NC,27609,(919) 900-8426,1663045200000,1 - Restaurant,-78.64297679,35.83719099,M,Not Provided
1747,04092018959,MI CANCUN #3,1400 BOULDERSTONE WAY ,,CARY,NC,27519,(984) 333-0069,1663563600000,1 - Restaurant,-78.84803883,35.79230834,M,Not Provided
1748,04092018971,APPLEBEE'S # 1126,7831 TARGET  CIR ,,RALEIGH,NC,27614,(919) 872-2401,1666674000000,1 - Restaurant,-78.57080607,35.86695398,M,Not Provided
1749,04092018952,WENDY'S 13670,2297 WENDELL FALLS PKY ,,RALEIGH,NC,27591,(919) 374-7214,1662699600000,1 - Restaurant,-78.43566213,35.77980431,M,Not Provided
1750,04092018970,APPLEBEE'S # 1086,6609 KNIGHTDALE BLVD ,,KNIGHTDALE,NC,27545,(919) 266-5939,1666674000000,1 - Restaurant,-78.50745168,35.79704182,M,Not Provided
1751,04092018973,APPLEBEE'S #1125 ,1480 N MAIN ST ,,FUQUAY-VARINA,NC,27526,(919) 552-1521,1666674000000,1 - Restaurant,-78.7668277,35.59397705,M,Not Provided
1752,04092018975,APPLE CAFE MACS ESPRESSO BAR,301 METLIFE WAY,,CARY,NC,27513,,1664773200000,1 - Restaurant,-78.79710342,35.83059458,M,Not Provided
1753,04092018979,MITCH'S TAVERN,2426 HILLSBOROUGH ST ,,RALEIGH,NC,27607-7248,(818) 345-3296,1666933200000,1 - Restaurant,-78.66770188,35.78790893,M,Not Provided
1754,04092018982,JERSEY MIKE'S #3002,5910 DURALEIGH RD ,STE 119,RALEIGH,NC,27612,(919) 787-2540,1668747600000,1 - Restaurant,-78.71199827,35.85872108,M,Not Provided
1755,04092018983,JERSEY MIKE'S #3150,3608 DAVIS DR ,STE 100,MORRISVILLE,NC,27560,(919) 380-0289,1668747600000,1 - Restaurant,-78.84755867,35.82155875,M,Not Provided
1756,04092018984,JERSEY MIKE'S #3181,4205 CORNERS PKY ,SUITE 105,RALEIGH,NC,27617,(919) 949-1539,1668747600000,1 - Restaurant,-78.78791959,35.9189124,M,Not Provided
1757,04092018986,JERSEY MIKE'S #3229,13220 STRICKLAND RD ,STE 168,RALEIGH,NC,27613-5213,(919) 436-3266,1668747600000,1 - Restaurant,-78.72593678,35.90878748,M,Not Provided
1758,04092018987,POLLO CAMPERO,8300 LITCHFORD RD ,,RALEIGH,NC,27615,(919) 301-8475,1667365200000,1 - Restaurant,-78.60122673,35.89213664,M,Not Provided
1759,04092018985,JERSEY MIKE'S #3136,7177 O'KELLY CHAPEL RD ,,CARY,NC,27519,(919) 388-2200,1668747600000,1 - Restaurant,-78.8882479,35.8441495,M,Not Provided
1760,04092018988,THE RALEIGH WINE SHOP,317 S BLOODWORTH ST,,RALEIGH,NC,27601,(919) 803-5473,1667365200000,1 - Restaurant,-78.63312881,35.77584717,M,Not Provided
1761,04092018990,J. BETSKI'S,1916 BERNARD ST,,RALEIGH,NC,27608,(919) 803-0008,1667451600000,1 - Restaurant,-78.6305369,35.8074925,M,Not Provided
1762,04092018980,CHICK-FIL-A NORTH HILLS,4154 MAIN AT NORTH HILLS ST ,SUITE 114,RALEIGH,NC,27609,(919) 510-0100,1667278800000,1 - Restaurant,-78.64297679,35.83719099,M,Not Provided
1763,04092018991,BB'S CRISPY CHICKEN,1147 PARKSIDE MAIN ST,,CARY,NC,27519,(984) 272-3500,1667451600000,1 - Restaurant,-78.89104131,35.84748842,M,Not Provided
1764,04092018995,CARAJILLO'S MEXICAN GRILL,4205 FAYETTEVILE RD ,,RALEIGH,NC,27603,(919) 977-0149,1667538000000,1 - Restaurant,-78.65211655,35.72148835,M,Not Provided
1765,04092018993,HOPPY HOUSE TAPROOM   HANGOUT PLACE,10966 CHAPEL HILL RD,,MORRISVILLE,NC,27560,,1667451600000,1 - Restaurant,-78.84122141,35.85590291,M,Not Provided
1766,04092018994,VEGAN COMMUNITY KITCHEN,803 E WILLIAMS ST ,,APEX,NC,27502,(919) 372-5027,1667538000000,1 - Restaurant,-78.84409317,35.72219936,M,Not Provided
1767,04092018997,JERSEY MIKE'S #3127,280  MEETING ST ,,CARY,NC,27518,(919) 459-8896,1668747600000,1 - Restaurant,-78.74478994,35.75665901,M,Not Provided
1768,04092018996,JERSEY MIKE'S #3149,3201-139 EDWARDS MILL RD ,,RALEIGH,NC,27612,(984) 202-5627,1668747600000,1 - Restaurant,-78.70695545,35.82544758,M,Not Provided
1769,04092018998,JERSEY MIKE'S #3099,3490 KILDAIRE FARM RD ,STE 172,CARY,NC,27518,(919) 363-1827,1668747600000,1 - Restaurant,-78.79564018,35.70596311,M,Not Provided
1770,04092018999,JERSEY MIKE'S #3024,701 CARY TOWNE BLVD ,,CARY,NC,27511,(919) 461-8100,1668747600000,1 - Restaurant,-78.76675868,35.77660368,M,Not Provided
1771,04092019000,JERSEY MIKE'S #3021,701 N MAIN ST ,,FUQUAY-VARINA,NC,27529,(919) 557-3000,1668747600000,1 - Restaurant,-78.79264676,35.59174506,M,Not Provided
1772,04092019005,LONGLEAF SWINE BBQ,300 E EDENTON ST,,RALEIGH,NC,27601,(910) 330-0702,1667970000000,1 - Restaurant,-78.63447339,35.78088842,M,Not Provided
1773,04092019001,JERSEY MIKE'S #3176,242 GRAND HILL PL ,,HOLLY SPRINGS,NC,27540,(919) 345-2290,1668747600000,1 - Restaurant,-78.84588018,35.66560754,M,Not Provided
1774,04092019010,BRIER POINTE RETIREMENT COMMUNITY RESTAURANT,5911 MCCRIMMON PKY ,,MORRISVILLE,NC,27560,(913) 481-8973,1668488400000,1 - Restaurant,-78.8459875,35.83928967,M,Not Provided
1775,04092019011,JERSEY MIKE'S #3157,1009 STADIUM  DR ,SUITE 116,WAKE FOREST,NC,27587,(919) 277-0623,1668747600000,1 - Restaurant,-78.52990283,35.98957154,M,Not Provided
1776,04092019013,JERSEY MIKE'S #3189,166 CABELA DR ,,GARNER,NC,27529,(919) 999-1540,1668747600000,1 - Restaurant,-78.58356058,35.69798885,M,Not Provided
1777,04092019012,JERSEY MIKE'S #3101,14460 FALLS OF NEUSE  RD ,UNIT 113,RALEIGH,NC,27587,(919) 488-0262,1668747600000,1 - Restaurant,-78.54362149,35.94386897,M,Not Provided
1778,04092019014,JERSEY MIKE'S #3151,6727-C KNIGHTDALE BLVD,,KNIGHTDALE,NC,27545,(919) 295-4661,1668747600000,1 - Restaurant,-78.50344844,35.79796133,M,Not Provided
1779,04092019006,GIORGIO PIZZA BAR,141 PARK AT NORTH HILLS ST,SUITE 112,RALEIGH,NC,27609,(919) 896-6007,1667970000000,1 - Restaurant,-78.63883981,35.83739883,M,Not Provided
1780,04092019015,JERSEY MIKE'S #3131,6176 FALLS OF NEUSE  RD ,UNIT 104,RALEIGH,NC,27609,(919) 870-7827,1668747600000,1 - Restaurant,-78.62018089,35.86656916,M,Not Provided
1781,04092019018,THE OAK,4035 LAKE BOONE TRL ,STE 115,RALEIGH,NC,27607,(919) 787-9100,1669006800000,1 - Restaurant,-78.6970997,35.81457601,M,Not Provided
1782,04092019019,JERSEY MIKE'S #3130,4121 NEW BERN AVE ,STE 101,RALEIGH,NC,27610,(919) 231-0070,1669006800000,1 - Restaurant,-78.56526182,35.80114658,M,Not Provided
1783,04092019022,ISO ISO RAMEN   BAR,402 OBERLIN RD,SUITE120,RALEIGH,NC,27605,(919) 917-7313,1669870800000,1 - Restaurant,-78.66234255,35.78976083,M,Not Provided
1784,04092019023,EAST END BISTROT,2020 PROGRESS CT,SUITE 110,RALEIGH,NC,27608-2768,(919) 417-1798,1669870800000,1 - Restaurant,-78.62268024,35.8089415,M,Not Provided
1785,04092019017,CHICK-FIL-A  #04618,651 E SIX FORKS RD,,RALEIGH,NC,27609,(336) 486-4489,1669006800000,1 - Restaurant,-78.62160697,35.81939891,M,Not Provided
1786,04092019024,EL SALSA'S MEXICAN GRILL,3501 FORESTVILLE RD ,,RALEIGH,NC,27616,(919) 217-7918,1669957200000,1 - Restaurant,-78.50942592,35.88257822,M,Not Provided
1787,04092019029,MCDONALD'S #32336,1001 MORRISVILLE-CARPENTER RD ,,MORRISVILLE,NC,27560,(919) 460-7228,1671080400000,1 - Restaurant,-78.84482217,35.81889576,M,Not Provided
1788,04092019030,BRIGS AT THE CROSSING,1225 NW MAYNARD RD ,,CARY,NC,27513-8720,(919) 481-9300,1672549200000,1 - Restaurant,-78.81241251,35.78438851,M,Not Provided
1789,04092019031,TACOS OAXACA,1324 N MAIN ST,,FUQUAY-VARINA,NC,27526,(919) 762-0826,1671426000000,1 - Restaurant,-78.77764161,35.59047463,M,Not Provided
1790,04092019033,CAPTAIN STANLEY'S SEAFOOD,3333 S WILMINGTON ST ,,RALEIGH,NC,27603,(919) 272-0384,1671685200000,1 - Restaurant,-78.64955339,35.73402367,M,Not Provided
1791,04092019028,MCDONALD'S #15546,3508 W MILLBROOK RD ,,RALEIGH,NC,27613,(919) 781-3702,1671080400000,1 - Restaurant,-78.71191096,35.86339974,M,Not Provided
1792,04092019034,THE DANKERY,2526 HILLSBOROUGH ST ,UNIT 106,RALEIGH,NC,27607-7266,(919) 698-1277,1672290000000,1 - Restaurant,-78.66922671,35.78834892,M,Not Provided
1793,04092019035,LEO'S ITALIAN SOCIAL,1301 MARKET CENTER DR ,,MORRISVILLE,NC,27560,(919) 234-0860,1671598800000,1 - Restaurant,-78.81676084,35.80454792,M,Not Provided
1794,04092019036,BRIG'S GREAT BEGINNINGS,8111 CREEDMOOR RD ,STE 169,RALEIGH,NC,27613,(919) 870-0994,1672808400000,1 - Restaurant,-78.68248846,35.8985009,M,Not Provided
1795,04092019037,HOLIDAY GARDENS AT WAKEFIELD,12800 SPRUCE TREE  WAY ,,RALEIGH,NC,27614,(919) 562-5580,1672894800000,1 - Restaurant,-78.56215992,35.9429143,M,Not Provided
1796,04092019038,KOKI,10970 CHAPEL HILL RD ,STE 122,MORRISVILLE,NC,27560,,1672894800000,1 - Restaurant,-78.8405695,35.85637857,M,Not Provided
1797,04092019041,OSTERIA G,5160 SUNSET LAKE RD ,STE 101,HOLLY SPRINGS,NC,27539,(984) 229-7480,1673240400000,1 - Restaurant,-78.79955568,35.66756996,M,Not Provided
1798,04092019042,WHICH WICH #670,7200 KNIGHTDALE BLVD ,,KNIGHTDALE,NC,27545,(919) 373-8883,1673931600000,1 - Restaurant,-78.48707602,35.79774491,M,Not Provided
1799,04092019048,EL TACO MARKET,3800 NEW BERN  AVE ,,RALEIGH,NC,27610,(919) 250-0412,1674190800000,1 - Restaurant,-78.576001,35.79743766,M,Not Provided
1800,04092019047,RBF YOUR AUTHENTIC CHAMPAGNE BAR,210 E CHATHAM ST,10,CARY,NC,27511,(919) 377-2003,1674190800000,1 - Restaurant,-78.77743835,35.78708842,M,Not Provided
1801,04092019046,7-ELEVEN #41993A,205 DOGWOOD TREE LN,,CARY,NC,27519,(919) 219-6298,1674190800000,1 - Restaurant,-78.90170955,35.82405075,M,Not Provided
1802,04092019049,TAZIKI'S MEDITERRANEAN CAFE,108 GRAND HILL PL ,,HOLLY SPRINGS,NC,27540,(984) 266-1226,1673326800000,1 - Restaurant,-78.84941991,35.66264621,M,Not Provided
1803,04092019050,FALLS RIVER CAFE,10630 DURANT RD ,SUITE 104,RALEIGH,NC,27614,(919) 306-5245,1674536400000,1 - Restaurant,-78.59244949,35.90622131,M,Not Provided
1804,04092019051,SMOOTH JOE COFFEE,5321 TIN ROOF WAY,SUITE 104,RALEIGH,NC,27616,(919) 521-5800,1674536400000,1 - Restaurant,-78.53911051,35.8634444,M,Not Provided
1805,04092019052,FUN DIPPOT,2304 HILLSBOROUGH ST,SUITE 102,RALEIGH,NC,27607,(984) 960-0183,1674536400000,1 - Restaurant,-78.6661813,35.78758493,M,Not Provided
1806,04092019044,TIKILA TACOS   MEZCAL,1030 FORESTVILLE RD,SUITE 100,RALEIGH,NC,27587,(919) 986-1801,1672981200000,1 - Restaurant,-78.50666572,35.9452704,M,Not Provided
1807,04092019054,AMERICA'S BEST WINGS,6209 ROCK QUARRY RD,SUITE 102,RALEIGH,NC,27610,(919) 803-7316,1674536400000,1 - Restaurant,-78.54796209,35.72312635,M,Not Provided
1808,04092019053,AVENUE GRILL,600 HILLSBOROUGH ST,,RALEIGH,NC,27603,,1674536400000,1 - Restaurant,-78.64783696,35.78095908,M,Not Provided
1809,04092019056,GOODNIGHTS COMEDY CLUB,401 WOODBURN RD,,RALEIGH,NC,27605,(919) 828-5233,1674622800000,1 - Restaurant,-78.6602578,35.78996917,M,Not Provided
1810,04092019058,THE PICKLED ONION #3,8440 LOUISBURG  RD ,SUITE 160,RALEIGH,NC,27616,(919) 418-3411,1674709200000,1 - Restaurant,-78.50931118,35.89359506,M,Not Provided
1811,04092019057,MARCO'S PIZZA #8521,"4203 FAYETTEVILLE RD, STE 110",,RALEIGH,NC,27603,(919) 762-4444,1674622800000,1 - Restaurant,-78.65202015,35.72206519,M,Not Provided
1812,04092019059,CAROLINA FISH FRY,1566 BENSON  RD ,,GARNER,NC,27529,(919) 322-2223,1674709200000,1 - Restaurant,-78.60448524,35.68442644,M,Not Provided
1813,04092019062,EL CANTARITO BAR   GRILL,155 S MAIN ST,,FUQUAY-VARINA,NC,27526,(919) 285-3781,1675227600000,1 - Restaurant,-78.79939011,35.58291547,M,Not Provided
1814,04092019060,HIBACHI CHINA BUFFET,111 SHANNON OAKS CIR ,,CARY,NC,27511,(919) 388-1686,1674709200000,1 - Restaurant,-78.78396209,35.75999102,M,Not Provided
1815,04092019064,SPORTS   SOCIAL CARY,301 FENTON GATEWAY DR,110,CARY,NC,27511,(919) 363-8888,1675400400000,1 - Restaurant,-78.75852986,35.78087951,M,Not Provided
1816,04092019066,RUSH HOUR INC.,1021 WCC LANE,,MORRISVILLE,NC,27560,(919) 439-5222,1675400400000,1 - Restaurant,-78.81843392,35.84104266,M,Not Provided
1817,04092019055,NCMA CAFE (WEST BUILDING),2110 BLUE RIDGE RD,,RALEIGH,NC,27607,(919) 664-6834,1674622800000,1 - Restaurant,-78.72639629,35.81625009,M,Not Provided
1818,04092019067,MIDWOOD SMOKEHOUSE,409 W. JOHNSON ST.,,RALEIGH,NC,27603,(919) 267-2666,1675400400000,1 - Restaurant,-78.64517014,35.78610909,M,Not Provided
1819,04092019065,SUSHI TIME,7901 FALLS OF NEUSE RD,SUITE 121,RALEIGH,NC,27615-3347,(919) 307-4676,1676782800000,1 - Restaurant,-78.62784564,35.89352248,M,Not Provided
1820,04092019069,SUBWAY #3262,813 N BASS PRO LN ,,CARY,NC,27513,(919) 678-1191,1677128400000,1 - Restaurant,-78.77007336,35.83116267,M,Not Provided
1821,04092019071,BELLA ITALIA RISTORANTE,10630 DURANT RD ,UNIT 101,RALEIGH,NC,27614,(919) 676-0076,1677474000000,1 - Restaurant,-78.59244949,35.90622131,M,Not Provided
1822,04092019070,BUL BOX,160  SHENSTONE BLVD ,,GARNER,NC,27529,(919) 900-7045,1677214800000,1 - Restaurant,-78.58054024,35.69110486,M,Not Provided
1823,04092019076,QNOODLES,1026 RYAN RD ,,CARY,NC,27511,(919) 468-9958,1677733200000,1 - Restaurant,-78.76675868,35.77660368,M,Not Provided
1824,04092019077,ASIA POT,3215 AVENT FERRY RD ,,RALEIGH,NC,27606-2720,(919) 233-8776,1678078800000,1 - Restaurant,-78.69565546,35.76674009,M,Not Provided
1825,04092019080,HOMEGROWN PIZZA,4928 LINKSLAND DR ,,HOLLY SPRINGS,NC,27540,(919) 577-5575,1678683600000,1 - Restaurant,-78.81055334,35.65750586,M,Not Provided
1826,04092019081,COUNTRY INN   SUITES BREAKFAST AREA,201 AIRGATE DR ,,MORRISVILLE,NC,27560,(919) 544-1010,1678942800000,1 - Restaurant,-78.815634,35.86365191,M,Not Provided
1827,04092019079,MEZCALITO OF APEX,3675 GREEN LEVEL WEST RD,,APEX,NC,27523,(919) 446-6050,1678424400000,1 - Restaurant,-78.90547223,35.77733176,M,Not Provided
1828,04092019082,BONCHON KOREAN FRIED CHICKEN,6320 CAPITAL BLVD ,STE 104,RALEIGH,NC,27616,(919) 825-4598,1678424400000,1 - Restaurant,-78.57847149,35.87073431,M,Not Provided
1829,04092019085,GRANCHIO, 6210 ROGERS RD,,ROLESVILLE,NC,27571,(919) 263-8476,1678165200000,1 - Restaurant,-78.46743827,35.92192789,M,Not Provided
1830,04092019084,THE MILL,3201 EDWARDS MILL RD,153,RALEIGH,NC,27612,(919) 787-9909,1679374800000,1 - Restaurant,-78.70695545,35.82544758,M,Not Provided
1831,04092019086,URBAN AIR MORRISVILLE,1020 WCC LN,,MORRISVILLE,NC,27560,(919) 599-6420,1679461200000,1 - Restaurant,-78.81676817,35.84102617,M,Not Provided
1832,04092019083,EASTCUT SANDWICH BAR,1101 E WHITAKER MILL RD,126,RALEIGH,NC,27604,(919) 301-8263,1679374800000,1 - Restaurant,-78.62000014,35.80801391,M,Not Provided
1833,04092019087,THE CARDINAL TOWER - MAIN KITCHEN,320 ST ALBANS DR,,RALEIGH,NC,27609,,1679806800000,1 - Restaurant,-78.63427855,35.83604958,M,Not Provided
1834,04092019089,GEN RAMEN,2330 BALE ST ,SUITE 112,RALEIGH,NC,27608,(919) 720-4058,1679547600000,1 - Restaurant,-78.6274814,35.81292749,M,Not Provided
1835,04092019090,REFUEL #1109,12500 CAPITAL BLVD,,WAKE FOREST,NC,27587,(919) 569-0634,1678165200000,1 - Restaurant,-78.53437633,35.98622195,M,Not Provided
1836,04092019093,CHIDO TACO,151 SE CARY PKY ,,CARY,NC,27511,,1680498000000,1 - Restaurant,-78.78193785,35.75976468,M,Not Provided
1837,04092019094,HUNT BROTHERS PIZZA,3428 TRYON RD,,RALEIGH,NC,27603,(919) 917-7477,1680584400000,1 - Restaurant,-78.69524954,35.7468331,M,Not Provided
1838,04092019095,THE HOPE CENTER KITCHEN,400 W RANSOM ST,,FUQUAY-VARINA,NC,27526,,1680584400000,1 - Restaurant,-78.80498327,35.57760371,M,Not Provided
1839,04092019096,STARBUCKS #69298,3931 MACAW ST,,RALEIGH,NC,27617-2094,(919) 864-9099,1681102800000,1 - Restaurant,-78.78143451,35.90461107,M,Not Provided
1840,04092019101,IL FALO,3931 MACAW ST,,RALEIGH,NC,27617,(919) 864-9090,1681362000000,1 - Restaurant,-78.78143451,35.90461107,M,Not Provided
1841,04092019099,HOME2 SUITES,6825 CHAPEL HILL RD,,RALEIGH,NC,27607-5015,(919) 863-9330,1681189200000,1 - Restaurant,-78.74247244,35.79039125,M,Not Provided
1842,04092019102,BLR BAR AND CURRY,10970 CHAPEL HILL RD ,UNIT 108,MORRISVILLE,NC,27560,(919) 678-3018,1681362000000,1 - Restaurant,-78.8405695,35.85637857,M,Not Provided
1843,04092019104,CALYX LIVING OF FUQUAY DINING,1121 E ACADEMY ST,,FUQUAY-VARINA,NC,27526,,1681534800000,1 - Restaurant,-78.78155519,35.58446389,M,Not Provided
1844,04092019106,DON BETO'S TACOS   TEQUILA,5920 TAYLOR RD,,WENDELL,NC,27591,(919) 321-1202,1680670800000,1 - Restaurant,-78.43443529,35.77546125,M,Not Provided
1845,04092019111,BOULTED BREAD,328 DUPONT CIR ,,RALEIGH,NC,27603,(919) 270-1401,1682312400000,1 - Restaurant,-78.64845022,35.77638884,M,Not Provided
1846,04092019105,SAFFRON,2048 KILDAIRE FARM RD,,CARY,NC,27518,(919) 917-7568,1681534800000,1 - Restaurant,-78.78068643,35.73567118,M,Not Provided
1847,04092019103,TON NOODLES,8711 SIX FORKS RD,101,RALEIGH,NC,27615-2992,(919) 301-8540,1681362000000,1 - Restaurant,-78.65461063,35.89932731,M,Not Provided
1848,04092019110,STREET TACOS CANTINA,6325 FALLS OF NEUSE  RD ,SUITE 71,RALEIGH,NC,27615,(919) 747-9050,1682312400000,1 - Restaurant,-78.62251588,35.86923291,M,Not Provided
1849,04092019112,GINO'S PIZZA,6260 GLENWOOD AVE ,STE 126,RALEIGH,NC,27612-2650,(919) 783-7555,1682917200000,1 - Restaurant,-78.70313537,35.85876533,M,Not Provided
1850,04092019114,CINCO ESTRELLAS PIZZERIA & RESTAURANTE,3805 BRENTWOOD RD ,,RALEIGH,NC,27604,(919) 876-2818,1683003600000,1 - Restaurant,-78.60062541,35.83624582,M,Not Provided
1851,04092019115,EGGS UP GRILL #73,1421 KELLY RD,,APEX,NC,27502-9572,,1683176400000,1 - Restaurant,-78.89379364,35.73782353,M,Not Provided
1852,04092019113,CARAJILLO'S #2,6675 FALLS OF NEUSE  RD ,SUITE 105,RALEIGH,NC,27615,(919) 900-7485,1682917200000,1 - Restaurant,-78.62444739,35.87396657,M,Not Provided
1853,04092019117,BIRYANI MAXX,590 E CHATHAM ST,102,CARY,NC,27511-6955,(919) 377-0346,1683608400000,1 - Restaurant,-78.7683206,35.79037417,M,Not Provided
1854,04092019122,MUSTANG HOUSE,411 FAYETTEVILLE ST,,RALEIGH,NC,27601,(415) 702-7366,1684213200000,1 - Restaurant,-78.63883957,35.77508217,M,Not Provided
1855,04092019120,CAPE FEAR SEAFOOD COMPANY,3612 ROGERS BRANCH RD,,WAKE FOREST,NC,27587,(919) 295-2455,1683867600000,1 - Restaurant,-78.50628751,35.94278947,M,Not Provided
1856,04092019121,SALT   LIME CABO GRILL,4800 GROVE BARTON RD,SUITE 106,RALEIGH,NC,27613-1902,(919) 473-6066,1684126800000,1 - Restaurant,-78.71583278,35.8711034,M,Not Provided
1857,04092019119,YAGG SII TENN,1440 CHAPEL RIDGE RD,,APEX,NC,27502,,1683608400000,1 - Restaurant,-78.88885323,35.7385532,M,Not Provided
1858,04092019123,BEE BANHMI,1871 LAKE PINE DR ,,CARY,NC,27511,(919) 650-3485,1684213200000,1 - Restaurant,-78.81900333,35.7452121,M,Not Provided
1859,04092019124,STARBUCKS #70519,6008 TAYLOR RD,100,WENDELL,NC,27591-7624,(407) 274-7413,1684299600000,1 - Restaurant,-78.43256312,35.77636992,M,Not Provided
1860,04092019125,SMITHFIELD'S CHICKEN 'N BAR-B-Q,3578 DAVIS DR ,,MORRISVILLE,NC,27560,(919) 468-2607,1685595600000,1 - Restaurant,-78.84698091,35.81858817,M,Not Provided
1861,04092019128,PARKSIDE RESTAURANT WENDELL,2251 TREELIGHT WAY,UNIT: 101,WENDELL,NC,27591,(919) 818-8777,1684904400000,1 - Restaurant,-78.43443529,35.77546125,M,Not Provided
1862,04092019127,NYBD III,2050 KILDAIRE FARM RD ,,CARY,NC,27518,(919) 851-9050,1684904400000,1 - Restaurant,-78.78068643,35.73567118,M,Not Provided
1863,04092019129,KWENCH JUICE CAFE - WAKE FOREST,3624 ROGERS RD,,WAKE FOREST,NC,27587,(919) 435-0259,1684904400000,1 - Restaurant,-78.50482784,35.94464405,M,Not Provided
1864,04092019131,NEW YORK CORNER PIZZA,5609 CREEDMOOR RD ,,RALEIGH,NC,27612,(919) 783-6565,1685509200000,1 - Restaurant,-78.68200654,35.85879308,M,Not Provided
1865,04092019130,CAFE SOUL CUPS,643 MILLS PARK DR,,CARY,NC,27519-6574,,1684904400000,1 - Restaurant,-78.89712107,35.80863492,M,Not Provided
1866,04092019133,MANHATTAN CAFE,1004 LOWER SHILOH WAY,,MORRISVILLE,NC,27560,(919) 797-0200,1685595600000,1 - Restaurant,-78.84689283,35.86494917,M,Not Provided
1867,04092019132,HIBACHI JAPAN,11216 CAPITAL  BLVD ,SUITE 105,WAKE FOREST,NC,27587,(919) 556-8882,1685509200000,1 - Restaurant,-78.5373455,35.95247389,M,Not Provided
1868,04092019135,JERSEY MIKE'S #3243,6008 TAYLOR RD,120,WENDELL,NC,27591-7624,(919) 995-7873,1685595600000,1 - Restaurant,-78.43256312,35.77636992,M,Not Provided
1869,04092019134,CHEF'S PALETTE,3460 TEN-TEN RD ,STE 118,CARY,NC,27518,(919) 267-6011,1685595600000,1 - Restaurant,-78.79278394,35.70189503,M,Not Provided
1870,04092019136,SMASHED BURGERS   COCKTAILS,242 S MAIN ST ,STE 118,HOLLY SPRINGS,NC,27540-9094,(919) 390-2274,1685595600000,1 - Restaurant,-78.83394934,35.64920029,M,Not Provided
1871,04092019137,COMFORT INN KITCHEN,1001 WAKE TOWNE DR ,,RALEIGH,NC,27609,(919) 828-1812,1685595600000,1 - Restaurant,-78.62437847,35.8244305,M,Not Provided
1872,04092019139,SMITHFIELD'S CHICKEN 'N BAR-B-Q FUQUAY-VARINA,1440 E BOAD  ST ,,FUQUAY-VARINA,NC,27526,(919) 557-2400,1685595600000,1 - Restaurant,-78.7746317,35.59446238,M,Not Provided
1873,04092019140,EL CHAPIN ,109 CAPCOM AVENUE,,WAKE FOREST,NC,27587,(919) 263-8888,1672376400000,1 - Restaurant,-78.52881174,35.9508628,M,Not Provided
1874,04092019141,SMITHFIELD'S CHICKEN 'N BAR-B-QUE,4000 JONES SAUSAGE  RD ,,GARNER,NC,27529,(919) 779-0095,1685595600000,1 - Restaurant,-78.58070283,35.72648209,M,Not Provided
1875,04092019142,REFUEL #103,1205 NE MAYNARD RD,,CARY,NC,27513,,1686114000000,1 - Restaurant,-78.76291177,35.7946935,M,Not Provided
1876,04092019144,THE EMPANADA FACTORY,2010 S. MAIN ST ,SUITE 406,WAKE FOREST,NC,27587,,1686286800000,1 - Restaurant,-78.53283608,35.94957379,M,Not Provided
1877,04092019148,GLORIA JEANS COFFEE,1550 AVIATION PKY ,,MORRISVILLE,NC,27560,(984) 263-0300,1686373200000,1 - Restaurant,-78.79583909,35.85315724,M,Not Provided
1878,04092019145,CRAFTY CRAB #2,4209 WAKE FOREST RD,,RALEIGH,NC,27609,(919) 307-8252,1686373200000,1 - Restaurant,-78.61320123,35.83911025,M,Not Provided
1879,04092019149,WAYBACK BURGER / MEX CAFE,1550 AVIATION PKWY,,MORRISVILLE,NC,27560,(984) 263-0300,1686373200000,1 - Restaurant,-78.79583909,35.85315724,M,Not Provided
1880,04092019143,BEDFORD FOOD AND DRINK,3607 FALLS RIVER AVE,125,RALEIGH,NC,27614,,1686200400000,1 - Restaurant,-78.56497149,35.9295858,M,Not Provided
1881,04092019151,AJJA,209 BICKETT BLVD,,RALEIGH,NC,27608,(919) 213-1276,1686546000000,1 - Restaurant,-78.63898681,35.80050708,M,Not Provided
1882,04092019150,PIZZA HUT / WHICH WICH,1550 AVIATION PKWY,,MORRISVILLE,NC,27560,(984) 263-0300,1686459600000,1 - Restaurant,-78.79583909,35.85315724,M,Not Provided
1883,04092019152,GOOD TASTE CHINESE RESTAURANT,532 W GANNON  AVE,,ZEBULON,NC,27597,(919) 404-1218,1686546000000,1 - Restaurant,-78.32626424,35.82125257,M,Not Provided
1884,04092019154,KPOT KOREAN BBQ   HOT POT,3105 CAPITAL BLVD,,RALEIGH,NC,27604,(919) 615-0081,1687669200000,1 - Restaurant,-78.59044224,35.82314249,M,Not Provided
1885,04092019153,BARCELONA WINE BAR,430 W MARTIN ST ,,RALEIGH,NC,27603,(919) 808-5400,1687237200000,1 - Restaurant,-78.64560315,35.77782018,M,Not Provided
1886,04092019155,BURGER VILLAGE,510 GLENWOOD AVE,SUITE 103,RALEIGH,NC,27603-1239,(919) 322-0064,1687669200000,1 - Restaurant,-78.64666065,35.78682725,M,Not Provided
1887,04092019158,MADRE,518 N WEST ST,,RALEIGH,NC,27603-1308,(919) 594-1871,1687669200000,1 - Restaurant,-78.64517014,35.78610909,M,Not Provided
1888,04092019160,NANCY'S PIZZERIA,8111 CREEDMOOR RD ,STE 137,RALEIGH,NC,27613,(919) 870-9777,1688101200000,1 - Restaurant,-78.68248846,35.8985009,M,Not Provided
1889,04092019162,MYRA CAFE,76 HUNTER ST,100,APEX,NC,27502-2557,,1688101200000,1 - Restaurant,-78.84651308,35.73545669,M,Not Provided
1890,04092019163,INIS KITCHEN,624 LAKESTONE COMMONS AVE,,FUQUAY-VARINA,NC,27526,,1689138000000,1 - Restaurant,-78.76397769,35.59244504,M,Not Provided
1891,04092019164,BARNES AND NOBLE CAFE,1311 KILDAIRE FARM RD,,CARY,NC,27511,(984) 208-5938,1689138000000,1 - Restaurant,-78.78193785,35.75976468,M,Not Provided
1892,04092019165,GLENAIRE EXPANSION CAFE,111 W CORNWALL RD,,CARY,NC,27511,,1689138000000,1 - Restaurant,-78.78313909,35.77392319,M,Not Provided
1893,04092019167,CAMBRIA HOTEL FOOD AND BEVERAGE,300 AIRGATE DR ,,MORRISVILLE,NC,27560,(919) 361-3311,1689829200000,1 - Restaurant,-78.81485226,35.86547024,M,Not Provided
1894,04092019169,COURTHOUSE DELI,316 FAYETTEVILLE  ST ,,RALEIGH,NC,27601,(919) 833-8000,1689915600000,1 - Restaurant,-78.63983138,35.7762615,M,Not Provided
1895,04092019170,JUSTICE CENTER CAFE,300 S SALISBURY ST ,,RALEIGH,NC,27601,(919) 831-9292,1689915600000,1 - Restaurant,-78.64112031,35.77632534,M,Not Provided
1896,04092019168,TEN SECONDS,986 HIGH HOUSE RD ,,CARY,NC,27513,(919) 264-9302,1689829200000,1 - Restaurant,-78.82691634,35.78842126,M,Not Provided
1897,04092019173,TROPICAL SMOOTHIE,1028 OBERLIN RD ,STE 232,RALEIGH,NC,27605,(919) 971-8109,1690261200000,1 - Restaurant,-78.65844846,35.79783425,M,Not Provided
1898,04092019171,MI PERU,1549 US 70 HWY W,,GARNER,NC,27529,(919) 307-4421,1690174800000,1 - Restaurant,-78.64815222,35.72323486,M,Not Provided
1899,04092019172,FIESTA TIME MEXICAN RESTAURANT,1063 E BROAD ST,,FUQUAY-VARINA,NC,27526,,1690174800000,1 - Restaurant,-78.78156011,35.59287671,M,Not Provided
1900,04092019166,TROPICAL SMOOTHIE NC94,2210 HINTON OAKS BLVD ,,KNIGHTDALE,NC,27545,(919) 373-0070,1689051600000,1 - Restaurant,-78.51231733,35.80136469,M,Not Provided
1901,04092019174,THE DUGOUT TAVERN AND GRILL,1413 KELLY RD ,,APEX,NC,27502,(919) 629-6111,1690347600000,1 - Restaurant,-78.89379364,35.73782353,M,Not Provided
1902,04092019175,CHIDO TACO #3,555 FAYETTEVILLE ST,100,RALEIGH,NC,27601,(919) 641-5830,1690347600000,1 - Restaurant,-78.6389358,35.77356117,M,Not Provided
1903,04092019177,CONSTELLATION CULINARY GROUP,2220 BANDMATE WAY,,RALEIGH,NC,27607,,1690779600000,1 - Restaurant,-78.71802378,35.81550133,M,Not Provided
1904,04092019178,BANDWIDTH CAFE,2230 BANDMATE WAY,,RALEIGH,NC,27607,,1690434000000,1 - Restaurant,-78.71802378,35.81550133,M,Not Provided
1905,04092019179,LADYFINGERS MARKET   EATERY,3710 EXCHANGE GLENWOOD PL,104,RALEIGH,NC,27612-5547,,1690434000000,1 - Restaurant,-78.66458347,35.83287258,M,Not Provided
1906,04092019183,FIVE SPICE BBQ,1065 DARRINGTON DR ,,CARY,NC,27513,(919) 234-0088,1690866000000,1 - Restaurant,-78.81572559,35.79924675,M,Not Provided
1907,04092019187,TACO BAMBA RIDGEWOOD,3518 WADE AVE,,RALEIGH,NC,27607,(240) 575-8724,1691557200000,1 - Restaurant,-78.68557988,35.80211883,M,Not Provided
1908,04092019185,EVERBOWL,6325 FALLS OF NEUSE RD ,SUITE 117,RALEIGH,NC,27615,(919) 615-0142,1687669200000,1 - Restaurant,-78.62251588,35.86923291,M,Not Provided
1909,04092019188,MI CANCUN,809 E WILLIAMS ST,,APEX,NC,27502,,1691730000000,1 - Restaurant,-78.84409317,35.72219936,M,Not Provided
1910,04092019190,MEET FRESH,4509 CREEDMOOR RD,103,RALEIGH,NC,27612-3813,,1692421200000,1 - Restaurant,-78.68316687,35.8427619,M,Not Provided
1911,04092019189,CHASKA INDIAN CUISINE,7244 GB ALFORD HWY,,HOLLY SPRINGS,NC,27540-7661,,1691989200000,1 - Restaurant,-78.83292633,35.63499737,M,Not Provided
1912,04092019191,SHEEBA RESTAURANT,3933 WESTERN BLVD ,,RALEIGH,NC,27606,(919) 703-0004,1692594000000,1 - Restaurant,-78.69268962,35.78366859,M,Not Provided
1913,04092019196,BEYU CAFFE T2,2400 JOHN BRANTLEY RD,,MORRISVILLE,NC,27560,,1691643600000,1 - Restaurant,-78.7893961,35.86970016,M,Not Provided
1914,04092019186,FLAME KABOB,7961 SKYLAND RIDGE PKY ,STE 110,RALEIGH,NC,27617,(919) 596-2525,1691557200000,1 - Restaurant,-78.78225809,35.91399765,M,Not Provided
1915,04092019192,THE LEMON TREE CAFE,415 BROOKS STREET,SUITE C,WAKE FOREST,NC,27587,(919) 823-9300,1691730000000,1 - Restaurant,-78.50875692,35.97419021,M,Not Provided
1916,04092019197,BEYU CAFFE T1,1600 JOHN BRANTLEY RD,,MORRISVILLE,NC,27560,(718) 637-4549,1691643600000,1 - Restaurant,-78.7893961,35.86970016,M,Not Provided
1917,04092019203,MARCO'S #8655,1629 N MAIN ST,,FUQUAY-VARINA,NC,27526,,1694494800000,1 - Restaurant,-78.76086545,35.5966758,M,Not Provided
1918,04092019198,MR. KABAB,5950 POYNER VILLAGE PKWY,,RALEIGH,NC,27616,(919) 601-1183,1693198800000,1 - Restaurant,-78.56916558,35.86464073,M,Not Provided
1919,04092019200,SAMOONI ITALIAN RESTAURANT,7144 KNIGHTDALE BLVD ,,KNIGHTDALE,NC,27545,(919) 373-0072,1693458000000,1 - Restaurant,-78.48874851,35.797116,M,Not Provided
1920,04092019202,SILK ROAD UZBEK CUISINE,4224 NW CARY PKWY,,CARY,NC,27513,(919) 377-2244,1694494800000,1 - Restaurant,-78.82751593,35.79057967,M,Not Provided
1921,04092019204,YEMENI CUISINE,1431 GARNER STATION BLVD,,RALEIGH,NC,27603,,1694494800000,1 - Restaurant,-78.65551681,35.72344884,M,Not Provided
1922,04092019207,PHO THIEN PHAT,6404 TRYON RD,,CARY,NC,27518,(919) 322-0131,1694754000000,1 - Restaurant,-78.76079227,35.74450118,M,Not Provided
1923,04092019208,MAMACITA APEX,2045 CREEKSIDE LANDING DR,,APEX,NC,27502,,1694754000000,1 - Restaurant,-78.88665656,35.7451396,M,Not Provided
1924,04092019210,MCDONALD'S #28245,110 CARILLON  DR ,,GARNER,NC,27529,(919) 771-2441,1694754000000,1 - Restaurant,-78.582823,35.69257868,M,Not Provided
1925,04092019209,BULL AND BEAR,5442 SIX FORKS RD ,,RALEIGH,NC,27609,,1694754000000,1 - Restaurant,-78.64059755,35.85499399,M,Not Provided
1926,04092019213,MCDONALD'S #10148,141 WAKELON DR,,ZEBULON,NC,27597,(919) 269-6650,1694754000000,1 - Restaurant,-78.31719973,35.83345598,M,Not Provided
1927,04092019212,MCDONALD'S #13824,101 TIMBER DR ,,GARNER,NC,27529,(919) 662-9804,1694754000000,1 - Restaurant,-78.6045005,35.6856311,M,Not Provided
1928,04092019215,PARIS BAGUETTE,10341 MONCREIFFE RD,,RALEIGH,NC,27617-7812,(574) 302-2884,1695099600000,1 - Restaurant,-78.79210026,35.89996606,M,Not Provided
1929,04092019214,MCDONALD'S #7618,1567 HWY70 W ,,GARNER,NC,27529,(919) 772-9496,1694754000000,1 - Restaurant,-78.64954739,35.72471935,M,Not Provided
1930,04092019216,YATAI MARKET @ T CO,500 E DAVIE ST,,RALEIGH,NC,27601,,1695013200000,1 - Restaurant,-78.63206282,35.77487676,M,Not Provided
1931,04092019217,SPAZIO,128 BASS LAKE RD ,,HOLLY SPRINGS,NC,27540,(919) 285-3003,1695186000000,1 - Restaurant,-78.82480568,35.65380837,M,Not Provided
1932,04092019219,BOB EVANS #427,8001 BRIER CREEK PKY ,,RALEIGH,NC,27617-7596,(919) 806-3396,1695358800000,1 - Restaurant,-78.7816286,35.91092781,M,Not Provided
1933,04092019218,RIGO'S PIZZERIA,1260 NW MAYNARD RD ,,CARY,NC,27513,(919) 319-3232,1695358800000,1 - Restaurant,-78.80932559,35.78486593,M,Not Provided
1934,04092019223,POPEYES ZEBULON,1512 N ARENDELL AVE,,ZEBULON,NC,27597,(984) 313-0050,1693544400000,1 - Restaurant,-78.32627357,35.84097989,M,Not Provided
1935,04092019220,TORCHY'S TACOS,505 DR. CALVIN JONES HWY,,WAKE FOREST,NC,27587,(984) 401-2330,1694667600000,1 - Restaurant,-78.53335391,35.96599929,M,Not Provided
1936,04092019222,TRU BY HILTON FOOD SERVICE,12315 HAMPTON WAY DR,,WAKE FOREST,NC,27587,(919) 488-4505,1691470800000,1 - Restaurant,-78.54341158,35.98008571,M,Not Provided
1937,04092019224,THE DEPOT ON FIRST,608 N FIRST AVE,,KNIGHTDALE,NC,27545,(919) 341-0188,1694754000000,1 - Restaurant,-78.47662353,35.79328907,M,Not Provided
1938,04092019211,MCDONALD'S #31681,6320 BATTLE BRIDGE RD,,RALEIGH,NC,27610,(919) 773-4124,1694754000000,1 - Restaurant,-78.54689984,35.72382785,M,Not Provided
1939,04092019226,ACADEMY MARKET,321 S ACADEMY ST,,CARY,NC,27511,,1695963600000,1 - Restaurant,-78.77980468,35.78405458,M,Not Provided
1940,04092019225,HILTON RALEIGH NORTH HILLS - 88 OAKS,3415 WAKE FOREST RD ,,RALEIGH,NC,27609,(561) 207-2778,1695790800000,1 - Restaurant,-78.6205969,35.82973066,M,Not Provided
1941,04092019227,HABESHA MARKET,750 E CHATHAM ST,E,CARY,NC,27511-6915,,1695963600000,1 - Restaurant,-78.76514284,35.79157176,M,Not Provided
1942,04092019228,GOLDEN HEX,1200 NW MAYNARD RD,,CARY,NC,27513,(919) 946-2649,1695963600000,1 - Restaurant,-78.80932559,35.78486593,M,Not Provided
1943,04092019231,CASA AMIGOS MEXICAN COCINA,112 E VANCE ST,,FUQUAY-VARINA,NC,27526,,1696482000000,1 - Restaurant,-78.79884485,35.58169896,M,Not Provided
1944,04092019230,BOJANGLE'S #55,151 COLLINS CROSSING RD,,HOLLY SPRINGS,NC,27540,,1695186000000,1 - Restaurant,-78.83033442,35.63361296,M,Not Provided
1945,04092019233,FRESH INTERNATIONAL KITCHEN,10341 MONCREIFFE RD,,RALEIGH,NC,27617,(574) 302-2884,1697173200000,1 - Restaurant,-78.79210026,35.89996606,M,Not Provided
1946,04092019234,MCDONALD'S AT WENDELL FALLS,5941 TAYLOR RD,,WENDELL,NC,27591,,1694667600000,1 - Restaurant,-78.43432846,35.77673866,M,Not Provided
1947,04092019232,1250 HERITAGE GOLF CLUB,1250  HERITAGE CLUB AVE ,,WAKE FOREST,NC,27587,(919) 453-2021,1697000400000,1 - Restaurant,-78.49666134,35.94973671,M,Not Provided
1948,04092019237,NIGHTINGALE,300 S MAIN ST,312,HOLLY SPRINGS,NC,27540,,1697691600000,1 - Restaurant,-78.83425908,35.64817337,M,Not Provided
1949,04092019236,THE PALM,740 SE MAYNARD RD,,CARY,NC,27511,,1697691600000,1 - Restaurant,-78.76337152,35.77004201,M,Not Provided
1950,04092019238,SHAKE SHACK #1416,2010 CLARK AVENUE,,RALEIGH,NC,27605,(984) 263-9426,1697691600000,1 - Restaurant,-78.6602578,35.78996917,M,Not Provided
1951,04092019235,BOMBAY CENTRAL CAFE   GROCERY,1910 FALLS VALLEY DR,,RALEIGH,NC,27615,(919) 977-3883,1697173200000,1 - Restaurant,-78.60855499,35.89821964,M,Not Provided
1952,04092019240,TRUFFLES DELI,3200 BEECHLEAF CT,,RALEIGH,NC,27604,(919) 413-5567,1698296400000,1 - Restaurant,-78.6084454,35.82061517,M,Not Provided
1953,04092019241,HOLIDAY INN EXPRESS HOLLY SPRINGS BREAKFAST,150 COLLINS CROSSING RD,,HOLLY SPRINGS,NC,27540,,1695186000000,1 - Restaurant,-78.83110842,35.6345287,M,Not Provided
1954,04092019239,CAVA WAKE FOREST,515 DR CALVIN JONES HWY ,,WAKE FOREST,NC,27587,(919) 396-3264,1697691600000,1 - Restaurant,-78.53335391,35.96599929,M,Not Provided
1955,04092019245,GOLD STAR CAFE,1636 GOLD STAR DR ,,RALEIGH,NC,27607,(919) 523-2786,1699246800000,1 - Restaurant,-78.72639629,35.81625009,M,Not Provided
1956,04092019243,FLYING BISCUIT,1103 PARKSIDE MAIN ST,,CARY,NC,27519,,1698987600000,1 - Restaurant,-78.88929615,35.84835999,M,Not Provided
1957,04092019244,SAAP,370 S WALKER ST,,CARY,NC,27511,,1698987600000,1 - Restaurant,-78.77921059,35.78340809,M,Not Provided
1958,04092019246,CHICKEN SALAD CHICK,2414 WYCLIFF RD ,,RALEIGH,NC,27607,(919) 322-5245,1698210000000,1 - Restaurant,-78.69299571,35.81676957,M,Not Provided
1959,04092019247,SONDER COFFEE,2241 TREELIGHT WAY,,WENDELL,NC,27591,(919) 285-6093,1698901200000,1 - Restaurant,-78.43392587,35.77447041,M,Not Provided
1960,04092019249,DUNKIN' - BASKIN-ROBBINS' #344346,3570 DAVIS DR ,,MORRISVILLE,NC,27560,(984) 344-4330,1699506000000,1 - Restaurant,-78.84694074,35.81803975,M,Not Provided
1961,04092019248,HAMPTON INN BY HILTON FOODSERVICE,3621 SPRING FOREST RD,,RALEIGH,NC,27616,(919) 872-7111,1699506000000,1 - Restaurant,-78.57895791,35.85595598,M,Not Provided
1962,04092019242,PITA BOWL BLUE RIDGE,2501 BLUE RIDGE RD ,STE G-190,RALEIGH,NC,27607,(919) 322-1921,1698901200000,1 - Restaurant,-78.70656396,35.81500717,M,Not Provided
1963,04092019251,BOTECO DO BRAZIL,4214 NW CARY PKY ,,CARY,NC,27513,,1699851600000,1 - Restaurant,-78.82705558,35.79085051,M,Not Provided
1964,04092019252,DUNKIN DONUTS #306810,3209 S WILMINGTON ST,,RALEIGH,NC,27603,(919) 661-7377,1699851600000,1 - Restaurant,-78.64970614,35.73574276,M,Not Provided
1965,04092019253,DUNKIN DONUTS #331785,7137 KNIGHTDALE  BLVD ,,KNIGHTDALE,NC,27545,(984) 344-4276,1699851600000,1 - Restaurant,-78.48975911,35.798745,M,Not Provided
1966,04092019255,THE ALBATROSS,140 E CHATHAM ST,,CARY,NC,27511,,1700024400000,1 - Restaurant,-78.77981401,35.78711559,M,Not Provided
1967,04092019256,GUSSIE'S,927 W MORGAN ST,116,RALEIGH,NC,27603,,1700024400000,1 - Restaurant,-78.65591555,35.78214708,M,Not Provided
1968,04092019254,DUNKIN DONUTS #350706,10030 GREEN LEVEL CHURCH RD ,STE 800,CARY,NC,27519,(984) 344-4333,1699851600000,1 - Restaurant,-78.90107972,35.82060442,M,Not Provided
1969,04092019260,THE GYRO SPOT,1005 E BROAD ST ,,FUQUAY-VARINA,NC,27526,(919) 285-3608,1700456400000,1 - Restaurant,-78.78267477,35.59365979,M,Not Provided
1970,04092019258,DUNKIN DONUTS #337301,4415 FALLS OF NEUSE RD ,,RALEIGH,NC,27609,(919) 771-7107,1699851600000,1 - Restaurant,-78.61262665,35.84176374,M,Not Provided
1971,04092019259,DUNKIN DONUTS AND BASKIN ROBBINS #334786,5265 SIX FORKS RD ,,RALEIGH,NC,27609,(843) 745-0892,1700110800000,1 - Restaurant,-78.6431573,35.85331091,M,Not Provided
1972,04092019261,IKA PERUVIAN NIKKEI,222 GLENWOOD AVE ,SUITE 101,RALEIGH,NC,27603,(267) 980-0360,1700197200000,1 - Restaurant,-78.64697296,35.78363334,M,Not Provided
1973,04092019262,PEAK CITY DINER,802 PERRY RD,,APEX,NC,27502,(919) 646-6111,1701061200000,1 - Restaurant,-78.84460908,35.72084835,M,Not Provided
1974,04092019266,NEW WORLD CAFE,5900 DURALEIGH RD ,,RALEIGH,NC,27612,(919) 786-0091,1701406800000,1 - Restaurant,-78.71243545,35.85814525,M,Not Provided
1975,04092019257,BBQ CHICKEN,14220 BRADFORD GREEN SQ,,CARY,NC,27519,,1700024400000,1 - Restaurant,-78.84558557,35.79325258,M,Not Provided
1976,04092019263,BHARATH CAFE,716 SLASH PINE DR,,CARY,NC,27519,(919) 377-2299,1701061200000,1 - Restaurant,-78.90892881,35.83075801,M,Not Provided
1977,04092019273,SHEETZ #399,1600 AVIATION PKWY,,MORRISVILLE,NC,27560,(919) 977-1034,1700110800000,1 - Restaurant,-78.7893961,35.86970016,M,Not Provided
1978,04092019269,THE EXCHANGE CAFE,6933 LOUIS STEPHENS DR ,,MORRISVILLE,NC,27560,,1701666000000,1 - Restaurant,-78.88753006,35.86197758,M,Not Provided
1979,04092019274,BOJANGLES #56,2232 WENDELL FALLS PKWY ,,WENDELL,NC,27591,(919) 366-6598,1698382800000,1 - Restaurant,-78.4323327,35.77594742,M,Not Provided
1980,04092019276,PANERA BREAD #6153,6800 KNIGHTDALE BLVD ,,KNIGHTDALE,NC,27545,(919) 375-8744,1701234000000,1 - Restaurant,-78.50198485,35.79707841,M,Not Provided
1981,04092019279,PIADA ITALIAN STREET FOOD,3088 WAKE FOREST RD,,RALEIGH,NC,27609,(252) 654-9380,1701925200000,1 - Restaurant,-78.6203889,35.82333174,M,Not Provided
1982,04092019280,MILAZZO'S ITALIAN RESTAURANT,3325 ROGERS  RD ,UNIT 108-109,WAKE FOREST,NC,27587,(919) 961-6304,1701925200000,1 - Restaurant,-78.51408375,35.95072814,M,Not Provided
1983,04092019275,AL-BASHA MARKET   GRILL,501 METHOD RD,,RALEIGH,NC,27607,(919) 786-3560,1699419600000,1 - Restaurant,-78.69326596,35.79423551,M,Not Provided
1984,04092019281,COMFORT SUITES RALEIGH WALNUT CREEK BREAKFAST,1309  CORPORATION PKY ,,RALEIGH,NC,27610,(919) 212-6900,1702443600000,1 - Restaurant,-78.56919767,35.79804191,M,Not Provided
1985,04092019285,RALLYPOINT SPORT GRILL,837 BASS PRO LN ,,CARY,NC,27513,(919) 678-1088,1702616400000,1 - Restaurant,-78.77007336,35.83116267,M,Not Provided
1986,04092019278,CALI BURGER,3415 HILLSBOROUGH ST,,RALEIGH,NC,27607,(209) 248-9485,1701838800000,1 - Restaurant,-78.68373088,35.79255318,M,Not Provided
1987,04092019282,TAMASHA MODERN INDIAN,4200 SIX FORKS RD,SUITE 130,RALEIGH,NC,27609,(978) 390-1187,1702443600000,1 - Restaurant,-78.63895989,35.83593275,M,Not Provided
1988,04092019287,TOYAR'S BBQ   HOT POT RESTAURANT,4075 DAVIS DR ,,MORRISVILLE,NC,27560,(919) 412-8078,1703048400000,1 - Restaurant,-78.85811524,35.8356255,M,Not Provided
1989,04092019288,DAVE'S HOT CHICKEN,114 GRAND HILL PLACE ,,HOLLY SPRINGS,NC,27540,(984) 600-3093,1701752400000,1 - Restaurant,-78.84941991,35.66264621,M,Not Provided
1990,04092019286,BUFFALO WILD WINGS GO #3998,6196 FALLS OF NEUSE RD,SUITE 112,RALEIGH,NC,27609-3516,(984) 238-0024,1702875600000,1 - Restaurant,-78.61874122,35.86627999,M,Not Provided
1991,04092019289,QUARTER NOTE COFFEE,3700 GLENWOOD AVE,150,RALEIGH,NC,27612,,1703048400000,1 - Restaurant,-78.66617613,35.83071166,M,Not Provided
1992,04092019291,NORSE BREWING LONGHOUSE,120 N ARENDELL AVE,,ZEBULON,NC,27597,(919) 375-4209,1702616400000,1 - Restaurant,-78.31268299,35.82188257,M,Not Provided
1993,04092019290,PLAYA BOWLS,2526 HILLSBOROUGH ST ,101,RALEIGH,NC,27607,(828) 989-8348,1703134800000,1 - Restaurant,-78.66922671,35.78834892,M,Not Provided
1994,04092019283,WINGSTOP,2920 FORESTVILLE RD,SUITE150,RALEIGH,NC,27616,(984) 234-5742,1702443600000,1 - Restaurant,-78.50931118,35.89359506,M,Not Provided
1995,04092019292,AMRUT,120 E MARTIN ST ,,RALEIGH,NC,27601,(919) 510-2674,1703221200000,1 - Restaurant,-78.63713722,35.77657759,M,Not Provided
1996,04092019295,FARINA NEIGHBORHOOD ITALIAN,8450 HONEYCUTT  RD ,SUITE 100,RALEIGH,NC,27615,(919) 890-0163,1704258000000,1 - Restaurant,-78.62166264,35.89510631,M,Not Provided
1997,04092019293,NC BAJA BURRITO,2109 AVENT FERRY RD ,SUITE 108,RALEIGH,NC,27606-2198,(919) 827-6398,1703826000000,1 - Restaurant,-78.67605304,35.77835842,M,Not Provided
1998,04092019301,WAKE COUNTY DETENTION CENTER FOODSERVICE,3301 HAMMOND RD ,,RALEIGH,NC,27603,(919) 255-7120,1705640400000,1 - Restaurant,-78.63888739,35.73379135,M,Not Provided
1999,04092019300,CHINATOWN EXPRESS,5800 DURALEIGH RD ,STE 104,RALEIGH,NC,27612,(919) 782-1111,1705035600000,1 - Restaurant,-78.71190154,35.85736049,M,Not Provided
2000,04092019302,LA CUCINA ITALIANA,6552 GLENWOOD AVE,,RALEIGH,NC,27612,(919) 703-0992,1705986000000,1 - Restaurant,-78.70609953,35.8607444,M,Not Provided
2001,04092019304,MARIO MINI MART,2317 EAGLE ROCK RD,,WENDELL,NC,27591,(919) 374-7446,1706763600000,1 - Restaurant,-78.38972381,35.75231309,M,Not Provided
2002,04092019296,DOMINO'S #5561,5950  POYNER VILLAGE PKY ,,RALEIGH,NC,27616,(984) 242-4471,1704344400000,1 - Restaurant,-78.56916558,35.86464073,M,Not Provided
2003,04092019307,ZAXBY'S,7400 LOUISBURG RD,,RALEIGH,NC,27616,(984) 200-2746,1706072400000,1 - Restaurant,-78.54086333,35.87467572,M,Not Provided
2004,04092019306,TIJUANA FLATS #5072,7165 O'KELLY CHAPEL RD ,,CARY,NC,27519,(919) 629-3200,1706850000000,1 - Restaurant,-78.8882479,35.8441495,M,Not Provided
2005,04092019309,DEMOS PIZZARIA   DELI,222 GLENWOOD AVE ,UNIT 121,RALEIGH,NC,27603,(806) 231-4486,1704949200000,1 - Restaurant,-78.64697296,35.78363334,M,Not Provided
2006,04092019308,TOWNPLACES BREAKFAST BUFFET,1021 CARRINGTON MILL BLVD,,MORRISVILLE,NC,27560,(919) 925-2000,1706850000000,1 - Restaurant,-78.84117566,35.85803709,M,Not Provided
2007,04092019311,TIJUANA FLATS #182,161 GRAND HILL PL ,,HOLLY SPRINGS,NC,27540,(919) 629-7558,1706850000000,1 - Restaurant,-78.84941991,35.66264621,M,Not Provided
2008,04092019317,DOSE YOGA AND SMOOTHIE BAR,540 ST ALBANS DR,SUITE 100,RALEIGH,NC,27609,(704) 860-2414,1708491600000,1 - Restaurant,-78.6308723,35.83439199,M,Not Provided
2009,04092019312,FIGULINA,317 S HARRINGTON ST,,RALEIGH,NC,27603,(919) 720-4100,1707195600000,1 - Restaurant,-78.64497597,35.77631676,M,Not Provided
2010,04092019318,DAIJOBU,170  E DAVIE ST ,,RALEIGH,NC,27601,(919) 673-8994,1708664400000,1 - Restaurant,-78.63762465,35.77518083,M,Not Provided
2011,04092019321,SOSTA CAFE,130 E DAVIE ST ,SUITE 1806,RALEIGH,NC,27601,(919) 833-1006,1708923600000,1 - Restaurant,-78.63762465,35.77518083,M,Not Provided
2012,04092019323,LA TABERNA MEXICAN BAR   GRILL,1301 E WILLIAMS ST ,,APEX,NC,27502,(919) 267-4788,1709528400000,1 - Restaurant,-78.84117499,35.7170247,M,Not Provided
2013,04092019326,DUNKIN DONUTS #359321,5601 ATLANTIC AVE,103,RALEIGH,NC,27615-4136,(984) 327-9339,1709614800000,1 - Restaurant,-78.60084789,35.8619329,M,Not Provided
2014,04092019325,SHINMAI,1904 NW MAYNARD RD,102,CARY,NC,27513-4998,,1709528400000,1 - Restaurant,-78.7949041,35.79887976,M,Not Provided
2015,04092019324,HOOKY ENTERTAINMENT,1140 PARKSIDE MAIN ST ,,CARY,NC,27519,(919) 234-5200,1709528400000,1 - Restaurant,-78.88929615,35.84835999,M,Not Provided
2016,04092019333,ESTAMPA GAUCHA,3931 MACAW ST,,RALEIGH,NC,27617,(321) 506-6156,1710133200000,1 - Restaurant,-78.78143451,35.90461107,M,Not Provided
2017,04092019329,CHINA MOON,7983 FAYETTEVILLE RD ,,RALEIGH,NC,27603-5631,(919) 661-7778,1709787600000,1 - Restaurant,-78.6974243,35.66508436,M,Not Provided
2018,04092019327,CHA HOUSE,1319 KILDAIRE FARM RD ,,CARY,NC,27511,(984) 465-0498,1709614800000,1 - Restaurant,-78.78193785,35.75976468,M,Not Provided
2019,04092019331,RUTH'S CHRIS NORTH HILLS,4140 LASSITER MILL RD,100,RALEIGH,NC,27609-5722,(919) 791-1103,1709787600000,1 - Restaurant,-78.64445422,35.83697574,M,Not Provided
2020,04092019335,FALLS LOCAL,5920 TAYLOR RD,STE 101,WENDELL,NC,27591,(252) 375-5673,1705381200000,1 - Restaurant,-78.43443529,35.77546125,M,Not Provided
2021,04092019334,X GOLF CARY,107 EDINBURGH SOUTH DR,STE 101A,CARY,NC,27511,(919) 234-1036,1704949200000,1 - Restaurant,-78.79806693,35.73669743,M,Not Provided
2022,04092019337,BBASAK HAN,2237 AVENT FERRY RD ,STE 105,RALEIGH,NC,27606,(919) 703-0088,1709010000000,1 - Restaurant,-78.67605304,35.77835842,M,Not Provided
2023,04092019338,HIBACHI   COMPANY,2316 HILLSBOROUGH ST,UNIT 106,RALEIGH,NC,27607,(919) 301-8888,1709096400000,1 - Restaurant,-78.66664947,35.78770917,M,Not Provided
2024,04092019340,SHANGHAI EXPRESS,2502 HILLSBOROUGH ST ,,RALEIGH,NC,27607,(919) 754-9797,1709614800000,1 - Restaurant,-78.66817897,35.78802467,M,Not Provided
2025,04092019342,THE OPTIMIST,4509  CREEDMOOR RD ,SUITE 104,RALEIGH,NC,27612,(919) 917-7175,1710478800000,1 - Restaurant,-78.68316687,35.8427619,M,Not Provided
2026,04092019341,HONG KONG CHINESE RESTAURANT,12287 CAPITAL BLVD ,,WAKE FOREST,NC,27587-6200,(919) 556-9505,1710133200000,1 - Restaurant,-78.54097708,35.98087662,M,Not Provided
2027,04092019345,EL SAZON DE MAMA,9629 BITTER MELON DR ,,ANGIER,NC,27501,(919) 272-7062,1710824400000,1 - Restaurant,-78.74798646,35.53954423,M,Not Provided
2028,04092019346,PONYSAURUS RALEIGH,2221 IRONWORKS DR,100,RALEIGH,NC,27604,(347) 342-6038,1710824400000,1 - Restaurant,-78.61951523,35.80924691,M,Not Provided
2029,04092019347,FIVE BROS PIZZA,6300 CREEDMOOR RD ,SUITE 182,RALEIGH,NC,27612,(919) 594-1699,1710910800000,1 - Restaurant,-78.67834695,35.87186823,M,Not Provided
2030,04092019336,LEO'S ITALIAN SOCIAL,4100 MAIN AT NORTH HILLS ST,,RALEIGH,NC,27609,(919) 242-7444,1708059600000,1 - Restaurant,-78.64420613,35.83600374,M,Not Provided
2031,04092019348,COUNTRY CLUB AT WAKEFIELD PLANTATION SPORTS CLUB,3350 CANES WAY,,RALEIGH,NC,27614,(919) 348-4374,1710910800000,1 - Restaurant,-78.54752891,35.96493872,M,Not Provided
2032,04092019352,BRODETO,2201 IRON WORKS DR,137,RALEIGH,NC,27604,,1711429200000,1 - Restaurant,-78.61920065,35.80769092,M,Not Provided
2033,04092019350,ALPACA PERUVIAN CHARCOAL CHICKEN,1608 MANGUM AVE,,WAKE FOREST,NC,27587,(984) 459-8261,1710306000000,1 - Restaurant,-78.531541,35.94851422,M,Not Provided
2034,04092019349,THE COUNTRY CLUB AT WAKEFIELD PLANTATION,2201 WAKEFIELD PLANTATION DR ,,RALEIGH,NC,27614,(919) 348-4374,1710910800000,1 - Restaurant,-78.56163115,35.95508246,M,Not Provided
2035,04092019354,SULLY'S GOLF AND GATHER,2311 TIMBER DR,,GARNER,NC,27529,,1711429200000,1 - Restaurant,-78.64123156,35.70153552,M,Not Provided
2036,04092019353,HIGH VIEW - SOLEIL,19001 SEARSTONE DR,,CARY,NC,27513,,1711429200000,1 - Restaurant,-78.84474841,35.78853893,M,Not Provided
2037,04092019355,BRUEGGERS BAGELS,10750 WAKEFIELD COMMONS DR ,SUITE 111,RALEIGH,NC,27614,(919) 435-0444,1711515600000,1 - Restaurant,-78.54122916,35.94195239,M,Not Provided
2038,04092019356,MILO'S CAFE,10119 CHAPEL HILL RD,,MORRISVILLE,NC,27560,(919) 443-8000,1711602000000,1 - Restaurant,-78.82681658,35.82670809,M,Not Provided
2039,04092019358,PHO 919,3504 DAVIS DR ,,MORRISVILLE,NC,27560,(919) 377-0318,1712120400000,1 - Restaurant,-78.84576057,35.81812092,M,Not Provided
2040,04092019357,HONG KONG,3490 KILDAIRE FARM RD ,STE 190,CARY,NC,27518,(919) 303-8278,1711947600000,1 - Restaurant,-78.79564018,35.70596311,M,Not Provided
2041,04092019361,SUBWAY #22217,1601 CROSSLINK RD ,,RALEIGH,NC,27610,(919) 594-1787,1712638800000,1 - Restaurant,-78.6148089,35.7548246,M,Not Provided
2042,04092019360,ALADDIN'S EATERY,8201 BRIER CREEK  PKY ,STE 107,RALEIGH,NC,27617,(919) 806-5700,1712638800000,1 - Restaurant,-78.78335109,35.90685106,M,Not Provided
2043,04092019362,LA TERRAZZA   ROOFTOP BAR (9TH FLOOR),223 S WEST ST,,RALEIGH,NC,27603,(919) 412-4260,1712811600000,1 - Restaurant,-78.64560315,35.77782018,M,Not Provided
2044,04092019365,FIRST WATCH #6047,"6320 CAPITAL  BLVD, STE 130",,RALEIGH,NC,27161,(919) 900-8355,1713243600000,1 - Restaurant,-78.57847149,35.87073431,M,Not Provided
2045,04092019363,STARRY NIGHT COFFEE   CREPES,315 CROSSROADS BLVD ,,CARY,NC,27511,(919) 900-7155,1712725200000,1 - Restaurant,-78.73871469,35.76064643,M,Not Provided
2046,04092019367,FIRST WATCH #6054,621 HILLSBOROUGH ST ,SUITE 101,RALEIGH,NC,27603-4270,(919) 561-5588,1713243600000,1 - Restaurant,-78.64871664,35.78036718,M,Not Provided
2047,04092019368,FIRST WATCH #6050,6109 GLENWOOD AVE ,,RALEIGH,NC,27612,(919) 789-3347,1713330000000,1 - Restaurant,-78.70249095,35.85532699,M,Not Provided
2048,04092019369,FIRST WATCH #6051,4233 CORNERS PKY ,STE 230,RALEIGH,NC,27617,(919) 399-9040,1713330000000,1 - Restaurant,-78.78791959,35.9189124,M,Not Provided
2049,04092019364,XL SIDELINE,106 INVESTMENT BLVD ,,APEX,NC,27502,(919) 387-2955,1712811600000,1 - Restaurant,-78.83445196,35.72545072,M,Not Provided
2050,04092019366,FIRST WATCH #6053,631 E. SIX FORKS RD ,SUITE 100,RALEIGH,NC,27609,(941) 500-1987,1713243600000,1 - Restaurant,-78.62209482,35.82015424,M,Not Provided
2051,04092019371,FIRST WATCH #6037,1280 W WILLIAMS ST ,,APEX,NC,27502,(919) 848-9239,1713330000000,1 - Restaurant,-78.87327823,35.74703843,M,Not Provided
2052,04092019372,MR. CANCUN,325 N MAIN ST ,,HOLLY SPRINGS,NC,27540,(919) 552-6272,1713330000000,1 - Restaurant,-78.83516526,35.65627312,M,Not Provided
2053,04092019370,FIRST WATCH #6041,1325 BRADFORD VIEW DR ,STE 110,CARY,NC,27519,(919) 655-8005,1713330000000,1 - Restaurant,-78.84569125,35.79250659,M,Not Provided
2054,04092019373,FIRST WATCH #6052,4035 LAKE BOONE TRL ,SUITE 103,RALEIGH,NC,27607,(941) 925-6900,1713330000000,1 - Restaurant,-78.6970997,35.81457601,M,Not Provided
2055,04092019374,FIRST WATCH #6038,1104 LEDSOME LN ,STE 101,CARY,NC,27511,(919) 322-4344,1713330000000,1 - Restaurant,-78.74822919,35.76313034,M,Not Provided
2056,04092019375,FIRST WATCH #6036,304 GRAND HILL PL ,,HOLLY SPRINGS,NC,27540-4490,(919) 808-4603,1713330000000,1 - Restaurant,-78.84365533,35.66712728,M,Not Provided
2057,04092019376,FIRST WATCH #6048,2808 ROGERS RD ,SUITE 105,WAKE FOREST,NC,27587,(914) 319-1064,1713416400000,1 - Restaurant,-78.52660249,35.95272354,M,Not Provided
2058,04092019377,BERKELEY CAFE,428 S DAWSON ST ,,RALEIGH,NC,27601,(919) 828-9190,1713762000000,1 - Restaurant,-78.64394589,35.77458784,M,Not Provided
2059,04092019380,WINGSTOP,8215 FAYETTEVILLE RD ,,RALEIGH,NC,27603,(919) 322-4142,1714107600000,1 - Restaurant,-78.70141647,35.66239504,M,Not Provided
2060,04092019378,TAZIKI'S CAFE,7161 O'KELLY CHAPEL RD ,,CARY,NC,27519,(919) 371-2693,1714021200000,1 - Restaurant,-78.8882479,35.8441495,M,Not Provided
2061,04092019383,ALPACA PERUVIAN CHARCOAL CHICKEN (HILLSBOROUGH),1313 HILLSBOROUGH ST,,RALEIGH,NC,27605,,1714107600000,1 - Restaurant,-78.65671571,35.78326308,M,Not Provided
2062,04092019379,JERSEY MIKE'S #3257,1040 FORESTVILLE RD,,WAKE FOREST,NC,27587,,1712206800000,1 - Restaurant,-78.50759601,35.94610971,M,Not Provided
2063,04092019386,NAAN HOUSE INDIAN BISTRO,5460 APEX PEAKWAY,,APEX,NC,27502,(919) 629-4100,1714626000000,1 - Restaurant,-78.86537408,35.73684286,M,Not Provided
2064,04092019387,MCDONALD'S #3452,3810 LAKE BOONE TRL,,RALEIGH,NC,27607,(919) 781-0504,1714626000000,1 - Restaurant,-78.69425705,35.81615117,M,Not Provided
2065,04092019388,101 KITCHEN,4001  WIDEWATERS PKY ,STE G,KNIGHTDALE,NC,27545,(919) 373-0080,1714712400000,1 - Restaurant,-78.5051576,35.79511649,M,Not Provided
2066,04092019390,ENCORE,11211 GALLERIA AVE ,SUITE 107,RALEIGH,NC,27614,(919) 593-4387,1715058000000,1 - Restaurant,-78.54331275,35.94865663,M,Not Provided
2067,04092019393,PARALLAX COFFEE LAB,18 E THIRD ST,,WENDELL,NC,27591,(919) 205-8359,1712811600000,1 - Restaurant,-78.36910831,35.78075216,M,Not Provided
2068,04092019392,WINGSTOP,3209 AVENT FERRY RD ,,RALEIGH,NC,27606,(615) 399-1839,1714021200000,1 - Restaurant,-78.69521896,35.76771142,M,Not Provided
2069,04092019395,LA TERRAZITA,706 MONEY CT,SUITE 101,KNIGHTDALE,NC,27545,(919) 295-1493,1714107600000,1 - Restaurant,-78.47298186,35.79888799,M,Not Provided
2070,04092019394,BISCUIT BELLY,708 SEABOARD STATION DR,,RALEIGH,NC,27604,(919) 593-4868,1712811600000,1 - Restaurant,-78.6390763,35.78941958,M,Not Provided
2071,04092019398,THE GROVE AT CITY MARKET,208 WOLFE ST,,RALEIGH,NC,27601,,1715662800000,1 - Restaurant,-78.6362389,35.77586726,M,Not Provided
2072,04092019396,FENG CHA,3325 ROGERS RD,,WAKE FOREST,NC,27587,(919) 263-1351,1714366800000,1 - Restaurant,-78.51408375,35.95072814,M,Not Provided
2073,04092019399,LAND OF THOUSAND HILLS,218 SOUTHPORT DR,,MORRISVILLE,NC,27560,,1715662800000,1 - Restaurant,-78.81684875,35.83802808,M,Not Provided
2074,04092019397,EL JIMADOR,7425 KNIGHTDALE BLVD,,KNIGHTDALE,NC,27545,(252) 544-6098,1714453200000,1 - Restaurant,-78.47987094,35.79937492,M,Not Provided
2075,04092019400,FLOUR   BARREL,400 W NORTH ST,120,RALEIGH,NC,27603,,1715749200000,1 - Restaurant,-78.64521531,35.78519993,M,Not Provided
2076,04092019401,KHAO SEN,2100 GATHERING SQUARE CT ,,FUQUAY-VARINA,NC,27526,(919) 867-5426,1716008400000,1 - Restaurant,-78.78286119,35.60086921,M,Not Provided
2077,04092019404,GRK YEERO,2316 HILLSBOROUGH ST ,SUITE 108,RALEIGH,NC,27607-7384,(919) 457-0911,1715230800000,1 - Restaurant,-78.66664947,35.78770917,M,Not Provided
2078,04092019402,BRUNCHES AT CROSSROADS,200 CROSSROADS BLVD,SUITE 100,CARY,NC,27518,(919) 726-6261,1716008400000,1 - Restaurant,-78.74109703,35.76025118,M,Not Provided
2079,04092019406,DRIFT CAFE RIDGEWOOD,3510 WADE AVE,,RALEIGH,NC,27607,(410) 713-5030,1716181200000,1 - Restaurant,-78.68557988,35.80211883,M,Not Provided
2080,04092019405,BEANSPROUT RESTAURANT,3721 HILLSBOROUGH ST ,,RALEIGH,NC,27607,(919) 755-0554,1715922000000,1 - Restaurant,-78.68759163,35.79393767,M,Not Provided
2081,04092019407,PRESS COCKTAILS CREPES,400 HILLSBOROUGH ST ,,RALEIGH,NC,27603,(336) 684-6292,1716181200000,1 - Restaurant,-78.64544073,35.78105068,M,Not Provided
2082,04092019409,GLOBAL VILLAGE ORGANIC COFFEE,2428 HILLSBOROUGH  ST ,,RALEIGH,NC,27607,(919) 779-2120,1716354000000,1 - Restaurant,-78.66770188,35.78790893,M,Not Provided
2083,04092019412,OKOME HOUSE,"4551 NEW BERN AVE, STE 130",,RALEIGH,NC,27610,(919) 977-3555,1716958800000,1 - Restaurant,-78.55806917,35.79980482,M,Not Provided
2084,04092019411,EVEREST NEPALI KITCHEN,212 GRANDE HEIGHTS DR ,,CARY,NC,27513,(919) 378-9390,1716958800000,1 - Restaurant,-78.78059125,35.80471168,M,Not Provided
2085,04092019417,HOKKAIDO RAMEN HOUSE,4051 DAVIS DR,,MORRISVILLE,NC,27560,,1717131600000,1 - Restaurant,-78.85811524,35.8356255,M,Not Provided
2086,04092019418,KEBAB SKEWER,6446 TRYON RD ,,CARY,NC,27511,(919) 322-1535,1717390800000,1 - Restaurant,-78.76155635,35.7455991,M,Not Provided
2087,04092019420,TAZIKI'S MEDITERRANEAN CAFE,302 COLONADES WAY ,STE 201,CARY,NC,27518,(919) 415-0447,1717477200000,1 - Restaurant,-78.77756452,35.73853427,M,Not Provided
2088,04092019413,TAZIKI'S MEDITERRANEAN CAFE,7901 FALLS OF NEUSE RD ,SUITE 101,RALEIGH,NC,27615,(984) 255-0202,1717045200000,1 - Restaurant,-78.62784564,35.89352248,M,Not Provided
2089,04092019422,FENG CHA,8319 CREEDMOOR RD,,RALEIGH,NC,27613,(919) 600-8686,1716526800000,1 - Restaurant,-78.68223246,35.90105464,M,Not Provided
2090,04092019421,REFUEL #190,1012 HOLDING VILLAGE WAY,,WAKE FOREST,NC,27587,(984) 352-1303,1716526800000,1 - Restaurant,-78.51119483,35.96475771,M,Not Provided
2091,04092019423,BLACK   WHITE COFFEE ROASTERS,2400 JOHN BRANTLEY BLVD,,MORRISVILLE,NC,27560,(304) 544-0699,1716354000000,1 - Restaurant,-78.7893961,35.86970016,M,Not Provided
2092,04092019424,SILK BAR AND LOUNGE,10255 CHAPEL HILL RD,,MORRISVILLE,NC,27560,(872) 206-0042,1717736400000,1 - Restaurant,-78.82787824,35.83012817,M,Not Provided
2093,04092019425,KENTUCKY FRIED CHICKEN,12313 CAPITAL  BLVD ,,WAKE FOREST,NC,27587,(913) 469-1112,1718082000000,1 - Restaurant,-78.53917224,35.98263322,M,Not Provided
2094,04092019426,KENTUCKY FRIED CHICKEN,1599 US HWY 70 ,,GARNER,NC,27529,(913) 356-6334,1718082000000,1 - Restaurant,-78.65015189,35.72389051,M,Not Provided
2095,04092019429,7-ELEVEN #42196H,7707 FAYETTEVILLE RD,,RALEIGH,NC,27603,,1718168400000,1 - Restaurant,-78.69488138,35.66791195,M,Not Provided
2096,04092019428,KENTUCKY FRIED CHICKEN G135995,1403 W WILLIAMS ST ,,APEX,NC,27523,(919) 303-7997,1718168400000,1 - Restaurant,-78.87727082,35.75015302,M,Not Provided
2097,04092019430,KENTUCKY FRIED CHICKEN G135985,7040 KNIGHTDALE BLVD ,,KNIGHTDALE,NC,27545,(919) 266-4096,1718082000000,1 - Restaurant,-78.49327386,35.79796991,M,Not Provided
2098,04092019433,JIMMY JOHN'S #3665,724 N JUDD PKY ,,FUQUAY-VARINA,NC,27526,(919) 567-0954,1718254800000,1 - Restaurant,-78.77866077,35.59344505,M,Not Provided
2099,04092019432,JIMMY JOHN'S #791,1904 NW MAYNARD RD ,STE 103,CARY,NC,27513,(919) 462-6252,1718082000000,1 - Restaurant,-78.7949041,35.79887976,M,Not Provided
2100,04092019435,THE CLUB AT 12 OAKS,2004 GREEN OAKS PKWY.,,HOLLY SPRINGS,NC,27540,(919) 285-3680,1718341200000,1 - Restaurant,-78.87675782,35.67147453,M,Not Provided
2101,04092019434,MACGREGOR DRAFT HOUSE,107 EDINBURGH SOUTH DR ,SUITE 120,CARY,NC,27511,(919) 461-1633,1718341200000,1 - Restaurant,-78.79806693,35.73669743,M,Not Provided
2102,04092019436,JIMMY JOHN'S #1027,8005 BRIER CREEK PKY ,STE 120,RALEIGH,NC,27617,(919) 806-5616,1718686800000,1 - Restaurant,-78.78255001,35.9111629,M,Not Provided
2103,04092019431,JIMMY JOHN'S #895,8204 TRYON WOODS DR ,STE 118,CARY,NC,27518,(919) 859-7377,1718254800000,1 - Restaurant,-78.74322595,35.74716476,M,Not Provided
2104,04092019439,DUCK DONUTS 166,2414 WYCLIFF RD,,RALEIGH,NC,27607,(919) 322-0846,1719118800000,1 - Restaurant,-78.69299571,35.81676957,M,Not Provided
2105,04092019438,JIMMY JOHN'S,2904 WAKE FOREST  RD ,SUITE 106,RALEIGH,NC,27609,(309) 454-2811,1718600400000,1 - Restaurant,-78.62209482,35.82015424,M,Not Provided
2106,04092019437,JIMMY JOHN'S #3436,2012 BOULDERSTONE WAY ,,CARY,NC,27519,(919) 461-0171,1718686800000,1 - Restaurant,-78.84859333,35.79156092,M,Not Provided
2107,04092019442,VERA PIZZA AND GRILL,6091  CAPITAL  BLVD ,,RALEIGH,NC,27616,(919) 301-8198,1718859600000,1 - Restaurant,-78.5830954,35.86881664,M,Not Provided
2108,04092019441,THE CURRY CLUB,3281 AVENT FERRY RD ,STE 117,RALEIGH,NC,27606,(919) 821-7991,1718859600000,1 - Restaurant,-78.69565546,35.76674009,M,Not Provided
2109,04092019444,KENTUCKY FRIED CHICKEN,4040 CAPITAL BLVD ,,RALEIGH,NC,27604,(913) 469-1112,1718341200000,1 - Restaurant,-78.58106883,35.83615615,M,Not Provided
2110,04092019440,DOMINOS #4453,4412 FALLS OF NEUSE RD ,SUITE 109,RALEIGH,NC,27609,(919) 636-8949,1718859600000,1 - Restaurant,-78.61118939,35.84340166,M,Not Provided
2111,04092019445,KENTUCKY FRIED CHICKEN,3408 POOLE RD ,,RALEIGH,NC,27610,(913) 469-1112,1718341200000,1 - Restaurant,-78.57981132,35.76819868,M,Not Provided
2112,04092019447,CHICK-FIL-A  #04884,4411 NEW BERN AVE,,RALEIGH,NC,27610,(984) 255-6784,1719118800000,1 - Restaurant,-78.56140607,35.79898742,M,Not Provided
2113,04092019449,CHAI FRESH,9589 CHAPEL HILL RD ,,MORRISVILLE,NC,27560,,1719291600000,1 - Restaurant,-78.81120592,35.8045755,M,Not Provided
2114,04092019450,NAOS,2800 RENAISSANCE PARK PL ,,CARY,NC,27513,,1719291600000,1 - Restaurant,-78.77263084,35.82860491,M,Not Provided
2115,04092019451,ANTHONY'S LA PIAZZA,21 GLENWOOD AVE,,RALEIGH,NC,27603-1794,(919) 703-0210,1719378000000,1 - Restaurant,-78.64791388,35.78151809,M,Not Provided
2116,04092019452,THE LIBRARY STEAKHOUSE,133 S FUQUAY AVE,,FUQUAY-VARINA,NC,27526,(919) 642-2030,1717650000000,1 - Restaurant,-78.79783769,35.5829243,M,Not Provided
2117,04092019453,CITY BARBEQUE #10082,2140 TREELIGHT WAY,,WENDELL,NC,27591,(919) 879-5982,1718254800000,1 - Restaurant,-78.4326077,35.77412084,M,Not Provided
2118,04092019455,COMPLEX BREW,500 S SALISBURY ST,,RALEIGH,NC,27601,(919) 996-8675,1719896400000,1 - Restaurant,-78.64125889,35.77365209,M,Not Provided
2119,04092019457,NEPAL HOUSE,941 N HARRISON AVE,,CARY,NC,27513,,1720501200000,1 - Restaurant,-78.78451819,35.80143568,M,Not Provided
2120,04092019456,YURI JAPANESE RESTAURANT,1361 KILDAIRE FARM RD ,,CARY,NC,27511,(919) 481-0068,1720155600000,1 - Restaurant,-78.78193785,35.75976468,M,Not Provided
2121,04092019458,TIGER SUGAR,1969 HIGH HOUSE RD,,CARY,NC,27519,,1720501200000,1 - Restaurant,-78.84865558,35.78922067,M,Not Provided
2122,04092019463,SOHOT RALEIGH,4509 CREEDMOOR RD,102,RALEIGH,NC,27612-3813,(919) 525-0418,1721019600000,1 - Restaurant,-78.68316687,35.8427619,M,Not Provided
2123,04092019459,THIRD EYE MOMO   GRILL,10110 GREEN LEVEL CHURCH RD,108,CARY,NC,27519,(919) 353-3555,1720501200000,1 - Restaurant,-78.90107972,35.82060442,M,Not Provided
2124,04092019460,STARBUCKS #68126,1070 DARRINGTON DR,,CARY,NC,27513,,1720501200000,1 - Restaurant,-78.81691991,35.7999225,M,Not Provided
2125,04092019464,CHEETAH PREMIERE GENTLEMEN'S CLUB RALEIGH,2940 PLEASANT GROVE CHURCH RD,,MORRISVILLE,NC,27560,(919) 469-9305,1721192400000,1 - Restaurant,-78.8141985,35.86749541,M,Not Provided
2126,04092019465,VIC'S PIZZERIA,1 GLENWOOD AVE,105,RALEIGH,NC,27603-2579,(919) 924-6806,1721192400000,1 - Restaurant,-78.64799606,35.7803311,M,Not Provided
2127,04092019467,POSTINO WINE CAFE,401 DANIELS ST,,RALEIGH,NC,27605,(919) 341-2699,1720760400000,1 - Restaurant,-78.66157289,35.79001283,M,Not Provided
2128,04092019468,HEREGHTY HEAVENLY DELICIOUS,2603 GLENWOOD AVE ,SUITE 123,RALEIGH,NC,27608,(919) 787-3995,1721710800000,1 - Restaurant,-78.66062738,35.81550133,M,Not Provided
2129,04092019469,SERGIO'S PIZZA OF RALEIGH,"7440 LOUISBURG RD, STE 135",,RALEIGH,NC,27616,(919) 876-3116,1721365200000,1 - Restaurant,-78.53977075,35.87454257,M,Not Provided
2130,04092019470,CHIPOTLE #4816,2148 TREELIGHT WAY,,WENDELL,NC,27591,(984) 313-0448,1721019600000,1 - Restaurant,-78.43293246,35.77450742,M,Not Provided
2131,04092019466,RIGO'S PIZZERIA,6325 FALLS OF NEUSE RD ,SUITE 69,RALEIGH,NC,27615,(919) 518-5424,1721278800000,1 - Restaurant,-78.62251588,35.86923291,M,Not Provided
2132,04092019471,CRAWFORD'S GENUINE ,2400 JOHN BRANTLEY BLVD,,MORRISVILLE,NC,27560,(305) 849-9350,1721710800000,1 - Restaurant,-78.7893961,35.86970016,M,Not Provided
2133,04092019474,LE MACARON FRENCH PASTRIES,8480 HONEYCUTT RD ,SUITE 110,RALEIGH,NC,27615,(434) 517-1459,1721970000000,1 - Restaurant,-78.62166264,35.89510631,M,Not Provided
2134,04092019475,THAI TWIST,1408 HARDIMONT RD ,,RALEIGH,NC,27609,(919) 615-0438,1722834000000,1 - Restaurant,-78.61511107,35.83620957,M,Not Provided
2135,04092019472,CAROLINA CRAFT,2400 JOHN BRANTLEY BLVD,,MORRISVILLE,NC,27560,(305) 849-9350,1721710800000,1 - Restaurant,-78.7893961,35.86970016,M,Not Provided
2136,04092019477,BREAK TIME BILLIARDS,6442 TRYON RD,,CARY,NC,27518,,1722834000000,1 - Restaurant,-78.76155635,35.7455991,M,Not Provided
2137,04092019479,THE POKE REPUBLIC,5036 ARCO ST,,CARY,NC,27519,,1722834000000,1 - Restaurant,-78.88191823,35.83348308,M,Not Provided
2138,04092019476,ZEST CARY,175 E CHATHAM ST,,CARY,NC,27511,,1722834000000,1 - Restaurant,-78.77927544,35.78764667,M,Not Provided
2139,04092019482,EL TORO LOCO TAQUERIA,314 S BLOUNT ST,,RALEIGH,NC,27601,,1722920400000,1 - Restaurant,-78.63751106,35.77621734,M,Not Provided
2140,04092019480,FRATELLI'S DELICATESSEN,1481 RICHARDSON RD,107,APEX,NC,27523,,1722834000000,1 - Restaurant,-78.9163793,35.74114302,M,Not Provided
2141,04092019481,AJUMMA,2055 RENAISSANCE PARK PL,,CARY,NC,27513,,1722834000000,1 - Restaurant,-78.77209635,35.82792133,M,Not Provided
2142,04092019483,UT DINING HALL,111 FRIENDLY DR,,RALEIGH,NC,27607,(919) 327-3800,1722920400000,1 - Restaurant,-78.67544621,35.78839392,M,Not Provided
2143,04092019478,TURKISH COFFEE LADY,1460 CHAPEL RIDGE RD,170,APEX,NC,27502-8616,,1722834000000,1 - Restaurant,-78.88889823,35.73806703,M,Not Provided
2144,04092019484,THE POOLSIDE PUB AT 12 OAKS,2004 GREEN OAKS ,,HOLLY SPRINGS,NC,27540,(229) 894-0095,1723179600000,1 - Restaurant,-78.87675782,35.67147453,M,Not Provided
2145,04092019485,BOBAPOP TEA BAR,3512 WADE AVE ,SUITE B,RALEIGH,NC,27607,,1723438800000,1 - Restaurant,-78.68557988,35.80211883,M,Not Provided
2146,04092019486,RALEIGH COUNTRY CLUB,400 DONALD ROSS DR,,RALEIGH,NC,27610,(919) 801-6960,1723525200000,1 - Restaurant,-78.59754291,35.77609883,M,Not Provided
2147,04092019488,UMSTEAD AUXILIARY KITCHEN - SAS BUILDING F,200 SAS CAMPUS DR ,,CARY,NC,27513-2414,(919) 447-4000,1723698000000,1 - Restaurant,-78.76370402,35.82654559,M,Not Provided
2148,04092019491,LOBERA TACOS   TEQUILA,2100 HILLSBOROUGH ST ,UNIT 110,RALEIGH,NC,27607,(919) 706-0546,1723611600000,1 - Restaurant,-78.66354397,35.78687334,M,Not Provided
2149,04092019495,JERSEY MIKE'S #3253,3510 WADE AVE,UNIT B,RALEIGH,NC,27607,(919) 827-9228,1723438800000,1 - Restaurant,-78.68557988,35.80211883,M,Not Provided
2150,04092019497,BIRDIE'S BARROOM   KITCHEN,150 FAYETTEVILLE ST,SUITE 150,RALEIGH,NC,27601,(919) 589-1340,1725512400000,1 - Restaurant,-78.63970739,35.7787201,M,Not Provided
2151,04092019493,MOE'S SOUTHWEST GRILL #242,7850-115 ALEXANDER PROMENADE PL ,STE 115,RALEIGH,NC,27617,(919) 957-9075,1724648400000,1 - Restaurant,-78.77695584,35.91424048,M,Not Provided
2152,04092019496,FLAVORS OF INDIA,6715 HILLSBOROUGH ST,SUITE 102,RALEIGH,NC,27606,(919) 900-7334,1725426000000,1 - Restaurant,-78.74391886,35.78820409,M,Not Provided
2153,04092019498,ASIAN DELIGHT,4424 FAYETTEVILLE RD,,RALEIGH,NC,27603,(919) 424-7256,1725512400000,1 - Restaurant,-78.65687464,35.7197141,M,Not Provided
2154,04092019499,CALI COLOMBIAN RESTAURANT,5601 ATLANTIC AVE,101,RALEIGH,NC,27615,(919) 424-7160,1725512400000,1 - Restaurant,-78.60084789,35.8619329,M,Not Provided
2155,04092019502,CHICK-FIL-A 00868,4621 CAPITAL BLVD ,,RALEIGH,NC,27604,(919) 850-2175,1725858000000,1 - Restaurant,-78.58118558,35.84746032,M,Not Provided
2156,04092019504,VIDA DULCE,836 E CHATHAM ST,,CARY,NC,27511,,1726030800000,1 - Restaurant,-78.76088327,35.79050976,M,Not Provided
2157,04092019505,AFGHAN KEBAB,2422 SW CARY PKWY ,,CARY,NC,27513,(919) 678-3003,1708491600000,1 - Restaurant,-78.82085568,35.76364284,M,Not Provided
2158,04092020030,CHAR-GRILL #1,618 HILLSBOROUGH ST,,RALEIGH,NC,27603-1732,(919) 821-7636,669358800000,2 - Food Stands,-78.64851339,35.78110375,M,Not Provided
2159,04092019500,PIADA ITALIAN STREET FOOD,529 DR. CALVIN JONES HWY,STE 110,WAKE FOREST,NC,27587,(919) 321-6495,1724907600000,1 - Restaurant,-78.53173925,35.9665207,M,Not Provided
2160,04092020035,CIRCLE K #8620,4100 WESTERN BLV ,,RALEIGH,NC,27606-1963,(919) 851-1050,716706000000,2 - Food Stands,-78.6942372,35.78456934,M,Not Provided
2161,04092020037,CIRCLE K #8524,3948 NEW BERN AVE ,,RALEIGH,NC,27610-1333,(919) 231-8060,673074000000,2 - Food Stands,-78.56881441,35.79852716,M,Not Provided
2162,04092020040,CIRCLE K # 8621,4400 LOUISBURG RD,,RALEIGH,NC,27616-4335,(919) 790-9099,673592400000,2 - Food Stands,-78.57305841,35.84254766,M,Not Provided
2163,04092020102,FRESH MARKET DELI,400 WOODBURN RD ,,RALEIGH,NC,27605-1324,(919) 828-7888,669358800000,2 - Food Stands,-78.65854788,35.78994091,M,Not Provided
2164,04092020119,HAN-DEE HUGO'S #43,3400 BENSON RD ,,GARNER,NC,27529-9300,(919) 662-1825,670654800000,2 - Food Stands,-78.61404749,35.63545737,M,Not Provided
2165,04092020045,COMMUNITY MART,10128 OLD STAGE RD ,,RALEIGH,NC,27603-9559,(919) 772-1451,670654800000,2 - Food Stands,-78.67187255,35.63526871,M,Not Provided
2166,04092020121,HAN-DEE HUGO'S #47,4120 GLENWOOD AVE ,,RALEIGH,NC,27612-4626,(919) 881-9246,672901200000,2 - Food Stands,-78.67250612,35.83777708,M,Not Provided
2167,04092020122,HAN-DEE HUGO'S #41,103 SW MAYNARD RD,,CARY,NC,27511-4401,(919) 467-8963,673506000000,2 - Food Stands,-78.78225469,35.77096943,M,Not Provided
2168,04092020607,DOMINOS PIZZA #8940,1368 N MAIN ST ,,FUQUAY-VARINA,NC,27526-2617,(919) 557-5551,769410000000,2 - Food Stands,-78.7753337,35.59075371,M,Not Provided
2169,04092020237,SNOOPY'S # 1,1931 WAKE FOREST RD,,RALEIGH,NC,27608-2731,(919) 833-0992,672901200000,2 - Food Stands,-78.62502323,35.80726583,M,Not Provided
2170,04092020585,SPEEDWAY #6984,1470 US 70 HWY W ,,GARNER,NC,27529,(919) 779-5952,757746000000,2 - Food Stands,-78.64320848,35.72221819,M,Not Provided
2171,04092020610,HARRIS TEETER #26 PRODUCE ,7400 CREEDMOOR RD,,RALEIGH,NC,27613-1639,(919) 848-1464,769842000000,2 - Food Stands,-78.67810638,35.88786089,M,Not Provided
2172,04092020612,HARRIS TEETER #26 DELI,7400 CREEDMOOR RD,,RALEIGH,NC,27613-1639,(919) 848-1464,769755600000,2 - Food Stands,-78.67810638,35.88786089,M,Not Provided
2173,04092020817,"LOWES FOODS # 162 MEAT, SEAFOOD, AND SAUSAGES",6430 TRYON RD ,,CARY,NC,27511-7050,(919) 859-9335,873954000000,2 - Food Stands,-78.76155635,35.7455991,M,Not Provided
2174,04092020818,HAN-DEE HUGO'S #60,2581 GORMAN ST ,,RALEIGH,NC,27606-4673,(919) 859-5272,878619600000,2 - Food Stands,-78.69957155,35.75688501,M,Not Provided
2175,04092020813,PAPA JOHNS PIZZA #1625,6510 GLENWOOD AVE ,,RALEIGH,NC,27612-7156,(919) 786-9900,869979600000,2 - Food Stands,-78.70609953,35.8607444,M,Not Provided
2176,04092020713,HARRIS TEETER #257 PRODUCE,2080 KILDAIRE FARM RD ,,CARY,NC,27511-6614,(919) 233-9483,824446800000,2 - Food Stands,-78.78068643,35.73567118,M,Not Provided
2177,04092020845,PAPA JOHN'S,6470 TRYON RD ,,CARY,NC,27511-7050,(919) 851-5656,899096400000,2 - Food Stands,-78.76135102,35.74433027,M,Not Provided
2178,04092020819,PAPA JOHN'S PIZZA #1406,109 VANDORA SPRINGS RD ,,GARNER,NC,27529,(919) 661-0707,878274000000,2 - Food Stands,-78.6202989,35.7117131,M,Not Provided
2179,04092020848,DOMINO'S,9825-E CHAPEL HILL ROAD ,,MORRISVILLE,NC,27560,(919) 319-7000,906008400000,2 - Food Stands,-78.81704809,35.81052408,M,Not Provided
2180,04092020857,SAM'S CLUB #6570 DELI,3001 CALVARY DR ,,RALEIGH,NC,27604-2801,(919) 874-0112,913957200000,2 - Food Stands,-78.58500532,35.84648891,M,Not Provided
2181,04092020856,PAPA JOHN'S #1576,2904 WAKE FOREST RD ,,RALEIGH,NC,27609,(919) 743-3333,1110517200000,2 - Food Stands,-78.62209482,35.82015424,M,Not Provided
2182,04092020868,CIRCLE K #8610,4713 NEW BERN AVE ,,RALEIGH,NC,27610-1437,(919) 212-0101,920523600000,2 - Food Stands,-78.55690767,35.7984835,M,Not Provided
2183,04092020870,PAPA JOHN'S PIZZA,9611 STRICKLAND RD ,,RALEIGH,NC,27615,(919) 676-7272,923461200000,2 - Food Stands,-78.65616237,35.90109299,M,Not Provided
2184,04092020878,HAN-DEE HUGO'S #62,10550 DURANT RD ,,RALEIGH,NC,27614-9478,(919) 518-2474,927262800000,2 - Food Stands,-78.59030598,35.90565372,M,Not Provided
2185,04092020904,VARIETY PICKUP FOOD STAND-HWY 97,2727 NC 97 HWY ,,WENDELL,NC,27591,(919) 365-7419,938494800000,2 - Food Stands,-78.3809568,35.81488932,M,Not Provided
2186,04092020916,PAPA JOHN'S #619,5260 CAPITAL BLV,,RALEIGH,NC,27616-3232,(919) 872-7575,947826000000,2 - Food Stands,-78.58018191,35.85814357,M,Not Provided
2187,04092020929,SPEEDWAY #6983,850 CAPITAL BLVD,,RALEIGH,NC,27603-1108,(919) 832-8478,956120400000,2 - Food Stands,-78.64153515,35.79244442,M,Not Provided
2188,04092020927,BJ'S WHOLESALE CLUB DELI   MEAT MARKET,2370 WALNUT ST ,,CARY,NC,27518,(919) 854-2777,954478800000,2 - Food Stands,-78.74427037,35.75323194,M,Not Provided
2189,04092020898,BAYLEAF CONVENIENCE,10701 SIX FORKS RD,,RALEIGH,NC,27614-9570,(919) 847-7075,935470800000,2 - Food Stands,-78.64904754,35.92875006,M,Not Provided
2190,04092020945,COOK OUT,1607 WALNUT ST,,CARY,NC,27511-5928,(919) 319-5414,958453200000,2 - Food Stands,-78.7480902,35.76411252,M,Not Provided
2191,04092020941,PAPA JOHN'S #1579,14460 NEW FALLS OF NEUSE RD,STE 115,RALEIGH,NC,27614-8227,(919) 488-7272,956898000000,2 - Food Stands,-78.54362149,35.94386897,M,Not Provided
2192,04092020959,FOOD LION #1459 DELI,1508 BROAD ST ,,FUQUAY-VARINA,NC,27526-8363,(919) 577-1000,962427600000,2 - Food Stands,-78.80247593,35.60486538,M,Not Provided
2193,04092020961,FOOD LION #1484 DELI ,2420 WYCLIFF RD ,,RALEIGH,NC,27607-2903,(919) 571-3638,962427600000,2 - Food Stands,-78.69299571,35.81676957,M,Not Provided
2194,04092020964,FOOD LION #1481 DELI ,7713 LEAD MINE RD ,,RALEIGH,NC,27615-4805,(919) 518-1607,962427600000,2 - Food Stands,-78.6604412,35.88617756,M,Not Provided
2195,04092020967,FOOD LION #1374 DELI ,9525 STRICKLAND RD ,,RALEIGH,NC,27615-1936,(919) 676-0141,962427600000,2 - Food Stands,-78.65461063,35.89932731,M,Not Provided
2196,04092020965,FOOD LION #1557 DELI/BAKERY ,4827 GROVE BARTON RD ,,RALEIGH,NC,27613,(919) 781-4437,962427600000,2 - Food Stands,-78.71753987,35.86797291,M,Not Provided
2197,04092020969,FOOD LION #40 DELI ,980 KILDAIRE FARM RD ,,CARY,NC,27511-3923,(919) 467-4168,962427600000,2 - Food Stands,-78.78312327,35.77217526,M,Not Provided
2198,04092020973,FOOD LION #1079 DELI,5621 LOUISBURG RD,,RALEIGH,NC,27616-5353,(919) 981-0402,962427600000,2 - Food Stands,-78.55796941,35.85459908,M,Not Provided
2199,04092020943,WHOLE FOODS MARKET SEAFOOD SHOP,102  NEW WAVERLY PLACE ,#B,CARY,NC,27511,(919) 816-8830,957848400000,2 - Food Stands,-78.77852676,35.7366694,M,Not Provided
2200,04092020974,FOOD LION #247 DELI,4510 CAPITAL BLV ,,RALEIGH,NC,27604-4353,(919) 876-8126,962427600000,2 - Food Stands,-78.57896431,35.84571465,M,Not Provided
2201,04092020976,FOOD LION #1654 DELI,7440 LOUISBURG RD,,RALEIGH,NC,27616-6482,(919) 875-1394,962427600000,2 - Food Stands,-78.53977075,35.87454257,M,Not Provided
2202,04092020978,FOOD LION #586 DELI,3416 POOLE RD ,,RALEIGH,NC,27610-2918,(919) 231-6202,962427600000,2 - Food Stands,-78.57953607,35.76724392,M,Not Provided
2203,04092020979,FOOD LION #1259 DELI,3685 NEW BERN AVE,,RALEIGH,NC,27610-1232,(919) 231-7294,962427600000,2 - Food Stands,-78.57924099,35.79885208,M,Not Provided
2204,04092020977,FOOD LION #757 DELI,1100-122 RALEIGH BLVD ,,RALEIGH,NC,27610-1076,(919) 829-7077,962427600000,2 - Food Stands,-78.61144572,35.79422701,M,Not Provided
2205,04092020944,WHOLE FOODS MARKET PRODUCE SHOP,102  NEW WAVERLY PLACE ,#B,CARY,NC,27511,(919) 816-8830,957848400000,2 - Food Stands,-78.77852676,35.7366694,M,Not Provided
2206,04092020982,FOOD LION #815 DELI ,2837 WENDELL BLV ,,WENDELL,NC,27591-6904,(919) 365-3002,962427600000,2 - Food Stands,-78.38037272,35.79568491,M,Not Provided
2207,04092020980,FOOD LION #1669 DELI ,1601 CROSS LINK RD,,RALEIGH,NC,27610-4186,(919) 633-8250,962427600000,2 - Food Stands,-78.6148089,35.7548246,M,Not Provided
2208,04092020984,FOOD LION #669 DELI,405 S MAIN ST,,ROLESVILLE,NC,27571-9664,(919) 554-4018,962427600000,2 - Food Stands,-78.46472452,35.91730947,M,Not Provided
2209,04092020986,FOOD LION #561 DELI,217 TIMBER DR,,GARNER,NC,27529-4870,(919) 779-5551,962427600000,2 - Food Stands,-78.60613274,35.68500311,M,Not Provided
2210,04092020989,FOOD LION #1573 DELI,3926 WESTERN BLVD,,RALEIGH,NC,27606-1937,(919) 664-8059,962427600000,2 - Food Stands,-78.69252396,35.78575692,M,Not Provided
2211,04092020993,FOOD LION #1491 DELI,3151-113 CAPITAL BLV ,,RALEIGH,NC,27604-3335,(919) 790-6728,962427600000,2 - Food Stands,-78.59044224,35.82314249,M,Not Provided
2212,04092020992,FOOD LION #1454 DELI,3415 AVENT FERRY RD,,RALEIGH,NC,27607,(919) 858-9772,962427600000,2 - Food Stands,-78.69720796,35.76626192,M,Not Provided
2213,04092020995,FOOD LION #572 DELI,8320-120 LITCHFORD RD ,,RALEIGH,NC,27615-2464,(919) 790-8146,962427600000,2 - Food Stands,-78.59988047,35.89223606,M,Not Provided
2214,04092020996,FOOD LION #723 DELI ,7053 KNIGHTDALE BLVD ,,KNIGHTDALE,NC,27545-8800,(919) 266-5164,962427600000,2 - Food Stands,-78.49003668,35.79982416,M,Not Provided
2215,04092020997,FOOD LION #996 DELI,7971 FAYETTEVILLE RD ,,RALEIGH,NC,27603-5631,(919) 772-0317,962427600000,2 - Food Stands,-78.6974243,35.66508436,M,Not Provided
2216,04092020998,FOOD LION #816 DELI,2861 JONES FRANKLIN RD ,,RALEIGH,NC,27606,(919) 233-9708,962427600000,2 - Food Stands,-78.7377362,35.74360868,M,Not Provided
2217,04092020999,FOOD LION #1496 DELI ,1777 W WILLIAMS ST ,,APEX,NC,27502,(919) 392-1986,978238800000,2 - Food Stands,-78.87770732,35.75964659,M,Not Provided
2218,04092021003,FOOD LION #434 DELI,1338 N MAIN ST ,,FUQUAY-VARINA,NC,27526-2617,(919) 552-1388,962427600000,2 - Food Stands,-78.77764161,35.59047463,M,Not Provided
2219,04092021001,FOOD LION #649 DELI ,2720 LAKE WHEELER RD ,,RALEIGH,NC,27603-5861,(919) 755-3856,962427600000,2 - Food Stands,-78.68034205,35.74406085,M,Not Provided
2220,04092021004,FOOD LION #938 DELI ,517 N MAIN ST ,,HOLLY SPRINGS,NC,27540-9397,(919) 557-1175,962427600000,2 - Food Stands,-78.83686967,35.65965929,M,Not Provided
2221,04092021005,FOOD LION #1589 DELI ,3417 N MAIN ST,,FUQUAY-VARINA,NC,27526-7257,(919) 557-0555,962427600000,2 - Food Stands,-78.72590996,35.6251507,M,Not Provided
2222,04092021013,FOOD LION #624 DELI ,2458 SW CARY PKY ,,CARY,NC,27513-5318,(919) 481-1822,962427600000,2 - Food Stands,-78.82085568,35.76364284,M,Not Provided
2223,04092021011,FOOD LION #90 DELI,4317 FALLS OF NEUSE RD,,RALEIGH,NC,27609-6283,(919) 872-5376,962427600000,2 - Food Stands,-78.61339405,35.84096299,M,Not Provided
2224,04092021010,FOOD LION #1482 DELI,5426 SIX FORKS RD,,RALEIGH,NC,27609-4436,(919) 676-3386,962427600000,2 - Food Stands,-78.64059755,35.85499399,M,Not Provided
2225,04092021009,FOOD LION #1482 MEAT MARKET,5426 SIX FORKS RD,,RALEIGH,NC,27609-4436,(919) 676-3386,962427600000,2 - Food Stands,-78.64059755,35.85499399,M,Not Provided
2226,04092021032,LOWES FOODS #191 DELI,9600 STRICKLAND RD ,,RALEIGH,NC,27615-1937,(919) 847-5661,965106000000,2 - Food Stands,-78.65568512,35.90277372,M,Not Provided
2227,04092021045,COOK OUT,3244 CAPITAL BLVD ,,RALEIGH,NC,27604-3338,(919) 862-8281,976251600000,2 - Food Stands,-78.58721066,35.82374666,M,Not Provided
2228,04092021036,FOOD LION #536 DELI ,9101 LEESVILLE RD ,,RALEIGH,NC,27613-4091,(919) 848-6082,969598800000,2 - Food Stands,-78.72548111,35.89676189,M,Not Provided
2229,04092021046,SPECIALTY SOUTH COMMISSARY,3200 GRESHAM LAKE RD,STE 117,RALEIGH,NC,27615,(919) 621-4545,979189200000,2 - Food Stands,-78.58228724,35.88437057,M,Not Provided
2230,04092021055,FOOD LION #193 DELI,5633 CREEDMOOR RD,,RALEIGH,NC,27612-6316,(919) 781-0597,983163600000,2 - Food Stands,-78.68200654,35.85879308,M,Not Provided
2231,04092021058,HARRIS TEETER #90 PRODUCE ,13210 STRICKLAND RD ,,RALEIGH,NC,27613-7536,(919) 676-3534,984632400000,2 - Food Stands,-78.72593678,35.90878748,M,Not Provided
2232,04092021059,HARRIS TEETER #90 MEAT MARKET,13210 STRICKLAND RD ,,RALEIGH,NC,27613-7536,(919) 676-3534,984632400000,2 - Food Stands,-78.72593678,35.90878748,M,Not Provided
2233,04092021056,COOK OUT #13,6505 FALLS OF NEUSE RD ,,RALEIGH,NC,27615-6814,(919) 862-8830,982904400000,2 - Food Stands,-78.62236713,35.87165248,M,Not Provided
2234,04092021082,HAN-DEE HUGO'S #46,1920 ROCK QUARRY RD ,,RALEIGH,NC,27610-4154,(919) 836-8780,670568400000,2 - Food Stands,-78.6129004,35.75413892,M,Not Provided
2235,04092021088,LOWES FOODS #185 PRODUCE,1845 AVERSBORO RD ,,GARNER,NC,27529-4836,(919) 779-9907,999234000000,2 - Food Stands,-78.61583865,35.68506427,M,Not Provided
2236,04092021091,BJ'S WAREHOUSE CLUB #123 (FOODSTAND - MM AREA),8811 BRIER CREEK PKY ,,RALEIGH,NC,27616,(919) 806-5000,999838800000,2 - Food Stands,-78.78753234,35.90154998,M,Not Provided
2237,04092021066,CIRCLE K #8527,2100 E MILLBROOK RD,,RALEIGH,NC,27604-1743,(919) 799-9042,988866000000,2 - Food Stands,-78.60121474,35.84847,M,Not Provided
2238,04092021107,LENOVO CENTER VICTORY CLUB,1400 EDWARDS MILL RD ,,RALEIGH,NC,27607-3624,(919) 861-2300,1008306000000,2 - Food Stands,-78.72293853,35.80324451,M,Not Provided
2239,04092021108,LOWES FOODS #184 MEAT/SEAFOOD,5400 APEX PEAKWAY ,,APEX,NC,27502,(919) 363-5376,1010466000000,2 - Food Stands,-78.86537408,35.73684286,M,Not Provided
2240,04092021092,FOOD LION #2534 DELI,13200 NEW FALLS OF NEUSE RD,,RALEIGH,NC,27614-8239,(919) 562-8912,1000443600000,2 - Food Stands,-78.55982173,35.94075522,M,Not Provided
2241,04092021109,LOWES FOODS #184 PRODUCE,5400 APEX PEAKWAY ,,APEX,NC,27502,(919) 363-5376,1010466000000,2 - Food Stands,-78.86537408,35.73684286,M,Not Provided
2242,04092021080,DOMINO'S PIZZA #5505,1367 SE MAYNARD,,CARY,NC,27511,(919) 469-1115,994914000000,2 - Food Stands,-78.76396323,35.78833907,M,Not Provided
2243,04092021112,WALMART DELI,1051 E BROAD ST ,,FUQUAY-VARINA,NC,27526-1799,(919) 567-2350,1016514000000,2 - Food Stands,-78.78150211,35.59449788,M,Not Provided
2244,04092021132,WHOLE FOODS MARKET PRODUCE DEPARTMENT,3540 WADE AVE ,,RALEIGH,NC,27607-4048,(919) 828-5805,1027400400000,2 - Food Stands,-78.68557988,35.80211883,M,Not Provided
2245,04092021125,COOK OUT #19,1201 NEW BERN AVE ,,RALEIGH,NC,27610-2529,(919) 821-5410,1023944400000,2 - Food Stands,-78.62187007,35.78018475,M,Not Provided
2246,04092021134,LOWES FOODS #187 PRODUCE,12524 CAPITAL BLV,,WAKE FOREST,NC,27587-7487,(919) 562-5020,1028869200000,2 - Food Stands,-78.53270457,35.98593529,M,Not Provided
2247,04092021135,LOWES FOODS #187 MEAT/SEAFOOD,12524 CAPITAL BLV,,WAKE FOREST,NC,27587-7487,(919) 562-5020,1028869200000,2 - Food Stands,-78.53270457,35.98593529,M,Not Provided
2248,04092021136,LOWES FOODS #189 SEAFOOD ,3001 WIDEWATERS PKY ,,KNIGHTDALE,NC,27545,(919) 217-9184,1030510800000,2 - Food Stands,-78.5051576,35.79511649,M,Not Provided
2249,04092021137,LOWES FOODS #189 PRODUCE ,3001 WIDEWATERS PKY ,,KNIGHTDALE,NC,27545,(919) 217-9184,1030510800000,2 - Food Stands,-78.5051576,35.79511649,M,Not Provided
2250,04092021153,FRESH MARKET PRODUCE,400 WOODBURN RD ,,RALEIGH,NC,27605-1324,(919) 828-7888,1034571600000,2 - Food Stands,-78.65854788,35.78994091,M,Not Provided
2251,04092021142,SINO WOK,5959-1108 TRIANGLE TOWN BLV ,,RALEIGH,NC,27616,(919) 792-2499,1029733200000,2 - Food Stands,-78.576038,35.86600165,M,Not Provided
2252,04092021154,FOOD LION #341 DELI ,114 WAKELON ST ,,ZEBULON,NC,27597-2403,(919) 269-6122,1035522000000,2 - Food Stands,-78.31858232,35.83228581,M,Not Provided
2253,04092021148,PAPA JOHN'S,1238 W WILLIAMS ST ,,APEX,NC,27502-3953,(919) 303-9100,1032930000000,2 - Food Stands,-78.87260949,35.74618301,M,Not Provided
2254,04092021167,HARRIS TEETER #21 DELI,501 OBERLIN RD ,,RALEIGH,NC,27605,(919) 828-9216,1043989200000,2 - Food Stands,-78.66326313,35.79058167,M,Not Provided
2255,04092021170,SNOOPY'S HOT DOGS   MORE # 4,3600 HILLSBOROUGH ST ,,RALEIGH,NC,27607,(919) 755-9022,1044421200000,2 - Food Stands,-78.68359538,35.79338984,M,Not Provided
2256,04092021160,BJ'S WAREHOUSE DELI,255 SHENSTONE BLV ,,GARNER,NC,27529,(919) 661-3781,1035522000000,2 - Food Stands,-78.58054024,35.69110486,M,Not Provided
2257,04092021171,SUPER TARGET DELI,12000 RETAIL DR,,WAKE FOREST,NC,27587,(919) 761-1001,1043816400000,2 - Food Stands,-78.54185066,35.97418205,M,Not Provided
2258,04092021185,LA TAPATIA BUTCHER SHOP   SNACK BAR,1700 ST. ALBANS DR,,RALEIGH,NC,27609,(919) 954-4816,1049778000000,2 - Food Stands,-78.61051699,35.83290841,M,Not Provided
2259,04092021190,HARRIS TEETER #112 DELI,270 GRANDE HEIGHTS DR ,,CARY,NC,27513,(919) 460-4326,1056344400000,2 - Food Stands,-78.78059125,35.80471168,M,Not Provided
2260,04092021198,FOOD LION #572 PRODUCE,8320-120 LITCHFORD RD ,,RALEIGH,NC,27615,(919) 790-8146,1056949200000,2 - Food Stands,-78.59988047,35.89223606,M,Not Provided
2261,04092021193,HARRIS TEETER #112 MEAT MARKET/SEAFOOD,270 GRANDE HEIGHTS DR ,,CARY,NC,27513,(919) 460-4326,1056430800000,2 - Food Stands,-78.78059125,35.80471168,M,Not Provided
2262,04092021196,HARRIS TEETER #112 PRODUCE,270 GRANDE HEIGHTS DR ,,CARY,NC,27513,(919) 460-4326,1056430800000,2 - Food Stands,-78.78059125,35.80471168,M,Not Provided
2263,04092021202,LOWES FOODS #207 DELI,112 BASS LAKE RD,,HOLLY SPRINGS,NC,27540,(919) 577-6971,1057813200000,2 - Food Stands,-78.82480568,35.65380837,M,Not Provided
2264,04092021203,LOWES FOODS #207 PRODUCE,112 BASS LAKE RD,,HOLLY SPRINGS,NC,27540,(919) 577-6971,1057813200000,2 - Food Stands,-78.82480568,35.65380837,M,Not Provided
2265,04092021201,MIDDLE CREEK PARK,151 MIDDLE CREEK PARK AVE ,,APEX,NC,27502,(919) 427-9891,1056344400000,2 - Food Stands,-78.76491995,35.66695645,M,Not Provided
2266,04092021204,LOWES FOODS #207 MEATS   SEAFOOD,112 BASS LAKE RD ,,HOLLY SPRINGS,NC,27540,(919) 577-6971,1057813200000,2 - Food Stands,-78.82480568,35.65380837,M,Not Provided
2267,04092021208,TURN HOUSE,5107 LINKSLAND DR ,,HOLLY SPRINGS,NC,27540,(919) 557-6100,1057899600000,2 - Food Stands,-78.80138176,35.65562662,M,Not Provided
2268,04092021217,COOK OUT # 24,3222 S WILMINGTON ST ,,RALEIGH,NC,27603,(919) 661-5811,1063083600000,2 - Food Stands,-78.65069888,35.73659094,M,Not Provided
2269,04092021222,FOOD LION #75 DELI ,1339 5TH AVE ,,GARNER,NC,27529,(919) 779-0770,1063861200000,2 - Food Stands,-78.62278391,35.70821235,M,Not Provided
2270,04092021216,SUPER TARGET STORE T1826 (DELI),7900 OLD WAKE FOREST RD,,RALEIGH,NC,27616,(919) 790-1024,1062565200000,2 - Food Stands,-78.56814391,35.86626098,M,Not Provided
2271,04092021215,FOOD LION #2534 MEAT MARKET/SEAFOOD,13200 NEW FALLS OF NEUSE RD,,RALEIGH,NC,27614,(919) 562-8912,1062651600000,2 - Food Stands,-78.55982173,35.94075522,M,Not Provided
2272,04092021200,THOMAS BROOKS PARK,111 BROOKS PARK LN ,,CARY,NC,27519,(919) 621-8410,1056344400000,2 - Food Stands,-78.89953003,35.79556683,M,Not Provided
2273,04092021229,DOMINOS PIZZA #4493,143-B S WHITE ST ,,WAKE FOREST,NC,27587,(919) 554-1155,1065416400000,2 - Food Stands,-78.50951591,35.9782408,M,Not Provided
2274,04092021235,SAM'S CLUB #8223 DELI/ROTISSERIE,2537 S SAUNDERS ST ,,RALEIGH,NC,27603,(919) 839-1700,1067230800000,2 - Food Stands,-78.64662048,35.75036893,M,Not Provided
2275,04092021233,WALMART SUPERCENTER #5118 DELI,10050 GLENWOOD AVE,,RALEIGH,NC,27617,(919) 596-5790,1067230800000,2 - Food Stands,-78.77801283,35.91234265,M,Not Provided
2276,04092021223,FOOD LION #1358 DELI,1121 FALLS RIVER AVE ,,RALEIGH,NC,27614,(919) 847-1640,1064811600000,2 - Food Stands,-78.58941115,35.90603231,M,Not Provided
2277,04092021264,HAN-DEE HUGO'S #90,3029 WESTERN BLVD ,,RALEIGH,NC,27606,(919) 833-5062,1081918800000,2 - Food Stands,-78.67875729,35.78168076,M,Not Provided
2278,04092021245,FOOD LION #2504 DELI ,1030-125 N ROGERS LN ,,RALEIGH,NC,27610,(919) 792-0321,1071205200000,2 - Food Stands,-78.54837151,35.79167791,M,Not Provided
2279,04092021254,DOMINO'S PIZZA #8980,2881 JONES FRANKLIN RD ,,RALEIGH,NC,27606,(919) 235-0808,1075957200000,2 - Food Stands,-78.73666445,35.74405202,M,Not Provided
2280,04092021272,MOE'S SOUTHWEST GRILL,4325 GLENWOOD AVE ,SUITE 2037,RALEIGH,NC,27612,(919) 235-4550,1083560400000,2 - Food Stands,-78.67900996,35.83931725,M,Not Provided
2281,04092021269,HAN-DEE HUGO'S #95,8109 FALLS OF NEUSE RD,,RALEIGH,NC,27615,(919) 847-7689,1082955600000,2 - Food Stands,-78.62309239,35.89440481,M,Not Provided
2282,04092021287,HARRIS TEETER #43 DELI,3638 ROGERS RD ,,WAKE FOREST,NC,27587,(919) 562-9521,1091509200000,2 - Food Stands,-78.50482784,35.94464405,M,Not Provided
2283,04092021282,WALMART #5254 DELI,2114 S MAIN ST ,,WAKE FOREST,NC,27587,(919) 562-2921,1089867600000,2 - Food Stands,-78.53503334,35.95207705,M,Not Provided
2284,04092021295,HARRIS TEETER #21 PRODUCE   SALAD BAR,501 OBERLIN RD ,,RALEIGH,NC,27605,(919) 828-9216,1095915600000,2 - Food Stands,-78.66326313,35.79058167,M,Not Provided
2285,04092021288,HARRIS TEETER #43 MEAT MARKET   SEAFOOD,3638 ROGERS RD ,,WAKE FOREST,NC,27587,(919) 562-9521,1091509200000,2 - Food Stands,-78.50482784,35.94464405,M,Not Provided
2286,04092021291,WALMART #5292 DELI,4431 NEW BERN AVE ,,RALEIGH,NC,27610,(919) 212-6442,1093323600000,2 - Food Stands,-78.56000658,35.80046199,M,Not Provided
2287,04092021289,HARRIS TEETER #43 PRODUCE,3638 ROGERS RD ,,WAKE FOREST,NC,27587,(919) 562-9521,1091509200000,2 - Food Stands,-78.50482784,35.94464405,M,Not Provided
2288,04092021308,FOOD RUNNERS COLLABORATIVE,1001 BLAIR DR ,,RALEIGH,NC,27603,(919) 856-1823,1107838800000,2 - Food Stands,-78.66330788,35.76445317,M,Not Provided
2289,04092021318,HARRIS TEETER #58 PRODUCE,750 W WILLIAMS ST ,,APEX,NC,27502,(919) 362-3782,1113368400000,2 - Food Stands,-78.86276232,35.73802969,M,Not Provided
2290,04092021298,SUPER TARGET #1932 (DELI & STARBUCKS),1201 BEAVER CREEK COMMONS DR ,,APEX,NC,27502,(919) 372-1405,1099630800000,2 - Food Stands,-78.87777608,35.7448776,M,Not Provided
2291,04092021313,PAPA JOHN'S PIZZA #1734,10251 LITTLE BRIER CREEK LN ,STE 105,RALEIGH,NC,27617,(919) 523-4592,1110776400000,2 - Food Stands,-78.785168,35.91133298,M,Not Provided
2292,04092021319,HARRIS TEETER #58 DELI,750 W WILLIAMS ST ,,APEX,NC,27502,(919) 362-3782,1113368400000,2 - Food Stands,-78.86276232,35.73802969,M,Not Provided
2293,04092021334,WHOLE FOODS MARKET SEAFOOD MARKET,3540 WADE AVE ,,RALEIGH,NC,27607,(919) 828-1589,1119848400000,2 - Food Stands,-78.68557988,35.80211883,M,Not Provided
2294,04092021322,HARRIS TEETER #58 MEAT/SEAFOOD,750 W WILLIAMS ST ,,APEX,NC,27502,(919) 362-3782,1113368400000,2 - Food Stands,-78.86276232,35.73802969,M,Not Provided
2295,04092021327,WALMART SUPERCENTER # 2058 DELI,1725 NEW HOPE CHURCH RD,,RALEIGH,NC,27609,(919) 790-6910,1115701200000,2 - Food Stands,-78.60826682,35.83722866,M,Not Provided
2296,04092021341,HARRIS TEETER #118 PRODUCE,5277 SUNSET LAKE RD ,,HOLLY SPRINGS,NC,27540,(919) 363-3059,1124082000000,2 - Food Stands,-78.79652369,35.66679612,M,Not Provided
2297,04092021342,HARRIS TEETER #118 DELI,5277 SUNSET LAKE RD ,,HOLLY SPRINGS,NC,27540,(919) 363-3059,1124082000000,2 - Food Stands,-78.79652369,35.66679612,M,Not Provided
2298,04092021343,LOWES FOODS #224 BEEF SHOP,8100 BRIER CREEK PKY ,,RALEIGH,NC,27616,(336) 659-0180,1124082000000,2 - Food Stands,-78.78577776,35.9101189,M,Not Provided
2299,04092021344,LOWES FOODS #224 DELI,8100 BRIER CREEK PKY ,,RALEIGH,NC,27616,(919) 293-0294,1124082000000,2 - Food Stands,-78.78577776,35.9101189,M,Not Provided
2300,04092021377,WHOLE FOODS MARKET COFFEE BAR,3540 WADE AVE ,,RALEIGH,NC,27607,(919) 828-5805,1145336400000,2 - Food Stands,-78.68557988,35.80211883,M,Not Provided
2301,04092021361,KENNEDY THEATER KITCHEN,2 E SOUTH ST ,,RALEIGH,NC,27601,(919) 675-5635,1131944400000,2 - Food Stands,-78.63958397,35.77131192,M,Not Provided
2302,04092021348,LOWES FOODS #224 PRODUCE,8100 BRIER CREEK PKY ,,RALEIGH,NC,27616,(919) 293-0294,1124082000000,2 - Food Stands,-78.78577776,35.9101189,M,Not Provided
2303,04092021379,HARRIS TEETER #69 PRODUCE,3201-123 EDWARDS MILL RD,,RALEIGH,NC,27612,(919) 781-8776,1145595600000,2 - Food Stands,-78.70695545,35.82544758,M,Not Provided
2304,04092021380,HARRIS TEETER #69 DELI /BAKERY,3201-123 EDWARDS MILL RD,,RALEIGH,NC,27612,(919) 781-8776,1145595600000,2 - Food Stands,-78.70695545,35.82544758,M,Not Provided
2305,04092021382,HARRIS TEETER #344 DELI/BAKERY,6024 FALLS OF NEUSE RD,,RALEIGH,NC,27609,(919) 872-5786,1144645200000,2 - Food Stands,-78.61874122,35.86627999,M,Not Provided
2306,04092021383,HARRIS TEETER #344 MEAT/SEAFOOD,6024 FALLS OF NEUSE RD,,RALEIGH,NC,27609,(919) 872-5786,1144645200000,2 - Food Stands,-78.61874122,35.86627999,M,Not Provided
2307,04092021389,SEVEN OAKS SWIM CLUB CONCESSION STAND,2500 HOWARD RD ,,RALEIGH,NC,27613,(919) 848-8313,1150779600000,2 - Food Stands,-78.68103647,35.89083989,M,Not Provided
2308,04092021384,HARRIS TEETER #344 PRODUCE,6024 FALLS OF NEUSE RD,,RALEIGH,NC,27609,(919) 872-5786,1144645200000,2 - Food Stands,-78.61874122,35.86627999,M,Not Provided
2309,04092021385,FUEL STOP AT BRIER CREEK,10250 LITTLE BRIER CREEK LN,,RALEIGH,NC,27617,(919) 361-5300,1147064400000,2 - Food Stands,-78.78400384,35.91248481,M,Not Provided
2310,04092021397,HARRIS TEETER #138 PRODUCE,98 CORNERSTONE DR ,,CARY,NC,27519,(919) 467-1259,1157432400000,2 - Food Stands,-78.85187774,35.79044484,M,Not Provided
2311,04092021398,HARRIS TEETER #138 DELI,98 CORNERSTONE DR ,,CARY,NC,27519,(919) 467-1259,1157432400000,2 - Food Stands,-78.85187774,35.79044484,M,Not Provided
2312,04092021399,HARRIS TEETER #138 MEAT/SEAFOOD,98 CORNERSTONE DR ,,CARY,NC,27519,(919) 467-1259,1157432400000,2 - Food Stands,-78.85187774,35.79044484,M,Not Provided
2313,04092021412,FRESH MARKET #8 PRODUCE,3655 CARY PKWY ,,CARY,NC,27511,(919) 481-2865,1162270800000,2 - Food Stands,-78.83800517,35.78179735,M,Not Provided
2314,04092021411,COSTCO WHOLESALE #645 ROTISERRIE/DELI,2838 WAKE FOREST RD ,,RALEIGH,NC,27609,(919) 755-2816,1161666000000,2 - Food Stands,-78.62231322,35.81825683,M,Not Provided
2315,04092021409,COSTCO WHOLESALE #645 MEAT DEPARTMENT ,2838 WAKE FOREST RD ,,RALEIGH,NC,27609,(919) 755-2816,1161666000000,2 - Food Stands,-78.62231322,35.81825683,M,Not Provided
2316,04092021413,FRESH MARKET #8 SEAFOOD,3655 CARY PKY ,,CARY,NC,27511,(919) 481-2865,1162270800000,2 - Food Stands,-78.83800517,35.78179735,M,Not Provided
2317,04092021418,LOS CUATES MEXICAN FOOD,3505 CAPITAL BLVD ,,RALEIGH,NC,27609,(919) 954-1215,1166763600000,2 - Food Stands,-78.58692931,35.82783317,M,Not Provided
2318,04092021403,HARRIS TEETER #283 PRODUCE ,8101 FAYETTEVILLE  RD ,,FUQUAY-VARINA,NC,27603,(919) 772-0241,1155704400000,2 - Food Stands,-78.70124301,35.66364619,M,Not Provided
2319,04092021414,FRESH MARKET #8 DELI,3655 CARY PKWY ,,CARY,NC,27513,(919) 481-2865,1162270800000,2 - Food Stands,-78.83800517,35.78179735,M,Not Provided
2320,04092021415,BJ'S MEMBERSHIP CLUB #177 DELI/MEAT MARKET,6301 TRIANGLE PLANTATION DR ,,RALEIGH,NC,27616,(919) 278-1000,1161752400000,2 - Food Stands,-78.5823769,35.87315531,M,Not Provided
2321,04092021426,SPEEDWAY #6959,2808 US 70 HWY E ,,CLAYTON,NC,27520-9321,(919) 553-3535,1166677200000,2 - Food Stands,-78.52023568,35.67517302,M,Not Provided
2322,04092021446,LOWES FOODS #191 PRODUCE,9600 STRICKLAND RD ,,RALEIGH,NC,27615,(919) 847-5661,1177650000000,2 - Food Stands,-78.65568512,35.90277372,M,Not Provided
2323,04092021439,SEA DEPOT SEAFOOD MARKET,750-G E CHATHAM ST ,,CARY,NC,27511,(919) 469-8889,1173675600000,2 - Food Stands,-78.76514284,35.79157176,M,Not Provided
2324,04092021451,SPEEDWAY #6982,7413 LOUISBURG RD ,,RALEIGH,NC,27616,(919) 872-4844,1179291600000,2 - Food Stands,-78.54113542,35.87598972,M,Not Provided
2325,04092021455,LIFETIME FITNESS BISTRO (OUTSIDE),1700 REGENCY PKY ,,CARY,NC,27511,(919) 467-7779,1180587600000,2 - Food Stands,-78.78729435,35.73333076,M,Not Provided
2326,04092021428,SPEEDWAY #6961,4541 JONES SAUSAGE RD,,RALEIGH,NC,27529,(919) 779-3409,1166418000000,2 - Food Stands,-78.58616224,35.72106678,M,Not Provided
2327,04092021474,LEE'S KITCHEN,4638 CAPITAL BLVD ,,RALEIGH,NC,27604,(919) 872-7422,1190264400000,2 - Food Stands,-78.57926433,35.84834257,M,Not Provided
2328,04092021475,LOWES FOODS #226 PRODUCE,8440 LOUISBURG RD ,,RALEIGH,NC,27616,(919) 866-1031,1189746000000,2 - Food Stands,-78.50931118,35.89359506,M,Not Provided
2329,04092021477,LOWES FOODS #226 DELI,"8440 LOUISBURG ROAD, SUITE 110",,RALEIGH,NC,27616,(919) 266-1031,1189746000000,2 - Food Stands,-78.50931118,35.89359506,M,Not Provided
2330,04092021484,FOOD LION #2638 MEAT MARKET,6209 ROCK QUARRY RD ,,RALEIGH,NC,27610,(919) 772-5894,1194238800000,2 - Food Stands,-78.54796209,35.72312635,M,Not Provided
2331,04092021486,FOOD LION #2638 DELI/BAKERY,6209 ROCK QUARRY RD ,,RALEIGH,NC,27610,(919) 772-5894,1194238800000,2 - Food Stands,-78.54796209,35.72312635,M,Not Provided
2332,04092021457,USA BASEBALL CONCESSION STAND,250 BROOKS PARK LN ,,CARY,NC,27519,(919) 387-5844,1181797200000,2 - Food Stands,-78.89258974,35.79722226,M,Not Provided
2333,04092021402,HARRIS TEETER #283 DELI ,8101 FAYETTEVILLE RD ,,FUQUAY-VARINA,NC,27603,(919) 772-0241,1155704400000,2 - Food Stands,-78.70124301,35.66364619,M,Not Provided
2334,04092021401,HARRIS TEETER #283 MEAT/SEAFOOD,8101 FAYETTEVILLE RD ,,FUQUAY-VARINA,NC,27603,(919) 772-0241,1155704400000,2 - Food Stands,-78.70124301,35.66364619,M,Not Provided
2335,04092021493,LA TAPATIA TIENDA MEXICANA,1700 ST ALBANS DR ,,RALEIGH,NC,27609,(919) 954-4816,1197003600000,2 - Food Stands,-78.61051699,35.83290841,M,Not Provided
2336,04092021488,WALMART #4458 DELI,7016 GB ALFORD HWY,,HOLLY SPRINGS,NC,27540,(919) 557-9181,1194584400000,2 - Food Stands,-78.83404691,35.63635562,M,Not Provided
2337,04092021496,HARRIS TEETER #298 DELI/BAKERY,10140 GREEN LEVEL CHURCH RD ,,CARY,NC,27519,(919) 460-3126,1197522000000,2 - Food Stands,-78.90107972,35.82060442,M,Not Provided
2338,04092021502,PAPA JOHN'S #429,2101 AVENT FERRY RD ,,RALEIGH,NC,27606,(919) 834-7272,1199682000000,2 - Food Stands,-78.67605304,35.77835842,M,Not Provided
2339,04092021495,HARRIS TEETER #298 PRODUCE,10140 GREEN LEVEL CHURCH RD ,,CARY,NC,27519,(919) 460-3126,1197522000000,2 - Food Stands,-78.90107972,35.82060442,M,Not Provided
2340,04092021497,HARRIS TEETER #298 MEAT SEAFOOD,10140 GREEN LEVEL CHURCH RD ,,CARY,NC,27519,(919) 460-3126,1197522000000,2 - Food Stands,-78.90107972,35.82060442,M,Not Provided
2341,04092021503,HARRIS TEETER #26 PIZZA BAR,7400 CREEDMOOR RD ,,RALEIGH,NC,27613,(919) 848-1464,1201237200000,2 - Food Stands,-78.67810638,35.88786089,M,Not Provided
2342,04092021505,HARRIS TEETER #26 MEAT/SEAFOOD,7400 CREEDMOOR RD ,,RALEIGH,NC,27613,(919) 848-1464,1201237200000,2 - Food Stands,-78.67810638,35.88786089,M,Not Provided
2343,04092021513,WALMART SUPERCENTER #4499-00 DELI/BAKERY,841 E GANNON AVE ,,ZEBULON,NC,27597,(919) 269-2221,1203915600000,2 - Food Stands,-78.29634433,35.8312879,M,Not Provided
2344,04092021508,HARRIS TEETER #330 DELI,1151  TRYON VILLAGE DR ,,CARY,NC,27518,(919) 233-3476,1203570000000,2 - Food Stands,-78.74322595,35.74716476,M,Not Provided
2345,04092021510,HARRIS TEETER #330 MEAT/SEAFOOD,1151 TRYON VILLAGE  DR ,,CARY,NC,27518,(919) 233-3476,1203570000000,2 - Food Stands,-78.74322595,35.74716476,M,Not Provided
2346,04092021511,HARRIS TEETER #330 PRODUCE,1151 TRYON VILLAGE DR ,,CARY,NC,27518,(919) 233-3476,1203570000000,2 - Food Stands,-78.74322595,35.74716476,M,Not Provided
2347,04092021519,INTERNATIONAL FOODS MEATS,421 CHAPANOKE  RD ,STE 140,RALEIGH,NC,27603,(919) 662-5428,1205470800000,2 - Food Stands,-78.65333672,35.73464526,M,Not Provided
2348,04092021530,PAPA JOHN'S,1516 BROAD ST ,,FUQUAY-VARINA,NC,27526,(919) 577-6565,1210827600000,2 - Food Stands,-78.80247593,35.60486538,M,Not Provided
2349,04092021523,NEW SUPER GROCERY   FRESH HALAL MEAT,748 E CHATHAM ST ,UNIT G,CARY,NC,27511,(919) 463-0450,1208149200000,2 - Food Stands,-78.76514284,35.79157176,M,Not Provided
2350,04092021531,DOMINO'S #8820,6213-102 ROCK QUARRY  RD ,,RALEIGH,NC,27610,(919) 779-4443,1213246800000,2 - Food Stands,-78.54796209,35.72312635,M,Not Provided
2351,04092021542,WALMART #1372 DELI,4500 FAYETTEVILLE RD ,,RALEIGH,NC,27603,(919) 772-8751,1216011600000,2 - Food Stands,-78.65858039,35.71894127,M,Not Provided
2352,04092021532,THE FRESH MARKET DELI,6325 FALLS OF NEUSE  RD ,,RALEIGH,NC,27615,(919) 872-8501,1209099600000,2 - Food Stands,-78.62251588,35.86923291,M,Not Provided
2353,04092021533,THE FRESH MARKET PRODUCE,6325 FALLS OF NEUSE RD ,,RALEIGH,NC,27615,(919) 872-8501,1209099600000,2 - Food Stands,-78.62251588,35.86923291,M,Not Provided
2354,04092021534,THE FRESH MARKET MEAT/SEAFOOD,6325 FALLS OF NEUSE RD ,,RALEIGH,NC,27615,(919) 872-8501,1209099600000,2 - Food Stands,-78.62251588,35.86923291,M,Not Provided
2355,04092021553,COOKOUT #55,1433 N MAIN ST ,,FUQUAY-VARINA,NC,27526,(919) 577-8088,1225774800000,2 - Food Stands,-78.7709902,35.59394947,M,Not Provided
2356,04092021549,HARRIS TEETER #257 MEAT/SEAFOOD,2080 KILDAIRE FARM RD ,,CARY,NC,27511,(919) 233-9483,1221800400000,2 - Food Stands,-78.78068643,35.73567118,M,Not Provided
2357,04092021556,PAPA JOHN'S #2838,7134 KNIGHTDALE BLVD ,,KNIGHTDALE,NC,27545,(919) 696-5441,1227070800000,2 - Food Stands,-78.48874851,35.797116,M,Not Provided
2358,04092021567,HARRIS TEETER #367 DELI,14520 JOHN REX BLVD ,,RALEIGH,NC,27614,(919) 554-4167,1242363600000,2 - Food Stands,-78.54282166,35.9470013,M,Not Provided
2359,04092021562,LOWES FOODS #239 PRODUCE,932 GATEWAY COMMONS  CIR ,,WAKE FOREST,NC,27587,(919) 554-0537,1236056400000,2 - Food Stands,-78.49517643,35.96733271,M,Not Provided
2360,04092021568,HARRIS TEETER #367 PRODUCE,14520 JOHN REX BLVD ,,RALEIGH,NC,27614,(919) 554-4167,1242363600000,2 - Food Stands,-78.54282166,35.9470013,M,Not Provided
2361,04092021564,LOWES FOODS #239 DELI,932 GATEWAY COMMONS CIR ,,WAKE FOREST,NC,27587,(919) 554-0537,1236056400000,2 - Food Stands,-78.49517643,35.96733271,M,Not Provided
2362,04092021569,HARRIS TEETER #367 MEAT/SEAFOOD,14520 JOHN REX  BLVD ,,RALEIGH,NC,27614,(919) 554-4167,1242363600000,2 - Food Stands,-78.54282166,35.9470013,M,Not Provided
2363,04092021574,WALMART SUPERCENTER #4250 DELI,1001 SHILOH GLENN  DR ,,MORRISVILLE,NC,27560,(919) 474-2285,1245128400000,2 - Food Stands,-78.84693216,35.86659382,M,Not Provided
2364,04092021582,HARRIS TEETER #311 DELI,324 VILLAGE WALK   DR ,,HOLLY SPRINGS,NC,27540,(919) 552-1596,1252558800000,2 - Food Stands,-78.83920975,35.63987629,M,Not Provided
2365,04092021575,THE CRESCENT,8003 REGENCY PKY ,,CARY,NC,27518,(919) 450-8310,1247634000000,2 - Food Stands,-78.79540992,35.72902885,M,Not Provided
2366,04092021583,HARRIS TEETER #311 PRODUCE,324 VILLAGE WALK DR ,,HOLLY SPRINGS,NC,27540,(919) 552-1596,1252558800000,2 - Food Stands,-78.83920975,35.63987629,M,Not Provided
2367,04092021584,HARRIS TEETER #331 PRODUCE,3430 TEN TEN RD ,,CARY,NC,27518,(919) 387-8272,1253768400000,2 - Food Stands,-78.79278394,35.70189503,M,Not Provided
2368,04092021585,HARRIS TEETER #331 DELI/BAKERY,3430 TEN TEN RD ,,CARY,NC,27518,(919) 387-8272,1253768400000,2 - Food Stands,-78.79278394,35.70189503,M,Not Provided
2369,04092021586,HARRIS TEETER #331 MEAT/SEAFOOD,3430 TEN TEN RD ,,CARY,NC,27518,(919) 387-8272,1253768400000,2 - Food Stands,-78.79278394,35.70189503,M,Not Provided
2370,04092021589,WALMART DELI #3889,3151 APEX PEAKWAY ,,APEX,NC,27502,(919) 362-3737,1254718800000,2 - Food Stands,-78.84319549,35.71473786,M,Not Provided
2371,04092021592,ALMADINA SUPERMARKET,1019 METHOD RD ,,RALEIGH,NC,27606,(919) 755-6220,1256792400000,2 - Food Stands,-78.69350379,35.78486525,M,Not Provided
2372,04092021594,PIZZA EXPRESS ,2121 POOLE RD ,,RALEIGH,NC,27610,(919) 231-8882,1256878800000,2 - Food Stands,-78.60848657,35.77599142,M,Not Provided
2373,04092021605,HARRIS TEETER #422 PRODUCE,120-100 ST ALBANS DR ,,RALEIGH,NC,27607,(919) 781-4165,1265173200000,2 - Food Stands,-78.63883981,35.83739883,M,Not Provided
2374,04092021604,THE BUTCHERS MARKET,1225 KILDAIRE FARM RD,,CARY,NC,27511,(919) 465-3082,1263963600000,2 - Food Stands,-78.78213151,35.76273552,M,Not Provided
2375,04092021607,QUE HUONG ORIENTAL MARKET,3312 CAPITAL  BLVD ,,RALEIGH,NC,27604,(919) 790-5325,1266296400000,2 - Food Stands,-78.5854729,35.82439324,M,Not Provided
2376,04092021606,HARRIS TEETER #422 MM/SEAFOOD,120-100 ST ALBANS DR ,,RALEIGH,NC,27609,(919) 781-4165,1265173200000,2 - Food Stands,-78.63883981,35.83739883,M,Not Provided
2377,04092021613,"SALTWATER SEAFOOD, LLC",4 FENTON ST ,,RALEIGH,NC,27604,(919) 834-1813,1274763600000,2 - Food Stands,-78.62094723,35.80309992,M,Not Provided
2378,04092021628,FOOD LION #2196 MEAT MARKET/SEAFOOD,3609 DAVIS DR ,,MORRISVILLE,NC,27560,(919) 469-4195,1284094800000,2 - Food Stands,-78.84918557,35.8221795,M,Not Provided
2379,04092021615,CIRCLE K #1511,4501 DELTA LAKE  RD ,,RALEIGH,NC,27612,(919) 510-7976,1275541200000,2 - Food Stands,-78.71167986,35.85630757,M,Not Provided
2380,04092021609,KICKER'S KITCHEN,201 SOCCER PARK  DR ,,CARY,NC,27513,(919) 452-8931,1268974800000,2 - Food Stands,-78.7543031,35.78579334,M,Not Provided
2381,04092021635,INTERNATIONAL FOODS DELI,421 CHAPANOKE RD ,STE 140,RALEIGH,NC,27603,(919) 662-5428,1291179600000,2 - Food Stands,-78.65333672,35.73464526,M,Not Provided
2382,04092021637,EDIBLE ARRANGEMENTS #1159,1028 OBERLIN RD ,STE 238,RALEIGH,NC,27605,(919) 521-8991,1291870800000,2 - Food Stands,-78.65844846,35.79783425,M,Not Provided
2383,04092021643,FOOD LION #2199 DELI,12345 STRICKLAND RD ,,RALEIGH,NC,27613,(919) 846-3589,1295499600000,2 - Food Stands,-78.70279728,35.90556515,M,Not Provided
2384,04092021644,FOOD LION #2199 MEAT MARKET/SEAFOOD,12345 STRICKLAND RD ,,RALEIGH,NC,27613,(919) 846-3589,1295499600000,2 - Food Stands,-78.70279728,35.90556515,M,Not Provided
2385,04092021638,EDIBLE ARRANGEMENTS #391,944 GATEWAY COMMONS  CIR ,,WAKE FOREST,NC,27587,(919) 374-2960,1294376400000,2 - Food Stands,-78.49517643,35.96733271,M,Not Provided
2386,04092021647,WALMART #4484 DELI,8031 OLD WAKE FOREST RD ,,RALEIGH,NC,27616,(919) 424-6235,1295499600000,2 - Food Stands,-78.56666615,35.86808882,M,Not Provided
2387,04092021649,HARRIS TEETER #353 PRODUCE,13686 CAPITAL  BLVD ,,WAKE FOREST,NC,27587,(919) 554-3608,1296795600000,2 - Food Stands,-78.51867626,36.00549137,M,Not Provided
2388,04092021650,HARRIS TEETER #353 DELI,13686 CAPITAL BLVD ,,WAKE FOREST,NC,27587,(919) 554-3608,1296795600000,2 - Food Stands,-78.51867626,36.00549137,M,Not Provided
2389,04092021648,FOOD LION #2198 DELI/BAKERY,8745 HOLLY SPRINGS RD ,,CARY,NC,27539,(919) 362-1738,1295931600000,2 - Food Stands,-78.77345985,35.69264269,M,Not Provided
2390,04092021652,EL TORO SUPERMARKET MEAT MARKET ,3609 JUNCTION BLVD ,,RALEIGH,NC,27603,(919) 773-8172,1297314000000,2 - Food Stands,-78.65709422,35.73082026,M,Not Provided
2391,04092021672,THE BUTCHERS MARKET,5045 FALLS OF NEUSE RD ,,RALEIGH,NC,27609,(919) 809-8914,1301374800000,2 - Food Stands,-78.61557639,35.84978224,M,Not Provided
2392,04092021656,WHOLE FOODS #10338 SEAFOOD,8710 SIX FORKS  RD ,,RALEIGH,NC,27615,(919) 354-0350,1299819600000,2 - Food Stands,-78.65023579,35.89889531,M,Not Provided
2393,04092021657,WHOLE FOODS #10338 SPECIALTY,8710 SIX FORKS RD ,,RALEIGH,NC,27615,(919) 354-0350,1299819600000,2 - Food Stands,-78.65023579,35.89889531,M,Not Provided
2394,04092021659,WHOLE FOODS #10338 PRODUCE,8710 SIX FORKS  RD ,,RALEIGH,NC,27615,(919) 354-0350,1299819600000,2 - Food Stands,-78.65023579,35.89889531,M,Not Provided
2395,04092021678,RALEIGH NURSERY SCHOOL,1035 HALIFAX ST ,,RALEIGH,NC,27604,(919) 834-2136,1307682000000,2 - Food Stands,-78.63868014,35.79407208,M,Not Provided
2396,04092021687,PORT CITY JAVA EB2,890  OVAL DR ,,RALEIGH,NC,27695,(919) 513-2420,1315890000000,2 - Food Stands,-78.67344855,35.77131234,M,Not Provided
2397,04092021689,JAMAICA JERK MASTERS,1909 POOLE RD ,,RALEIGH,NC,27610,(919) 231-7697,1317013200000,2 - Food Stands,-78.61095581,35.77715292,M,Not Provided
2398,04092021696,PULLEN CAFE',520 ASHE AVE ,,RALEIGH,NC,27606,(919) 829-7180,1321333200000,2 - Food Stands,-78.66378571,35.78166259,M,Not Provided
2399,04092021698,SUVIDHA,3735  DAVIS DR ,,MORRISVILLE,NC,27560,(919) 650-1436,1324443600000,2 - Food Stands,-78.85587816,35.83375434,M,Not Provided
2400,04092021693,WALMART DELI #2247,2010 KILDAIRE FARM RD ,,CARY,NC,27518,(919) 852-6651,1320728400000,2 - Food Stands,-78.78211243,35.73717418,M,Not Provided
2401,04092021700,JET'S PIZZA,1253 NW MAYNARD RD ,,CARY,NC,27513,(919) 469-4949,1327467600000,2 - Food Stands,-78.81241251,35.78438851,M,Not Provided
2402,04092021703,S   S HALAL MEAT,3735 DAVIS DR ,STE 101,MORRISVILLE,NC,27560,(919) 650-1646,1332219600000,2 - Food Stands,-78.85587816,35.83375434,M,Not Provided
2403,04092021701,PAPA JOHN'S,5007 WINSTON HILL DR ,,CARY,NC,27513,(919) 380-7272,1329368400000,2 - Food Stands,-78.84641274,35.79047276,M,Not Provided
2404,04092021705,EMPIRE EATS CATERING KITCHEN,415 ROYAL ST ,,RALEIGH,NC,27607,(919) 600-3688,1336626000000,2 - Food Stands,-78.68760395,35.79365959,M,Not Provided
2405,04092021702,HARRIS TEETER #136 PRODUCE,9600 FALLS OF NEUSE  RD ,,RALEIGH,NC,27615,(919) 676-6614,1331269200000,2 - Food Stands,-78.60013448,35.90523089,M,Not Provided
2406,04092021710,FIRE WOK,442 FAYETTEVILLE ST ,,RALEIGH,NC,27601,(919) 821-8089,1339131600000,2 - Food Stands,-78.63936489,35.77440851,M,Not Provided
2407,04092021728,BARRON'S DELI,5420 FAYETTEVILLE RD ,,RALEIGH,NC,27603,(919) 772-4839,1354510800000,2 - Food Stands,-78.66356105,35.70535002,M,Not Provided
2408,04092021721,WALMART 4157 NEIGHBORHOOD MARKET DELI,2750 NC 55  HWY ,,CARY,NC,27519,(919) 335-0051,1348808400000,2 - Food Stands,-78.8696779,35.78629718,M,Not Provided
2409,04092021712,HARRIS TEETER #136 MEAT MARKET/SEAFOOD,9600 FALLS OF NEUSE RD ,,RALEIGH,NC,27615,(919) 676-6614,1341896400000,2 - Food Stands,-78.60013448,35.90523089,M,Not Provided
2410,04092021731,CARLIE C'S SEAFOOD,4111 NEW BERN AVE ,,RALEIGH,NC,27610-1372,(919) 250-7876,1359090000000,2 - Food Stands,-78.56526182,35.80114658,M,Not Provided
2411,04092021733,CARLIE C'S PRODUCE,4111 NEW BERN AVE ,,RALEIGH,NC,27610-1372,(919) 250-7876,1359090000000,2 - Food Stands,-78.56526182,35.80114658,M,Not Provided
2412,04092021734,TARGET CAFE,100 GRAND HILL  PL ,,HOLLY SPRINGS,NC,27540,(919) 557-2686,1359003600000,2 - Food Stands,-78.85150042,35.66041463,M,Not Provided
2413,04092021730,THE CATERING WORKS,2319 LAURELBROOK ST ,,RALEIGH,NC,27604,(919) 828-5932,1357534800000,2 - Food Stands,-78.61526306,35.81200857,M,Not Provided
2414,04092021744,TERIYAKI PLACE,5959 TRIANGLE TOWN BLVD ,FC 1132,RALEIGH,NC,27616,(919) 792-0111,1369717200000,2 - Food Stands,-78.576038,35.86600165,M,Not Provided
2415,04092021746,WALMART NEIGHBORHOOD DELI #4147,3560 DAVIS DR ,,MORRISVILLE,NC,27560,(919) 388-2731,1371531600000,2 - Food Stands,-78.84576057,35.81812092,M,Not Provided
2416,04092021749,WALMART NEIGHBORHOOD MARKET #2414,973 N HARRISON AVE ,,CARY,NC,27513,(919) 337-9780,1373605200000,2 - Food Stands,-78.78451819,35.80143568,M,Not Provided
2417,04092021750,CHARLEY'S PHILLY STEAKS # 789,5959 TRIANGLE TOWN  BLVD ,STE 1124,RALEIGH,NC,27616,(919) 792-2206,1375851600000,2 - Food Stands,-78.576038,35.86600165,M,Not Provided
2418,04092021737,HUSTLE HOUSE,200 SOCCER PARK DR ,,CARY,NC,27511,(919) 452-8931,1361336400000,2 - Food Stands,-78.75415418,35.78747322,M,Not Provided
2419,04092021755,CARLIE C'S DELI,4111 NEW BERN  AVE ,,RALEIGH,NC,27610,(919) 250-7876,1375074000000,2 - Food Stands,-78.56526182,35.80114658,M,Not Provided
2420,04092021757,THE HAT RACK CATERING KITCHEN (1ST FLOOR),100 E DAVIE ST ,(1ST FLOOR),RALEIGH,NC,27601,(919) 754-3767,1380603600000,2 - Food Stands,-78.63762465,35.77518083,M,Not Provided
2421,04092021751,HARRIS TEETER #395 MEAT MARKET/SEAFOOD,1432 BROGDEN WOODS  DR ,,WAKE FOREST,NC,27587,(919) 870-4980,1376888400000,2 - Food Stands,-78.69147587,35.99120972,M,Not Provided
2422,04092021758,TALLEY STUDENT UNION MAIN KITCHEN,2610 CATES AVE ,,RALEIGH,NC,27695,,1380862800000,2 - Food Stands,-78.67872314,35.78447976,M,Not Provided
2423,04092021752,HARRIS TEETER #395 PRODUCE,1432 BROGDEN WOODS DR ,,WAKE FOREST,NC,27587,(919) 870-4980,1376888400000,2 - Food Stands,-78.69147587,35.99120972,M,Not Provided
2424,04092021761,PAVILLION TALLEY STUDENT UNION,2610 CATES AVE ,,RALEIGH,NC,27695,(919) 513-1602,1381381200000,2 - Food Stands,-78.67872314,35.78447976,M,Not Provided
2425,04092021762,JASON'S DELI TALLEY STUDENT UNION,2610 CATES AVE ,,RALEIGH,NC,27695,(919) 513-1602,1381381200000,2 - Food Stands,-78.67872314,35.78447976,M,Not Provided
2426,04092021780,CATERING BY DESIGN,132 KILMAYNE DR ,,CARY,NC,27511-4465,(919) 481-2366,1389848400000,2 - Food Stands,-78.7839781,35.76971952,M,Not Provided
2427,04092021775,SARKU JAPAN,4325-2053 GLENWOOD AVE ,,RALEIGH,NC,27612,(919) 881-1130,1388725200000,2 - Food Stands,-78.67900996,35.83931725,M,Not Provided
2428,04092021763,SHEETZ #525,10700 CHAPEL HILL RD ,,MORRISVILLE,NC,27560,(919) 426-0073,1382072400000,2 - Food Stands,-78.836096,35.84691149,M,Not Provided
2429,04092021785,ONE EARTH,2610 CATES AVE ,,RALEIGH,NC,27695,(919) 515-9245,1394514000000,2 - Food Stands,-78.67872314,35.78447976,M,Not Provided
2430,04092021786,PORT CITY JAVA TALLEY,2610 CATES AVE ,,RALEIGH,NC,27695,(919) 513-7057,1394514000000,2 - Food Stands,-78.67872314,35.78447976,M,Not Provided
2431,04092021787,STARBUCKS TERMINAL 1,1600 JOHN BRANTLEY BLVD ,,MORRISVILLE,NC,27560,,1397019600000,2 - Food Stands,-78.7893961,35.86970016,M,Not Provided
2432,04092021781,CATERING CONCEPTS D/B/A CHOW TIME FOOD HALL,2411 E MILLBROOK RD ,#106,RALEIGH,NC,27604,(919) 669-8889,1391144400000,2 - Food Stands,-78.59474248,35.84866623,M,Not Provided
2433,04092021792,HARRIS TEETER #236 - DELI,7145 O'KELLY CHAPEL RD ,,CARY,NC,27519,(919) 465-9432,1402030800000,2 - Food Stands,-78.8882479,35.8441495,M,Not Provided
2434,04092021793,HARRIS TEETER #236 - PRODUCE,7145 O'KELLY CHAPEL RD ,,CARY,NC,27519,,1402030800000,2 - Food Stands,-78.8882479,35.8441495,M,Not Provided
2435,04092021794,HARRIS TEETER #236 - MEAT/SEAFOOD,7145 O'KELLY CHAPEL RD ,,CARY,NC,27519,,1402030800000,2 - Food Stands,-78.8882479,35.8441495,M,Not Provided
2436,04092021797,CIRCLE K #1403,4019 DAVIS DRIVE,,MORRISVILLE,NC,27560,(919) 380-8846,1402981200000,2 - Food Stands,-78.85694991,35.83745367,M,Not Provided
2437,04092021795,S   E CATERING,3401 CARL SANDBURG COURT,,RALEIGH,NC,27610,(919) 212-8580,1402376400000,2 - Food Stands,-78.57997366,35.78097809,M,Not Provided
2438,04092021807,KABOBI,4325  GLENWOOD AVE ,STE 2054,RALEIGH,NC,27612,(919) 783-0506,1407301200000,2 - Food Stands,-78.67900996,35.83931725,M,Not Provided
2439,04092021801,JET'S PIZZA,3004 WAKE FOREST ROAD,SUITE 110,RALEIGH,NC,27609,(919) 877-8660,1404363600000,2 - Food Stands,-78.6203889,35.82333174,M,Not Provided
2440,04092021811,LOWES FOODS #162 PRODUCE,6430 TRYON ROAD,,CARY,NC,27513,(919) 859-9335,1411621200000,2 - Food Stands,-78.76155635,35.7455991,M,Not Provided
2441,04092021812,LOWES FOODS #162 DELI,6430 TRYON ROAD,,CARY,NC,27513,(919) 859-9335,1411621200000,2 - Food Stands,-78.76155635,35.7455991,M,Not Provided
2442,04092021814,HARRIS TEETER #430 - DELI,885 WALNUT ST.,,CARY,NC,27511,(919) 481-4251,1413349200000,2 - Food Stands,-78.76562102,35.77485801,M,Not Provided
2443,04092021815,HARRIS TEETER #430 - PRODUCE,885 WALNUT ST ,,CARY,NC,27511,(919) 481-4251,1413349200000,2 - Food Stands,-78.76562102,35.77485801,M,Not Provided
2444,04092021816,HARRIS TEETER #430 - MEAT/SEAFOOD,885 WALNUT STREET,,CARY,NC,27511,(919) 481-4251,1413349200000,2 - Food Stands,-78.76562102,35.77485801,M,Not Provided
2445,04092021818,PUBLIX #1466 SEAFOOD,1020 BRADFORD PLAZA WAY,,CARY,NC,27513,(919) 460-2082,1414472400000,2 - Food Stands,-78.84558557,35.79325258,M,Not Provided
2446,04092021826,THE WOMANS CLUB KITCHEN,3300 WOMAN`S CLUB DR ,,RALEIGH,NC,27612,(919) 782-5599,1422421200000,2 - Food Stands,-78.66476646,35.83066624,M,Not Provided
2447,04092021819,PUBLIX #1466 PRODUCE,1020 BRADFORD PLAZA WAY,,CARY,NC,27513,(919) 460-2082,1414472400000,2 - Food Stands,-78.84558557,35.79325258,M,Not Provided
2448,04092021830,STARBUCKS AT HARRIS TEETER #319,2051 W. MILLBROOK ROAD,,RALEIGH,NC,27612,(919) 787-1364,1423803600000,2 - Food Stands,-78.67971246,35.85737049,M,Not Provided
2449,04092021831,HARRIS TEETER #319 MEAT   SEAFOOD,2051 W. MILLBROOK ROAD,,RALEIGH,NC,27612,(919) 787-1364,1423803600000,2 - Food Stands,-78.67971246,35.85737049,M,Not Provided
2450,04092021832,HARRIS TEETER #319 DELI,2051 W. MILLBROOK ROAD,,RALEIGH,NC,27612,(919) 787-1364,1423803600000,2 - Food Stands,-78.67971246,35.85737049,M,Not Provided
2451,04092021833,HARRIS TEETER #319 PRODUCE,2051 W. MILLBROOK ROAD,,RALEIGH,NC,27612,(919) 787-1364,1423803600000,2 - Food Stands,-78.67971246,35.85737049,M,Not Provided
2452,04092021836,FOOD LION #727 DELI,900 NE MAYNARD RD ,,CARY,NC,27513,(919) 460-6274,1425013200000,2 - Food Stands,-78.76838418,35.80043542,M,Not Provided
2453,04092021844,COASTAL CREDIT WEST MAIN CONCESSION,3801 ROCK QUARRY  RD ,,RALEIGH,NC,27610,(727) 481-1436,1430283600000,2 - Food Stands,-78.57884891,35.75018817,M,Not Provided
2454,04092021845,COASTAL CREDIT EAST MAIN CONCESSION,3801 ROCK QUARRY RD ,,RALEIGH,NC,27601,(727) 481-1436,1430283600000,2 - Food Stands,-78.57884891,35.75018817,M,Not Provided
2455,04092021846,FOOD LION #586 PRODUCE,3416 POOLE RD ,,RALEIGH,NC,27610,(919) 231-6202,1429851600000,2 - Food Stands,-78.57953607,35.76724392,M,Not Provided
2456,04092021847,FOOD LION #2199 PRODUCE,12345 STRICKLAND RD ,,RALEIGH,NC,27613,(919) 846-3589,1430283600000,2 - Food Stands,-78.70279728,35.90556515,M,Not Provided
2457,04092021860,LOWES FOODS #226 BEEF SHOP,8440 LOUISBURG RD ,,RALEIGH,NC,27616,(919) 266-1031,1437627600000,2 - Food Stands,-78.50931118,35.89359506,M,Not Provided
2458,04092021861,"LOWES FOODS #185 MEAT, SEAFOOD, SAUSAGE",1845 AVERSBORO RD ,,GARNER,NC,27529,(919) 779-9907,1436331600000,2 - Food Stands,-78.61583865,35.68506427,M,Not Provided
2459,04092021854,FOOD LION #536 PRODUCE,9101 LEESVILLE RD ,,RALEIGH,NC,27613,(919) 848-6082,1433221200000,2 - Food Stands,-78.72548111,35.89676189,M,Not Provided
2460,04092021865,FOOD LION #434 PRODUCE,1338 N MAIN ST ,,FUQUAY-VARINA,NC,27526,(919) 552-1388,1438664400000,2 - Food Stands,-78.77764161,35.59047463,M,Not Provided
2461,04092021864,FOOD LION #938 PRODUCE,517 N MAIN ST ,,HOLLY SPRINGS,NC,27540,(919) 557-1175,1438146000000,2 - Food Stands,-78.83686967,35.65965929,M,Not Provided
2462,04092021866,FOOD LION #1338 MEAT/SEAFOOD,620 LAURA DUNCAN RD ,,APEX,NC,27502,(919) 362-3904,1439787600000,2 - Food Stands,-78.84201291,35.73510393,M,Not Provided
2463,04092021867,FOOD LION #1374 PRODUCE,9525 STRICKLAND RD ,,RALEIGH,NC,27615,(919) 676-0141,1440478800000,2 - Food Stands,-78.65461063,35.89932731,M,Not Provided
2464,04092021868,FOOD LION #1491 PRODUCE,3151-113 CAPITAL BLVD ,,RALEIGH,NC,27604,(919) 790-6728,1440651600000,2 - Food Stands,-78.59044224,35.82314249,M,Not Provided
2465,04092021869,FOOD LION #757 PRODUCE,1100-122 RALEIGH BLVD ,,RALEIGH,NC,27610,(919) 829-7077,1439960400000,2 - Food Stands,-78.61144572,35.79422701,M,Not Provided
2466,04092021871,STEVE'S MINI MART,807 W GARNER RD ,,GARNER,NC,27529,(919) 779-7713,1441256400000,2 - Food Stands,-78.61343283,35.7108041,M,Not Provided
2467,04092021876,FOOD LION #2196 PRODUCE,3609 DAVIS DR ,,MORRISVILLE,NC,27560,(919) 469-4195,1442379600000,2 - Food Stands,-78.84918557,35.8221795,M,Not Provided
2468,04092021873,FOOD LION #1514 MEAT/SEAFOOD,9567 CHAPEL HILL RD ,,MORRISVILLE,NC,27560,(919) 462-1542,1440997200000,2 - Food Stands,-78.81120592,35.8045755,M,Not Provided
2469,04092021872,FOOD LION #2198 PRODUCE,8745 HOLLY SPRINGS RD ,,CARY,NC,27539,(919) 362-1738,1441774800000,2 - Food Stands,-78.77345985,35.69264269,M,Not Provided
2470,04092021878,FOOD LION #247 PRODUCE,4510 CAPITAL BLVD ,,RALEIGH,NC,28145,(919) 876-8126,1442552400000,2 - Food Stands,-78.57896431,35.84571465,M,Not Provided
2471,04092021880,FOOD LION #341 PRODUCE,114 WAKELON ST ,,ZEBULON,NC,27597,(919) 269-6122,1442379600000,2 - Food Stands,-78.31858232,35.83228581,M,Not Provided
2472,04092021877,FOOD LION #1557 PRODUCE,4827 GROVE BARTON RD ,,RALEIGH,NC,27613,(919) 781-4437,1442466000000,2 - Food Stands,-78.71753987,35.86797291,M,Not Provided
2473,04092021881,FOOD LION #1589 PRODUCE,3417 N MAIN ST ,,FUQUAY-VARINA,NC,27526,(919) 577-0555,1442293200000,2 - Food Stands,-78.72590996,35.6251507,M,Not Provided
2474,04092021883,RALEIGH STEAK ESCAPE,4325 GLENWOOD AVE ,UNIT 2052,RALEIGH,NC,27511,(919) 786-0404,1443589200000,2 - Food Stands,-78.67900996,35.83931725,M,Not Provided
2475,04092021887,FOOD LION #1459 PRODUCE,1508 BROAD ST ,,FUQUAY-VARINA,NC,27526,(919) 577-1000,1443157200000,2 - Food Stands,-78.80247593,35.60486538,M,Not Provided
2476,04092021879,FOOD LION #1358 PRODUCE,1121 FALLS RIVER AVE ,,RALEIGH,NC,27614,(919) 847-1640,1442552400000,2 - Food Stands,-78.58941115,35.90603231,M,Not Provided
2477,04092021888,LOWES FOODS #191 BEEF SHOP,9600 STRICKLAND RD ,,RALEIGH,NC,27615,(919) 847-5661,1443762000000,2 - Food Stands,-78.65568512,35.90277372,M,Not Provided
2478,04092021889,FOOD LION #2504 PRODUCE,1030-125 N ROGERS LN ,,RALEIGH,NC,27610,(919) 792-0321,1444107600000,2 - Food Stands,-78.54837151,35.79167791,M,Not Provided
2479,04092021891,FOOD LION #669 PRODUCE,405 S MAIN ST ,,ROLESVILLE,NC,27571,(919) 554-4018,1444798800000,2 - Food Stands,-78.46472452,35.91730947,M,Not Provided
2480,04092021890,FOOD LION #1496 PRODUCE,1777 W WILLIAMS ST ,,APEX,NC,27502,(919) 362-1986,1444366800000,2 - Food Stands,-78.87770732,35.75964659,M,Not Provided
2481,04092021892,FOOD LION #815 PRODUCE,2837 WENDELL BLVD ,,WENDELL,NC,27591,(919) 365-3002,1445403600000,2 - Food Stands,-78.38037272,35.79568491,M,Not Provided
2482,04092021893,FOOD LION #1654 PRODUCE,7440 LOUISBURG RD ,,RALEIGH,NC,27616,(919) 875-1394,1445403600000,2 - Food Stands,-78.53977075,35.87454257,M,Not Provided
2483,04092021899,FOOD LION #193 PRODUCE,5633 CREEDMOOR RD ,,RALEIGH,NC,27612,(919) 781-0597,1445490000000,2 - Food Stands,-78.68200654,35.85879308,M,Not Provided
2484,04092021896,FOOD LION #1481 PRODUCE,7713 LEAD MINE RD ,,RALEIGH,NC,27615,(919) 518-1607,1445403600000,2 - Food Stands,-78.6604412,35.88617756,M,Not Provided
2485,04092021894,FOOD LION #2534 PRODUCE,13200 NEW FALLS OF NEUSE RD ,,RALEIGH,NC,27614,(919) 562-8912,1445403600000,2 - Food Stands,-78.55982173,35.94075522,M,Not Provided
2486,04092021897,FOOD LION #1482 PRODUCE,5426 SIX FORKS RD ,,RALEIGH,NC,27609,(919) 676-3386,1445490000000,2 - Food Stands,-78.64059755,35.85499399,M,Not Provided
2487,04092021901,FOOD LION #723 PRODUCE,7053 KNIGHTDALE BLVD ,,KNIGHTDALE,NC,27545,(919) 266-5164,1445922000000,2 - Food Stands,-78.49003668,35.79982416,M,Not Provided
2488,04092021900,FOOD LION #90 PRODUCE,4317 FALLS OF NEUSE RD ,,RALEIGH,NC,27609,(919) 872-5376,1445490000000,2 - Food Stands,-78.61339405,35.84096299,M,Not Provided
2489,04092021903,FOOD LION #40 PRODUCE,980 KILDAIRE FARM RD ,,CARY,NC,27511,(919) 467-4168,1446094800000,2 - Food Stands,-78.78312327,35.77217526,M,Not Provided
2490,04092021905,FOOD LION #649 PRODUCE,2720 LAKE WHEELER RD ,,RALEIGH,NC,27603,(919) 755-3856,1446094800000,2 - Food Stands,-78.68034205,35.74406085,M,Not Provided
2491,04092021904,FOOD LION #1454 PRODUCE,3415 AVENT FERRY RD ,,RALEIGH,NC,27607,(919) 858-9772,1446008400000,2 - Food Stands,-78.69720796,35.76626192,M,Not Provided
2492,04092021906,FOOD LION #1484 PRODUCE,2420 WYCLIFF RD ,,RALEIGH,NC,27607,(919) 571-3638,1446094800000,2 - Food Stands,-78.69299571,35.81676957,M,Not Provided
2493,04092021907,CIRCLE K #2723633,2105 TEN TEN RD ,,APEX,NC,27539,(919) 387-3800,1444712400000,2 - Food Stands,-78.819009,35.7216782,M,Not Provided
2494,04092021909,FOOD LION #1338 PRODUCE,620 LAURA DUNCAN RD ,,APEX,NC,27502,(919) 362-3904,1446440400000,2 - Food Stands,-78.84201291,35.73510393,M,Not Provided
2495,04092021908,FOOD LION #1514 PRODUCE,9567 CHAPEL HILL RD ,,MORRISVILLE,NC,27560,(919) 462-1542,1446786000000,2 - Food Stands,-78.81120592,35.8045755,M,Not Provided
2496,04092021910,FOOD LION #1259 PRODUCE,3685 NEW BERN AVE ,,RALEIGH,NC,27610,(919) 231-7294,1446613200000,2 - Food Stands,-78.57924099,35.79885208,M,Not Provided
2497,04092021912,FOOD LION #1079 PRODUCE,5621 LOUISBURG RD ,,RALEIGH,NC,27616,(919) 981-0402,1447822800000,2 - Food Stands,-78.55796941,35.85459908,M,Not Provided
2498,04092021914,FOOD LION #996 PRODUCE,7971 FAYETTEVILLE RD ,,RALEIGH,NC,27603,(919) 772-0317,1447304400000,2 - Food Stands,-78.6974243,35.66508436,M,Not Provided
2499,04092021913,FOOD LION #727 PRODUCE,900 NE MAYNARD RD ,,CARY,NC,27513,(919) 460-6274,1447822800000,2 - Food Stands,-78.76838418,35.80043542,M,Not Provided
2500,04092021911,LOWES FOOD #239 MEAT   SEAFOOD,932 GATEWAY COMMONS CIR ,,WAKE FOREST,NC,27587,(919) 740-0564,1446526800000,2 - Food Stands,-78.49517643,35.96733271,M,Not Provided
2501,04092021916,FOOD LION #561 PRODUCE,217 TIMBER DR ,,GARNER,NC,27529,(919) 779-5551,1447304400000,2 - Food Stands,-78.60613274,35.68500311,M,Not Provided
2502,04092021915,FOOD LION #2638 PRODUCE,6209 ROCK QUARRY RD ,,RALEIGH,NC,27610,(919) 722-5894,1447304400000,2 - Food Stands,-78.54796209,35.72312635,M,Not Provided
2503,04092021918,FOOD LION #75 PRODUCE,1339 5TH AVE ,,GARNER,NC,27529,(919) 779-0770,1449550800000,2 - Food Stands,-78.62278391,35.70821235,M,Not Provided
2504,04092021917,FOOD LION #1669 PRODUCE,1601 CROSS LINK RD ,,RALEIGH,NC,27610,(919) 807-1397,1446094800000,2 - Food Stands,-78.6148089,35.7548246,M,Not Provided
2505,04092021921,FOOD LION #1573 PRODUCE,3926 WESTERN BLVD ,,RALEIGH,NC,27607,(919) 664-8059,1450155600000,2 - Food Stands,-78.69252396,35.78575692,M,Not Provided
2506,04092021920,THAI BISTRO,4325-2039 GLENWOOD AVE ,,RALEIGH,NC,27612,(919) 771-7933,1448946000000,2 - Food Stands,-78.67900996,35.83931725,M,Not Provided
2507,04092021925,FOOD LION #816 PRODUCE,2861 JONES FRANKLIN RD ,,RALEIGH,NC,27606,(919) 233-9708,1449637200000,2 - Food Stands,-78.7377362,35.74360868,M,Not Provided
2508,04092021926,CIRCLE K #2703126,3220 POOLE RD ,,RALEIGH,NC,27610,,1451970000000,2 - Food Stands,-78.5840634,35.77093426,M,Not Provided
2509,04092021924,FOOD LION #624 PRODUCE,2458 SW CARY PKY ,,CARY,NC,27513,(919) 481-0052,1449637200000,2 - Food Stands,-78.82085568,35.76364284,M,Not Provided
2510,04092021928,CIRCLE K #2723302,1414  E WILLIAMS ST ,,APEX,NC,27539,(919) 362-5131,1456376400000,2 - Food Stands,-78.839318,35.71149694,M,Not Provided
2511,04092021931,CIRCLE K   #0846,1800 LAURA DUNCAN RD ,,APEX,NC,27523-1564,(919) 387-7984,1456722000000,2 - Food Stands,-78.83458934,35.74814644,M,Not Provided
2512,04092021932,CIRCLE K #2720850,100 FACTORY SHOPS RD ,,MORRISVILLE,NC,27560-8402,(919) 467-6009,1456722000000,2 - Food Stands,-78.81773499,35.86082633,M,Not Provided
2513,04092021929,CIRCLE  K #3488,1032 N HARRISON  AVE ,,CARY,NC,27513,(919) 468-9848,1456462800000,2 - Food Stands,-78.78236218,35.80446001,M,Not Provided
2514,04092021933,CIRCLE K #3795,1410 W WILLIAMS  ST ,,APEX,NC,27523,(919) 363-4582,1456290000000,2 - Food Stands,-78.87632948,35.75184494,M,Not Provided
2515,04092021937,CIRCLE K #3886,3610 DAVIS DR ,,MORRISVILLE,NC,27560,(919) 388-8805,1456722000000,2 - Food Stands,-78.84778232,35.82317791,M,Not Provided
2516,04092021936,CIRCLE K #3146,1720  N MAIN ST ,,FUQUAY-VARINA,NC,27526,,1456376400000,2 - Food Stands,-78.75810704,35.59678271,M,Not Provided
2517,04092021934,CIRCLE K #2720457,705 E WILLIAMS ST ,,APEX,NC,27502,(919) 362-1164,1456290000000,2 - Food Stands,-78.84527667,35.72350511,M,Not Provided
2518,04092021941,CIRCLE K #2720916,3721 TRYON RD ,,RALEIGH,NC,27606,(919) 838-1456,1455253200000,2 - Food Stands,-78.70153321,35.74776919,M,Not Provided
2519,04092021938,CIRCLE K #3797,302 E WILLIAMS ST ,,APEX,NC,27502,(919) 387-3947,1456290000000,2 - Food Stands,-78.85120974,35.72585219,M,Not Provided
2520,04092021943,CIRCLE K #2720823,5801  TRYON  RD ,,CARY,NC,27518,(919) 859-5800,1455685200000,2 - Food Stands,-78.73858469,35.74523768,M,Not Provided
2521,04092021942,CIRCLE K #2720320,3289 AVENT FERRY RD ,,RALEIGH,NC,27606,(919) 851-4889,1455253200000,2 - Food Stands,-78.69673487,35.76720018,M,Not Provided
2522,04092021946,CIRCLE K #2723475,3741 CAPITAL BLVD ,,RALEIGH,NC,27604-3329,(919) 875-0098,1456117200000,2 - Food Stands,-78.58499725,35.83184633,M,Not Provided
2523,04092021944,CIRCLE K #2720914,1001 SE CARY PKY ,,CARY,NC,27518,(919) 851-6683,1455685200000,2 - Food Stands,-78.76310602,35.74508543,M,Not Provided
2524,04092021948,CIRCLE K #23118,919 DURHAM RD ,,WAKE FOREST,NC,27587,(919) 562-7823,1456894800000,2 - Food Stands,-78.5418934,35.97777079,M,Not Provided
2525,04092021949,CIRCLE K#2723100,6317 CREEDMOOR RD ,,RALEIGH,NC,27612-6709,(919) 870-1108,1458104400000,2 - Food Stands,-78.68016187,35.87266015,M,Not Provided
2526,04092021947,HARRIS TEETER #331 STARBUCKS,3430 TEN TEN RD ,,CARY,NC,27518,(391) 938-8272,1456462800000,2 - Food Stands,-78.79278394,35.70189503,M,Not Provided
2527,04092021950,CIRCLE K #2720869,8500 HARPS MILL RD ,,RALEIGH,NC,27615-3834,(919) 872-0614,1458104400000,2 - Food Stands,-78.60165406,35.89132581,M,Not Provided
2528,04092021952,COSTCO WHOLESALE #1206 MEAT,1021 PINE PLAZA DR ,,APEX,NC,27523,(919) 331-6035,1457931600000,2 - Food Stands,-78.82726692,35.74641768,M,Not Provided
2529,04092021953,COSTCO WHOLESALE #1206 ROTISSERIE/DELI,1021 PINE PLAZA DR ,,APEX,NC,27523,(919) 331-6035,1457931600000,2 - Food Stands,-78.82726692,35.74641768,M,Not Provided
2530,04092021951,CIRCLE K #2723098,4302 WAKE FOREST RD ,,RALEIGH,NC,27609,(919) 878-0864,1458277200000,2 - Food Stands,-78.61109447,35.83928907,M,Not Provided
2531,04092021959,LAS CAROLINAS GROCERY   GRILL,4905 GUY RD ,,CLAYTON,NC,27520,(919) 359-0089,1463461200000,2 - Food Stands,-78.52179293,35.67702752,M,Not Provided
2532,04092021954,EDIBLE ARRANGEMENTS #365-CARY,207 CROSSROADS BLVD ,,CARY,NC,27511,(919) 851-7065,1460696400000,2 - Food Stands,-78.73871469,35.76064643,M,Not Provided
2533,04092021961,PUBLIX #1520 MEAT/SEAFOOD,3480 KILDAIRE FARM RD ,,CARY,NC,27518,(919) 303-4024,1463979600000,2 - Food Stands,-78.79652285,35.70711427,M,Not Provided
2534,04092021962,PUBLIX #1520 PRODUCE,3480 KILDAIRE FARM RD ,,CARY,NC,27518,(919) 303-4024,1463979600000,2 - Food Stands,-78.79652285,35.70711427,M,Not Provided
2535,04092021963,PUBLIX #1520 DELI,3480 KILDAIRE FARM RD ,,CARY,NC,27518,(919) 303-4024,1463979600000,2 - Food Stands,-78.79652285,35.70711427,M,Not Provided
2536,04092021966,SPEEDWAY #8291,100 BROAD ST ,,FUQUAY-VARINA,NC,27526,(919) 557-9480,1463634000000,2 - Food Stands,-78.80041018,35.59818721,M,Not Provided
2537,04092021969,SPEEDWAY #6989,10920 CREEDMOOR RD ,,RALEIGH,NC,27615,(919) 870-6057,1469682000000,2 - Food Stands,-78.68548187,35.94189797,M,Not Provided
2538,04092021970,CIRCLE K #2723303,2506 S SAUNDERS ST ,,RALEIGH,NC,27603,(919) 743-0128,1471928400000,2 - Food Stands,-78.64945056,35.74978334,M,Not Provided
2539,04092021971,SAM'S CLUB #6976 ROTISSERIE,11460 ROYAL COTTON RD ,,WAKE FOREST,NC,27587,(919) 263-6134,1471842000000,2 - Food Stands,-78.53862825,35.9567568,M,Not Provided
2540,04092021973,SAM'S CLUB #6976 DELI,11460 ROYAL COTTON RD ,,WAKE FOREST,NC,27587,(919) 263-6134,1471842000000,2 - Food Stands,-78.53862825,35.9567568,M,Not Provided
2541,04092021974,PUBLIX #1514 PRODUCE,1030 FORESTVILLE RD ,,WAKE FOREST,NC,27587,(919) 556-6671,1472533200000,2 - Food Stands,-78.50759601,35.94610971,M,Not Provided
2542,04092021975,PUBLIX #1514 SEAFOOD,1030 FORESTVILLE RD ,,WAKE FOREST,NC,27587,(919) 556-6671,1472533200000,2 - Food Stands,-78.50759601,35.94610971,M,Not Provided
2543,04092021977,SPEEDWAY #6962,4020 JONES SAUSAGE RD ,,GARNER,NC,27529,(919) 662-4020,1473224400000,2 - Food Stands,-78.58123958,35.72578018,M,Not Provided
2544,04092021980,CIRCLE K #2720816,1807 N HARRISON AVE ,,CARY,NC,27513,(919) 677-1808,1475211600000,2 - Food Stands,-78.76848368,35.83028025,M,Not Provided
2545,04092021982,SANGAM CAFE,10300 CHAPEL HILL RD ,SUITE 600/700,MORRISVILLE,NC,27560,(919) 460-4300,1475211600000,2 - Food Stands,-78.82715883,35.83264725,M,Not Provided
2546,04092021987,SGD TOFU HOUSE,1961 HIGH HOUSE RD ,,CARY,NC,27519,(919) 535-5900,1482382800000,2 - Food Stands,-78.84865558,35.78922067,M,Not Provided
2547,04092021992,H MART KANGNAM TOWN,1961 HIGH HOUSE RD ,,CARY,NC,27519,(919) 535-5900,1482382800000,2 - Food Stands,-78.84865558,35.78922067,M,Not Provided
2548,04092021993,H MART DON-DON,1961 HIGH HOUSE RD ,,CARY,NC,27519,(919) 535-5900,1482382800000,2 - Food Stands,-78.84865558,35.78922067,M,Not Provided
2549,04092021994,H MART RTC DEPARTMENT,1961 HIGH HOUSE RD ,,CARY,NC,27519,(919) 535-5900,1482382800000,2 - Food Stands,-78.84865558,35.78922067,M,Not Provided
2550,04092021981,SMOOTHIE KING #1358,4120-110 MAIN AT NORTH HILLS ST ,,RALEIGH,NC,27609,(984) 269-7823,1474952400000,2 - Food Stands,-78.64297679,35.83719099,M,Not Provided
2551,04092021996,H MART MEAT DEPARTMENT,1961 HIGH HOUSE RD ,,CARY,NC,27519,(919) 535-5900,1482382800000,2 - Food Stands,-78.84865558,35.78922067,M,Not Provided
2552,04092021997,H MART SEAFOOD DEPARTMENT,1961 HIGH HOUSE RD ,,CARY,NC,27519,(919) 535-5900,1482382800000,2 - Food Stands,-78.84865558,35.78922067,M,Not Provided
2553,04092022003,POSH NOSH CATERING,1053 E WHITAKER MILL RD ,SUITE 135,RALEIGH,NC,27604,(919) 839-6004,1487134800000,2 - Food Stands,-78.62123948,35.80873266,M,Not Provided
2554,04092021995,H MART PRODUCE DEPARTMENT,1961 HIGH HOUSE RD ,,RALEIGH,NC,27519,(919) 535-5900,1482382800000,2 - Food Stands,-78.84963768,35.79021108,M,Not Provided
2555,04092022005,PUBLIX #1544 PRODUCE,1441 KELLY RD ,,APEX,NC,27502,(919) 303-6200,1486357200000,2 - Food Stands,-78.89379364,35.73782353,M,Not Provided
2556,04092022004,PUBLIX #1544 DELI,1441 KELLY RD ,,APEX,NC,27502,(919) 303-6200,1486357200000,2 - Food Stands,-78.89379364,35.73782353,M,Not Provided
2557,04092022006,PUBLIX #1544 SEAFOOD,1441 KELLY RD ,,APEX,NC,27502,(919) 303-6200,1486357200000,2 - Food Stands,-78.89379364,35.73782353,M,Not Provided
2558,04092022007,PUBLIX #1544 MEATS,1441 KELLY RD ,,APEX,NC,27502,(919) 303-6200,1486357200000,2 - Food Stands,-78.89379364,35.73782353,M,Not Provided
2559,04092022009,LA BONITA DELI,836-110 E CHATHAM ST ,,CARY,NC,27511,(919) 650-3161,1488430800000,2 - Food Stands,-78.76088327,35.79050976,M,Not Provided
2560,04092022016,CHILD CARE SERVICES ASSOCIATION,1305 GLENWOOD AVE ,,RALEIGH,NC,27605,(919) 754-3651,1496120400000,2 - Food Stands,-78.64721663,35.79544092,M,Not Provided
2561,04092022011,SPROUTS #540 DELI,9414 FALLS OF NEUSE RD ,,RALEIGH,NC,27615,(919) 326-2530,1489467600000,2 - Food Stands,-78.60287339,35.90144197,M,Not Provided
2562,04092022019,HARRIS TEETER #304 STARBUCKS,4221 CORNERS PKY ,,RALEIGH,NC,27616,(919) 596-5399,1499922000000,2 - Food Stands,-78.78791959,35.9189124,M,Not Provided
2563,04092022014,HARRIS TEETER #298 STARBUCKS,10140 GREEN LEVEL CHURCH RD ,,CARY,NC,27519,(919) 460-3126,1494910800000,2 - Food Stands,-78.90107972,35.82060442,M,Not Provided
2564,04092022020,HARRIS TEETER #304 MEAT/SEAFOOD,4221 CORNERS PKY ,,RALEIGH,NC,27616,(919) 596-5399,1499922000000,2 - Food Stands,-78.78791959,35.9189124,M,Not Provided
2565,04092022021,HARRIS TEETER #304 PRODUCE,4221 CORNERS PKY ,,RALEIGH,NC,27616,(919) 596-5399,1499922000000,2 - Food Stands,-78.78791959,35.9189124,M,Not Provided
2566,04092022023,HUGO'S KITCHEN,9910 SELLONA ST ,,RALEIGH,NC,27617,(919) 361-8399,1499922000000,2 - Food Stands,-78.80849616,35.90144282,M,Not Provided
2567,04092022022,HARRIS TEETER #304 DELI/BAKERY,4221 CORNERS PKY ,,RALEIGH,NC,27616,(919) 596-5399,1499922000000,2 - Food Stands,-78.78791959,35.9189124,M,Not Provided
2568,04092022030,AUNTIE ANNE'S NC #111,5959 TRIANGLE TOWN BLVD ,STE EU-2133,RALEIGH,NC,27616,(919) 792-2548,1504069200000,2 - Food Stands,-78.576038,35.86600165,M,Not Provided
2569,04092022031,CARVEL,5959 TRIANGLE TOWN BLVD ,,RALEIGH,NC,27616,(919) 449-0072,1504069200000,2 - Food Stands,-78.576038,35.86600165,M,Not Provided
2570,04092022521,YOHO @ MSFH,411 W MORGAN ST,,RALEIGH,NC,27603,(919) 673-8350,1554872400000,2 - Food Stands,-78.6456934,35.77945659,M,Not Provided
2571,04092022032,THE POOLSIDE GRILL,275 CONVENTION DR ,,CARY,NC,27511,(919) 459-4045,1505106000000,2 - Food Stands,-78.75428728,35.77648584,M,Not Provided
2572,04092025144,DOMINOS #8824,6110 ROGERS RD ,,ROLESVILLE,NC,27571,(919) 453-2324,1216011600000,2 - Food Stands,-78.4677661,35.92242306,M,Not Provided
2573,04092025146,HARRIS TEETER #58 STARBUCKS,750 W WILLIAMS ST ,,APEX,NC,27502,(919) 362-3782,1507698000000,2 - Food Stands,-78.86276232,35.73802969,M,Not Provided
2574,04092025150,HARRIS TEETER #367 STARBUCKS,14520 JOHN REX BLVD ,,RALEIGH,NC,27614,(919) 554-4167,1508821200000,2 - Food Stands,-78.54282166,35.9470013,M,Not Provided
2575,04092025149,HARRIS TEETER #353 STARBUCKS,13686 CAPITAL BLVD ,,WAKE FOREST,NC,27587,(919) 554-3608,1510203600000,2 - Food Stands,-78.51867626,36.00549137,M,Not Provided
2576,04092025157,SPEEDWAY #6975,1741 TRAWICK RD ,,RALEIGH,NC,27604,(919) 231-2202,1511931600000,2 - Food Stands,-78.57832615,35.80135324,M,Not Provided
2577,04092025158,A TASTE OF NY COMMISSARY,1411-J DIGGS DR ,,RALEIGH,NC,27603,(919) 345-8138,1513832400000,2 - Food Stands,-78.66276589,35.75500317,M,Not Provided
2578,04092025156,JUICE-KEYS #2,8490-102 HONEYCUTT RD ,,RALEIGH,NC,27615,(919) 710-1109,1512104400000,2 - Food Stands,-78.62166264,35.89510631,M,Not Provided
2579,04092025147,PAPA JOHN'S #4838,1440 BROGDEN WOODS DR ,SUITE 104,WAKE FOREST,NC,27587,(919) 532-2300,1508216400000,2 - Food Stands,-78.69147587,35.99120972,M,Not Provided
2580,04092025159,FOOD LION #2227 PRODUCE,161 CRENSHAW CORNERS DR ,,WAKE FOREST,NC,27587,(919) 569-0089,1516338000000,2 - Food Stands,-78.55323415,35.97006779,M,Not Provided
2581,04092025163,ROCKY TOP CATERING,5000 DEPARTURE DR ,,RALEIGH,NC,27616,(919) 829-3771,1519707600000,2 - Food Stands,-78.59490381,35.84956766,M,Not Provided
2582,04092025160,FOOD LION #2227 DELI,161 CRENSHAW CORNERS DR ,,WAKE FOREST,NC,27587,(919) 569-0089,1516338000000,2 - Food Stands,-78.55323415,35.97006779,M,Not Provided
2583,04092025162,KRISPY KRUNCHY CHICKEN,1969 ROCK QUARRY RD ,,RALEIGH,NC,27610,(919) 754-9876,1519362000000,2 - Food Stands,-78.61204015,35.754031,M,Not Provided
2584,04092025171,BULL CITY HOSPITALITY,101 SPORTSMANSHIP WAY ,,HOLLY SPRINGS,NC,27540,,1522299600000,2 - Food Stands,-78.83776084,35.66788504,M,Not Provided
2585,04092025174,MEEZ MARKET   CATERING,8320-108 LITCHFORD RD ,,RALEIGH,NC,27615,(252) 327-2445,1524114000000,2 - Food Stands,-78.59988047,35.89223606,M,Not Provided
2586,04092025169,APPLE SPICE BOX LUNCH   CATERING,10404 CHAPEL HILL RD ,SUITE 109,MORRISVILLE,NC,27560,(919) 336-3160,1521522000000,2 - Food Stands,-78.82909975,35.83741792,M,Not Provided
2587,04092025185,PRETZELMAKER,4325 GLENWOOD AVE ,SUITE 2049,RALEIGH,NC,27612,(919) 783-5702,1530594000000,2 - Food Stands,-78.67900996,35.83931725,M,Not Provided
2588,04092025188,REDPLATE CATERING @TKA,2161 S WILMINGTON ST ,,RALEIGH,NC,27601,(919) 332-1492,1529557200000,2 - Food Stands,-78.63902823,35.7520526,M,Not Provided
2589,04092025192,BIG DOM'S BAGEL SHOP,203 E CHATHAM ST ,,CARY,NC,27511,(919) 377-1143,1533531600000,2 - Food Stands,-78.77842259,35.78773651,M,Not Provided
2590,04092025193,COW BAR @ MSFH,411 W MORGAN ST ,,RALEIGH,NC,27603,(702) 544-9413,1532754000000,2 - Food Stands,-78.6456934,35.77945659,M,Not Provided
2591,04092025197,THE BOWLS @ MSFH,411 W MORGAN ST ,,RALEIGH,NC,27603,(919) 213-1008,1533099600000,2 - Food Stands,-78.6456934,35.77945659,M,Not Provided
2592,04092025198,THE KATSU @ MSFH,411 W MORGAN ST ,,RALEIGH,NC,27603,(786) 656-3697,1533099600000,2 - Food Stands,-78.6456934,35.77945659,M,Not Provided
2593,04092025199,CURRY IN A HURRY @ MSFH,411 W MORGAN ST ,,RALEIGH,NC,27603,(919) 606-4285,1533099600000,2 - Food Stands,-78.6456934,35.77945659,M,Not Provided
2594,04092025202,MAKUS EMPANADAS @ MSFH,411 W MORGAN ST ,,RALEIGH,NC,27603,,1533186000000,2 - Food Stands,-78.6456934,35.77945659,M,Not Provided
2595,04092025204,ROMEO'S PIZZA,800 W WILLIAMS ST ,SUITE 160,APEX,NC,27502,(919) 355-2920,1535605200000,2 - Food Stands,-78.86480258,35.73964977,M,Not Provided
2596,04092025217,HARRIS TEETER #311 CHEESE ISLAND,324 VILLAGE WALK ,,HOLLY SPRINGS,NC,27540,(919) 552-1596,1536814800000,2 - Food Stands,-78.83920975,35.63987629,M,Not Provided
2597,04092025224,LUCIANO,4325 GLENWOOD AVE ,SUITE 2032,RALEIGH,NC,27612,(919) 571-2538,1542344400000,2 - Food Stands,-78.67900996,35.83931725,M,Not Provided
2598,04092025175,HARRIS TEETER #90 STARBUCKS,13210 STRICKLAND RD ,,RALEIGH,NC,27613,(919) 676-3534,1525669200000,2 - Food Stands,-78.72593678,35.90878748,M,Not Provided
2599,04092025227,DOMINOS #8958,7981 FAYETTEVILLE RD ,,RALEIGH,NC,27603,(919) 661-2612,1544850000000,2 - Food Stands,-78.6974243,35.66508436,M,Not Provided
2600,04092025225,DOMINO'S #8938,2001 WIDE WATERS PKY ,,KNIGHTDALE,NC,27545,(919) 266-6667,1542603600000,2 - Food Stands,-78.5051576,35.79511649,M,Not Provided
2601,04092025228,DOMINOS PIZZA #8978,2100 CROSSWAY LN ,,HOLLY SPRINGS,NC,27540,(919) 567-2330,1544850000000,2 - Food Stands,-78.83509309,35.66344712,M,Not Provided
2602,04092025231,THE BUTCHERS MARKET,4200 LASSITER RD ,,HOLLY SPRINGS,NC,27540,(919) 267-9191,1544763600000,2 - Food Stands,-78.79440651,35.66435704,M,Not Provided
2603,04092025230,DOMINO'S #7431,13220-190 STRICKLAND RD,,RALEIGH,NC,27613,(919) 676-6602,1545022800000,2 - Food Stands,-78.72593678,35.90878748,M,Not Provided
2604,04092025232,PUBLIX 1552 PRODUCE,425 EMISSARY DR ,,CARY,NC,27519,(919) 388-7201,1541134800000,2 - Food Stands,-78.90353622,35.82486983,M,Not Provided
2605,04092025233,PUBLIX 1552 SEAFOOD,425 EMISSARY DR ,,CARY,NC,27519,(919) 388-7201,1541134800000,2 - Food Stands,-78.90353622,35.82486983,M,Not Provided
2606,04092025234,PUBLIX 1552 MEAT,425 EMISSARY DR ,,CARY,NC,27519,(919) 388-7201,1541134800000,2 - Food Stands,-78.90353622,35.82486983,M,Not Provided
2607,04092025235,FUQUAY MEAT MARKET,112 W VANCE ST ,,FUQUAY-VARINA,NC,27526,(919) 346-1267,1545195600000,2 - Food Stands,-78.80040993,35.58230406,M,Not Provided
2608,04092025236,PUBLIX 1551 SEAFOOD,9640 LEESVILLE RD ,,RALEIGH,NC,27613,(919) 848-3480,1543208400000,2 - Food Stands,-78.72728628,35.90563757,M,Not Provided
2609,04092025237,PUBLIX 1551 PRODUCE,9640 LEESVILE RD ,,RALEIGH,NC,27613,(919) 848-3480,1543208400000,2 - Food Stands,-78.72728628,35.90563757,M,Not Provided
2610,04092025239,GREYHOUND BUS TERMINAL,2210 CAPITAL BLVD,,RALEIGH,NC,27604,(336) 926-0466,1546837200000,2 - Food Stands,-78.61570974,35.80611567,M,Not Provided
2611,04092025229,DOMINO'S #8908,833 PERRY RD ,,APEX,NC,27502,(919) 387-0030,1545022800000,2 - Food Stands,-78.84486616,35.71972361,M,Not Provided
2612,04092025238,PUBLIX 1551 MEAT,9640 LEESVILLE RD ,,RALEIGH,NC,27613,(919) 848-3480,1543208400000,2 - Food Stands,-78.72728628,35.90563757,M,Not Provided
2613,04092025243,LITTLE CAESARS EXPRESS,102 GREGSON DR ,,CARY,NC,27511,(919) 481-4493,1551243600000,2 - Food Stands,-78.80543444,35.74005586,M,Not Provided
2614,04092025249,CHHOTE'S @ T CO,500-123 E DAVIE ST ,,RALEIGH,NC,27601,,1554094800000,2 - Food Stands,-78.63206282,35.77487676,M,Not Provided
2615,04092025250,BUL BOX @ T CO,500 E DAVIE ST ,ST. 131,RALEIGH,NC,27601,(919) 917-7958,1553230800000,2 - Food Stands,-78.63206282,35.77487676,M,Not Provided
2616,04092025252,MEZQUITAL VALLEY CATERING @ TKA,2161  S WILMINGTON ST ,,RALEIGH,NC,27603,(919) 412-4121,1554786000000,2 - Food Stands,-78.63902823,35.7520526,M,Not Provided
2617,04092025245,PAPA JOHN'S #4960,130 W HOLLY SPRINGS RD ,,HOLLY SPRINGS,NC,27540,(919) 762-3747,1552366800000,2 - Food Stands,-78.83588526,35.6557607,M,Not Provided
2618,04092025253,HARRIS TEETER #498 DELI,1371 E BROAD ST ,,FUQUAY-VARINA,NC,27526,,1555563600000,2 - Food Stands,-78.77604627,35.59548797,M,Not Provided
2619,04092025256,DANK BURRITO @ TCO,500 E DAVIE ST ,STE. 132,RALEIGH,NC,27601,(919) 917-7521,1555477200000,2 - Food Stands,-78.63206282,35.77487676,M,Not Provided
2620,04092025255,HARRIS TEETER MEAT/SEAFOOD #498,1371 E BROAD ST ,,FUQUAY-VARINA,NC,27526,(919) 567-7423,1555563600000,2 - Food Stands,-78.77604627,35.59548797,M,Not Provided
2621,04092025254,HARRIS TEETER #498 PRODUCE,1371 E BROAD ST ,,FUQUAY-VARINA,NC,27526,(919) 567-7423,1555563600000,2 - Food Stands,-78.77604627,35.59548797,M,Not Provided
2622,04092025260,SMOOTHIE KING #1662,4212 LASSITER RD,,HOLLY SPRINGS,NC,27540-4301,,1559278800000,2 - Food Stands,-78.79440651,35.66435704,M,Not Provided
2623,04092025267,HARRIS TEETER #495 DELI,8345 CREEDMOOR RD,,RALEIGH,NC,27613-1385,,1563166800000,2 - Food Stands,-78.68223246,35.90105464,M,Not Provided
2624,04092025269,HARRIS TEETER #495 MEAT/SEAFOOD,8345 CREEDMOOR RD,,RALEIGH,NC,27613,,1563166800000,2 - Food Stands,-78.68223246,35.90105464,M,Not Provided
2625,04092025263,ORIENTAL PHO,5959 TRIANGLE TOWN BLVD,1116,RALEIGH,NC,27616,(919) 449-0807,1560315600000,2 - Food Stands,-78.576038,35.86600165,M,Not Provided
2626,04092025268,HARRIS TEETER #495 PRODUCE,8345 CREEDMOOR RD,,RALEIGH,NC,27613,,1563166800000,2 - Food Stands,-78.68223246,35.90105464,M,Not Provided
2627,04092025271,FUJISAN @ SAM'S CLUB,2537 S SAUNDERS ST,,RALEIGH,NC,27603,(919) 839-1700,1562907600000,2 - Food Stands,-78.64662048,35.75036893,M,Not Provided
2628,04092025270,FUJISAN,11460 ROYAL COTTON RD ,,WAKE FOREST,NC,27587,(919) 263-6134,1562907600000,2 - Food Stands,-78.53862825,35.9567568,M,Not Provided
2629,04092025272,HARRIS TEETER #496 MEAT/SEAFOOD,940 US 64 HWY W,,APEX,NC,27523-7184,,1563166800000,2 - Food Stands,-78.82197009,35.74562543,M,Not Provided
2630,04092025273,HARRIS TEETER #496 PRODUCE,940 US 64 HWY W,,APEX,NC,27523-7184,,1563166800000,2 - Food Stands,-78.82197009,35.74562543,M,Not Provided
2631,04092025274,HARRIS TEETER #496 DELI,940 US 64 HWY W,,APEX,NC,27523-7184,,1563166800000,2 - Food Stands,-78.82197009,35.74562543,M,Not Provided
2632,04092025277,APEX HIGH SCHOOL CULINARY ARTS,1501 LAURA DUNCAN RD,,APEX,NC,27523-1539,,1564635600000,2 - Food Stands,-78.83842351,35.74580476,M,Not Provided
2633,04092025280,HARRIS TEETER #494 PRODUCE,1273 NW MAYNARD RD,,CARY,NC,27513,,1566795600000,2 - Food Stands,-78.81194009,35.78535151,M,Not Provided
2634,04092025275,LOVE BAO TAIWANESE KITCHEN,1961 HIGH HOUSE RD ,,CARY,NC,27519,(919) 622-3586,1563771600000,2 - Food Stands,-78.84865558,35.78922067,M,Not Provided
2635,04092025281,HARRIS TEETER #494 MEAT/SEAFOOD,1273 NW MAYNARD RD,,CARY,NC,27513,,1566795600000,2 - Food Stands,-78.81194009,35.78535151,M,Not Provided
2636,04092025282,ALIMENTARI,500 E DAVIE ST,SUITE 136,RALEIGH,NC,27601,(919) 316-0468,1568696400000,2 - Food Stands,-78.63206282,35.77487676,M,Not Provided
2637,04092025286,MARCO'S PIZZA #8403,1487 KELLY RD,,APEX,NC,27502-9572,(919) 446-5555,1571979600000,2 - Food Stands,-78.89528074,35.73604019,M,Not Provided
2638,04092025292,KITCHEN ARCHIVE,2161 S WILMINGTON ST ,,RALEIGH,NC,27603,(919) 920-6309,1572930000000,2 - Food Stands,-78.63902823,35.7520526,M,Not Provided
2639,04092025288,FOOD LION #2244 DELI,7905 FALLS OF NEUSE RD,,RALEIGH,NC,27615,(919) 847-8159,1572325200000,2 - Food Stands,-78.62699797,35.89303807,M,Not Provided
2640,04092025289,FOOD LION #2244 PRODUCE,7905 FALLS OF NEUSE RD,,RALEIGH,NC,27615,(919) 847-8159,1572325200000,2 - Food Stands,-78.62699797,35.89303807,M,Not Provided
2641,04092025307,THE PANINI CO @ MSFH,411 W MORGAN ST,,RALEIGH,NC,27603,(919) 414-2291,1580101200000,2 - Food Stands,-78.6456934,35.77945659,M,Not Provided
2642,04092025294,HARRIS TEETER #330 STARBUCKS,1151 TRYON VILLAGE DR,,CARY,NC,27518,(919) 233-3476,1574744400000,2 - Food Stands,-78.74322595,35.74716476,M,Not Provided
2643,04092025314,THE BUTCHER'S MARKET- CATERING,1540 DUNN RD,160,RALEIGH,NC,27614,(919) 747-9802,1592888400000,2 - Food Stands,-78.58619614,35.92540089,M,Not Provided
2644,04092025320,PUBLIX #1652  DELI,417 W PEACE ST,100,RALEIGH,NC,27603-1133,(919) 755-5444,1599022800000,2 - Food Stands,-78.64489989,35.787898,M,Not Provided
2645,04092025321,PUBLIX #1652 PRODUCE,417 W PEACE ST,100,RALEIGH,NC,27603-5017,(919) 755-5444,1599022800000,2 - Food Stands,-78.64489989,35.787898,M,Not Provided
2646,04092025322,PUBLIX #1652 SEAFOOD,417 W PEACE ST,100,RALEIGH,NC,27603-5017,(919) 755-5444,1599022800000,2 - Food Stands,-78.64489989,35.787898,M,Not Provided
2647,04092025323,OPA! RALEIGH @MSFH,411 W MORGAN ST ,,RALEIGH,NC,27603,(919) 868-2434,1600664400000,2 - Food Stands,-78.6456934,35.77945659,M,Not Provided
2648,04092025325,DIJLAH MARKET AND GRILL,3917 WESTERN BLVD ,,RALEIGH,NC,27606,(919) 758-8003,1603083600000,2 - Food Stands,-78.69135662,35.78400108,M,Not Provided
2649,04092025328,WEGMANS #139 MEAT/SEAFOOD/DELI/CHEESE/VEG/FRUIT PR,3710 DAVIS DR,,CARY,NC,27519,(919) 415-0210,1604293200000,2 - Food Stands,-78.85023041,35.82831809,M,Not Provided
2650,04092025318,EL MANDADO SUPERMARKET-MEAT/SEAFOOD DEPT,2950 E MILLBROOK RD,,RALEIGH,NC,27604-2816,(919) 878-1800,1598763600000,2 - Food Stands,-78.58256557,35.84853241,M,Not Provided
2651,04092025332,JAVY'S DELEITE @TKA,2201 S WILMINGTON ST ,,RALEIGH,NC,27603,(984) 286-8379,1605589200000,2 - Food Stands,-78.63902823,35.7520526,M,Not Provided
2652,04092025329,REFUEL 108,7220 SIX FORKS RD ,,RALEIGH,NC,27615,(919) 847-2606,1605589200000,2 - Food Stands,-78.64508754,35.87865423,M,Not Provided
2653,04092025330,REFUEL 114,13250 NEW FALLS OF NEUSE  RD ,,RALEIGH,NC,27614,(919) 554-3148,1605589200000,2 - Food Stands,-78.56042457,35.94164479,M,Not Provided
2654,04092025333,JUICEKEYS -  HUB,5011 FALLS OF NEUSE  RD ,B,RALEIGH,NC,27609,(984) 500-0078,1604466000000,2 - Food Stands,-78.61557639,35.84978224,M,Not Provided
2655,04092025334,MAT-JIB,1961 HIGH HOUSE RD,,CARY,NC,27519,(919) 969-3614,1608094800000,2 - Food Stands,-78.84865558,35.78922067,M,Not Provided
2656,04092025345,GREEK CUISINE,4325 GLENWOOD AVE ,STE 2043,RALEIGH,NC,27612,,1614574800000,2 - Food Stands,-78.67900996,35.83931725,M,Not Provided
2657,04092025338,LOWES FOODS #262 MEAT/SEAFOOD,687 MILLS PARK DR,,CARY,NC,27519,(919) 297-2995,1613451600000,2 - Food Stands,-78.89712107,35.80863492,M,Not Provided
2658,04092025337,BUL BOX NORTH HILLS,4421 SIX FORKS RD ,SUITE 116 A,RALEIGH,NC,27609,(984) 200-3654,1610341200000,2 - Food Stands,-78.64349731,35.8401699,M,Not Provided
2659,04092025339,LOWES FOODS #262 PRODUCE,687 MILLS PARK DR,,CARY,NC,27519,(919) 297-2995,1613451600000,2 - Food Stands,-78.89712107,35.80863492,M,Not Provided
2660,04092025346,CHOPSTICKS   FORKS @ MSFH,411 W MORGAN ST ,,RALEIGH,NC,27603,(919) 673-8181,1615352400000,2 - Food Stands,-78.6456934,35.77945659,M,Not Provided
2661,04092025347,STOP   QUICK,1321 S BLOUNT ST,,RALEIGH,NC,27601,(919) 833-8200,1616043600000,2 - Food Stands,-78.63664181,35.76383183,M,Not Provided
2662,04092025349,BOURBON STREET KITCHEN,4325 GLENWOOD AVE,SUITE 2055,RALEIGH,NC,27612,(919) 787-8993,1616648400000,2 - Food Stands,-78.67900996,35.83931725,M,Not Provided
2663,04092025350,WEGMANS #108 MEAT   DELI,1200 WAKE TOWN DR ,,RALEIGH,NC,27609,(984) 960-5600,1603947600000,2 - Food Stands,-78.62082881,35.82131683,M,Not Provided
2664,04092025348,"WEGMANS #145 MEAT, SEAFOOD DELI CHEESE WALK INS PR",11051 LIGON MILL RD ,,WAKE FOREST,NC,27857,(919) 575-3800,1616475600000,2 - Food Stands,-78.53369932,35.96402779,M,Not Provided
2665,04092025357,BOMBAY CENTRAL CAFE,10966 CHAPEL HILL RD ,,MORRISVILLE,NC,27560,(919) 439-9030,1618203600000,2 - Food Stands,-78.84122141,35.85590291,M,Not Provided
2666,04092025363,DOMINO'S PIZZA #4495,10411 MONCREIFFE RD ,STE 101,RALEIGH,NC,27617,(919) 957-2929,1622782800000,2 - Food Stands,-78.79210026,35.89996606,M,Not Provided
2667,04092025374,TOWN BANK CENTER,4600 TRINITY RD ,,RALEIGH,NC,27607,(919) 730-5187,1629176400000,2 - Food Stands,-78.71758269,35.80167817,M,Not Provided
2668,04092025383,REYNOLDS COLISEUM #1,2411 DUNN AVE ,,RALEIGH,NC,27695,(919) 730-5187,1629435600000,2 - Food Stands,-78.67872314,35.78447976,M,Not Provided
2669,04092025384,REYNOLDS COLISEUM #2,2411 DUNN AVE ,,RALEIGH,NC,27695,(919) 730-5187,1629435600000,2 - Food Stands,-78.67872314,35.78447976,M,Not Provided
2670,04092025390,LITTLE CAESARS #67,100 WAKELON ST ,,ZEBULON,NC,27597,(919) 269-7211,1632373200000,2 - Food Stands,-78.31858232,35.83228581,M,Not Provided
2671,04092025393,LITTLE CAESARS #39,203 TIMBER  DR ,,GARNER,NC,27529,(919) 772-7775,1632459600000,2 - Food Stands,-78.60613274,35.68500311,M,Not Provided
2672,04092025392,LITTLE CAESARS #40,1320  N MAIN ST ,,FUQUAY-VARINA,NC,27526,(919) 552-8688,1632459600000,2 - Food Stands,-78.77764161,35.59047463,M,Not Provided
2673,04092025397,PIZZA TWIST,3735 DAVIS DR ,SUITE 121,MORRISVILLE,NC,27560,(919) 378-9008,1633928400000,2 - Food Stands,-78.85587816,35.83375434,M,Not Provided
2674,04092025391,LITTLE CAESARS #75,6727-B  KNIGHTDALE BLVD ,,KNIGHTDALE,NC,27545,(919) 665-6781,1632373200000,2 - Food Stands,-78.50344844,35.79796133,M,Not Provided
2675,04092025401,COSTCO WHOLESALE #1587 MEAT DEPARTMENT,7800 FAYETTEVILLE RD,,RALEIGH,NC,54322-7603,(984) 810-5038,1638334800000,2 - Food Stands,-78.69889946,35.6686402,M,Not Provided
2676,04092025402,COSTCO WHOLESALE #1587 ROTISSERIE/DELI,7800 FAYETTEVILLE RD ,,RALEIGH,NC,54322-7603,(984) 810-5038,1638334800000,2 - Food Stands,-78.69889946,35.6686402,M,Not Provided
2677,04092025403,PUBLIX #1744 MEAT/SEAFOOD,2257 WENDELL FALLS PKWY,,WENDELL,NC,27591,(919) 365-7055,1638421200000,2 - Food Stands,-78.43555679,35.77644083,M,Not Provided
2678,04092025404,PUBLIX #1744 PRODUCE,2257 WENDELL FALLS PKWY,,WENDELL,NC,27591,(919) 365-7055,1638421200000,2 - Food Stands,-78.43555679,35.77644083,M,Not Provided
2679,04092025405,SHAKE SHACK @ LENOVO CENTER,1400 EDWARDS MILL RD,,RALEIGH,NC,27607,(919) 861-7129,1638421200000,2 - Food Stands,-78.72293853,35.80324451,M,Not Provided
2680,04092025408,TARGET SNACK BAR   PIZZA HUT EXPRESS,12000 RETAIL  DR ,,WAKE FOREST,NC,27587,(919) 761-1001,1637557200000,2 - Food Stands,-78.54185066,35.97418205,M,Not Provided
2681,04092025410,DOMINO'S PIZZA #5506,3948  WESTERN BLVD ,,RALEIGH,NC,27605,(919) 899-3599,1643691600000,2 - Food Stands,-78.69252396,35.78575692,M,Not Provided
2682,04092025411,DOMINO'S PIZZA #5591,735 US HWY 70 W ,,GARNER,NC,27529,(919) 779-6600,1643605200000,2 - Food Stands,-78.62671923,35.71226294,M,Not Provided
2683,04092025412,DOMINO'S PIZZA #4486,2603 GLENWOOD AVE ,SUITE 131,RALEIGH,NC,27608,(919) 783-8803,1643691600000,2 - Food Stands,-78.66062738,35.81550133,M,Not Provided
2684,04092025413,DOMINO'S #5501,2658 S SAUNDERS ST ,,RALEIGH,NC,27603,(704) 588-2611,1643605200000,2 - Food Stands,-78.64933605,35.74572619,M,Not Provided
2685,04092025414,FOOD ALL THE TIME @TKA,2161 S WILMINGTON ST ,,RALEIGH,NC,27603,(919) 985-3779,1643864400000,2 - Food Stands,-78.63902823,35.7520526,M,Not Provided
2686,04092025415,DOMINO'S #5500,3677  NEW BERN AVE ,,RALEIGH,NC,27610,(919) 231-6007,1643605200000,2 - Food Stands,-78.57924099,35.79885208,M,Not Provided
2687,04092025421,GRACE'S KITCHEN CATERING @ TKA,2161 S WILMINGTON ST,,RALEIGH,NC,27603,(919) 909-4920,1645333200000,2 - Food Stands,-78.63902823,35.7520526,M,Not Provided
2688,04092025420,CASABLANCA  MARKET,1365 SE MAYNARD RD,,CARY,NC,27511,(919) 469-5671,1645160400000,2 - Food Stands,-78.76443201,35.78847518,M,Not Provided
2689,04092025425,DOSE YOGA   SMOOTHIE BAR,415 N HARRINGTON ST ,,RALEIGH,NC,27603-1323,(704) 860-2414,1645765200000,2 - Food Stands,-78.64517014,35.78610909,M,Not Provided
2690,04092025427,JET'S PIZZA NC05,8365 CREEDMOOR RD ,,RALEIGH,NC,27613,(919) 845-3337,1647320400000,2 - Food Stands,-78.68223246,35.90105464,M,Not Provided
2691,04092025432,DOAK FIELD AT DAIL PARK NCSU BASEBALL 1ST BASE CON,1081 VARSITY  DR ,,RALEIGH,NC,27607,(919) 730-5187,1645160400000,2 - Food Stands,-78.67872314,35.78447976,M,Not Provided
2692,04092025433,DOAK FIELD AT DAIL PARK NCSU BASEBALL 3RD BASE CON,1081 VARSITY  DR ,,RALEIGH,NC,27607,(919) 730-5187,1645160400000,2 - Food Stands,-78.67872314,35.78447976,M,Not Provided
2693,04092025426,PAPA JOHN'S 5184,10236 GREEN LEVEL CHURCH RD,,CARY,NC,27519,(919) 439-2074,1646715600000,2 - Food Stands,-78.9017133,35.82482525,M,Not Provided
2694,04092025434,PACO'S PIZZA,3325 ROGERS RD ,UNIT 101,WAKE FOREST,NC,27587,(919) 523-5670,1649134800000,2 - Food Stands,-78.51408375,35.95072814,M,Not Provided
2695,04092025438,STEVE'S PLACE,6320 CAPITAL  BLVD ,,RALEIGH,NC,27616,(919) 872-2222,1655096400000,2 - Food Stands,-78.57847149,35.87073431,M,Not Provided
2696,04092025435,DOMINO'S #8932,115 PARKSIDE VALLEY DR ,SUITE 20,MORRISVILLE,NC,27560,(919) 897-8800,1649307600000,2 - Food Stands,-78.85684582,35.83930801,M,Not Provided
2697,04092025441,THE BUTCHER'S MARKET HERITAGE,1898 S FRANKLIN  ST ,,WAKE FOREST,NC,27587,(919) 263-9367,1653022800000,2 - Food Stands,-78.50941468,35.95135713,M,Not Provided
2698,04092025447,CRISP SALAD,4325 GLENWOOD AVE ,SUITE 2045,RALEIGH,NC,27612,(919) 641-4708,1658725200000,2 - Food Stands,-78.67900996,35.83931725,M,Not Provided
2699,04092025452,COMPARE FOODS PRODUCE MARKET,320 N ARENDELL  AVE ,,ZEBULON,NC,27597,(919) 269-9481,1659330000000,2 - Food Stands,-78.31372374,35.82428456,M,Not Provided
2700,04092025457,PICO DE GALLO,102 W FOURTH ST ,,WENDELL,NC,27591,(919) 626-0009,1661490000000,2 - Food Stands,-78.37128046,35.7830305,M,Not Provided
2701,04092025454,REEF KITCHEN FOOD HALL @ RDU,2400 JOHN BRANTLEY BLVD. ,,MORRISVILLE,NC,27560,(919) 840-2123,1655960400000,2 - Food Stands,-78.7893961,35.86970016,M,Not Provided
2702,04092025450,KNIGHTDALE HIGH SCHOOL BASEBALL CONCESIONS,101 BRYAN CHALK LN ,,KNIGHTDALE,NC,27545,(984) 234-8298,1659589200000,2 - Food Stands,-78.47475666,35.81030075,M,Not Provided
2703,04092025459,LITTLE CAESARS PIZZA #2002-12,4610 CAPITAL  BLVD ,,RALEIGH,NC,27604,(919) 877-8600,1663218000000,2 - Food Stands,-78.57926433,35.84834257,M,Not Provided
2704,04092025461,REFUEL #176,6700 HILBURN DR ,,RALEIGH,NC,27613,(919) 322-2790,1665550800000,2 - Food Stands,-78.71533778,35.87241732,M,Not Provided
2705,04092025460,COMMUNITY COMMISSARY GARNER,160 SOMMERVILLE PARK RD ,,RALEIGH,NC,27603,(919) 594-4767,1664341200000,2 - Food Stands,-78.65005756,35.69421011,M,Not Provided
2706,04092025462,MISS CHANG AN,311 ASHVILLE AVE ,STE J,CARY,NC,27518,(919) 890-5011,1665637200000,2 - Food Stands,-78.78493552,35.73790444,M,Not Provided
2707,04092025464,GRAZIN GALS@TKA,2161 S WILMINGTON  ST ,,RALEIGH,NC,27603,(919) 406-4628,1666328400000,2 - Food Stands,-78.63902823,35.7520526,M,Not Provided
2708,04092025470,SHEILA'S AUSSIE BAKERY,160 SOMMERVILLE PARK RD ,,RALEIGH,NC,27603,(603) 545-1642,1668488400000,2 - Food Stands,-78.65005756,35.69421011,M,Not Provided
2709,04092025471,FLAVOR DISTRICT,11016 CAPITAL BLVD,,WAKE FOREST,NC,27587,(919) 263-8837,1668747600000,2 - Food Stands,-78.53774541,35.94776496,M,Not Provided
2710,04092025477,CANAIMA PASTELITOS,11016 CAPITAL BLVD,,WAKE FOREST,NC,27587,(919) 867-8601,1669179600000,2 - Food Stands,-78.53774541,35.94776496,M,Not Provided
2711,04092025489,7/11,801 AIRPORT BLVD,,MORRISVILLE,NC,27560,(336) 937-2496,1670389200000,2 - Food Stands,-78.82561874,35.85448991,M,Not Provided
2712,04092025453,STARBUCKS IN TARGET,4191 THE CIRCLE AT NORTH HILLS ,,RALEIGH,NC,27609,(919) 781-9848,1655960400000,2 - Food Stands,-78.64231689,35.83634541,M,Not Provided
2713,04092025491,AUNTIE ANNE'S,4325 GLENWOOD AVE ,SUITE 2102,RALEIGH,NC,27612,(919) 781-9946,1671426000000,2 - Food Stands,-78.67900996,35.83931725,M,Not Provided
2714,04092025493,BIG CHEESE PIZZA,1030 N ROGERS  LN ,,RALEIGH,NC,27610,(919) 792-2245,1673326800000,2 - Food Stands,-78.54837151,35.79167791,M,Not Provided
2715,04092025492,CURRY IN A HURRY @ COMMUNITY COMMISSARY,160 SOMMERVILLE PARK RD,,GARNER,NC,27603,(919) 606-4085,1670216400000,2 - Food Stands,-78.65005756,35.69421011,M,Not Provided
2716,04092025495,DONOVAN'S DISH,107 EDINBURGH SOUTH DR,131,CARY,NC,27511,(919) 651-8309,1676005200000,2 - Food Stands,-78.79806693,35.73669743,M,Not Provided
2717,04092025496,"TOP THIS! CATERING, LLC",120 DRY AVE ,,CARY,NC,27511,(919) 744-8338,1676264400000,2 - Food Stands,-78.78306284,35.78337276,M,Not Provided
2718,04092025498,GYM TACOS 4 @ MSFH,411 W. MORGAN ST ,,RALEIGH,NC,27603,(984) 500-7176,1677646800000,2 - Food Stands,-78.6456934,35.77945659,M,Not Provided
2719,04092025497,FIIZ DRINKS,7401 SUNSET LAKE RD,,FUQUAY-VARINA,NC,27526,(919) 278-7350,1677560400000,2 - Food Stands,-78.77604627,35.59548797,M,Not Provided
2720,04092025503,ALLEYCAT FOODS @ FLAVOR DISTRICT,11016 CAPITAL BLVD,,WAKE FOREST,NC,27587,(347) 388-6006,1676350800000,2 - Food Stands,-78.53774541,35.94776496,M,Not Provided
2721,04092025511,THE COOKHOUSE,1214 E LENOIR ST,,RALEIGH,NC,27610,(919) 612-3066,1683522000000,2 - Food Stands,-78.62079848,35.77206859,M,Not Provided
2722,04092025507,CHICKEN BEE,1961 HIGH HOUSE RD ,,CARY,NC,27519,(984) 480-8576,1681102800000,2 - Food Stands,-78.84865558,35.78922067,M,Not Provided
2723,04092025522,NORTH WAKE COUNTY BASEBALL CONCESSION STAND,1845 GRANDMARK ST ,,WAKE FOREST,NC,27587,(919) 744-9949,1690261200000,2 - Food Stands,-78.52343125,35.94940405,M,Not Provided
2724,04092025525,BAREBAKED PIZZA @ MSFH,411 W MORGAN ST ,BOX 12,RALEIGH,NC,27603,(919) 886-2200,1690952400000,2 - Food Stands,-78.6456934,35.77945659,M,Not Provided
2725,04092025529,SOUTH GARNER HIGH SCHOOL CULINARY LAB,8228 HEBRON CHURCH RD,,GARNER,NC,27529,,1692334800000,2 - Food Stands,-78.57968267,35.6550237,M,Not Provided
2726,04092025532,JENI'S SPLENDID ICE CREAMS,2014 CAMERON ST,,RALEIGH,NC,27605,(984) 259-1397,1692853200000,2 - Food Stands,-78.66105896,35.79148992,M,Not Provided
2727,04092025526,KUNG FU TEA,1961 HIGH HOUSE RD,,CARY,NC,27519,,1691125200000,2 - Food Stands,-78.84865558,35.78922067,M,Not Provided
2728,04092025535,CARTHAGE FRESH @ TKA,2161 S WILMINGTON ST ,,RALEIGH,NC,27603,(323) 304-7953,1695877200000,2 - Food Stands,-78.63902823,35.7520526,M,Not Provided
2729,04092025536,TAQUERIA SANJUAN,410 W GANNON AVE ,,ZEBULON,NC,27597,(919) 455-8661,1695358800000,2 - Food Stands,-78.32298516,35.82163006,M,Not Provided
2730,04092025538,CHICK-FIL-A LENOVO CENTER,1400 EDWARDS MILL RD,,RALEIGH,NC,27607,(919) 610-8375,1697605200000,2 - Food Stands,-78.72293853,35.80324451,M,Not Provided
2731,04092025542,THE KITCHEN SPACE,3805 S WILMINGTON ST,,RALEIGH,NC,27603,,1699333200000,2 - Food Stands,-78.64840838,35.72742869,M,Not Provided
2732,04092025545,REFUEL,7008 GB ALFORD HWY ,,HOLLY SPRINGS,NC,27540,,1700024400000,2 - Food Stands,-78.83148292,35.63698654,M,Not Provided
2733,04092025546,RISE BISCUITS,575 NEW WAVERLY PL,SUITE 104A,CARY,NC,27518,(984) 228-6258,1700456400000,2 - Food Stands,-78.77756452,35.73853427,M,Not Provided
2734,04092025548,COMMUNITY DELI,901 OBERLIN RD ,,RALEIGH,NC,27605,(919) 819-2424,1701406800000,2 - Food Stands,-78.6612343,35.79562891,M,Not Provided
2735,04092025547,JETS PIZZA,3420 TEN TEN RD,SUITE 308,CARY,NC,27518,(919) 230-0083,1701061200000,2 - Food Stands,-78.79278394,35.70189503,M,Not Provided
2736,04092025549,THE BUTCHER'S MARKET,2414 WYCLIFF RD.,STE 103,RALEIGH,NC,27607,(919) 615-0512,1701320400000,2 - Food Stands,-78.69299571,35.81676957,M,Not Provided
2737,04092025551,SANGAM CAFE SATELLITE LOCATION,100 JERUSALEM DR,,MORRISVILLE,NC,27560,,1701752400000,2 - Food Stands,-78.827069,35.85101709,M,Not Provided
2738,04092025555,UNREAL CURRY AT FLAVOR DISTRICT,11016 CAPITAL BLVD,,WAKE FOREST,NC,27587,(336) 312-5531,1702011600000,2 - Food Stands,-78.53774541,35.94776496,M,Not Provided
2739,04092025560,SUVIDHA DELI,744 HUNTER ST,,APEX,NC,27502,(919) 267-4901,1704171600000,2 - Food Stands,-78.86225058,35.73625736,M,Not Provided
2740,04092025553,STARBUCKS #8495,9630 FALLS OF NEUSE RD,SUITE 101,RALEIGH,NC,27615,(919) 902-0510,1702875600000,2 - Food Stands,-78.60013448,35.90523089,M,Not Provided
2741,04092025557,L.A.M.I FILIPINO FOOD AT FLAVOR DISTRICT,11016 CAPITAL BLVD,,WAKE FOREST,NC,27587,(201) 920-2311,1701838800000,2 - Food Stands,-78.53774541,35.94776496,M,Not Provided
2742,04092025561,DOMINO'S #5510,4237-103 LOUISBURG RD ,,RALEIGH,NC,27604,(919) 872-7222,1704344400000,2 - Food Stands,-78.57804916,35.84169182,M,Not Provided
2743,04092025562,TASTEFULLY SERVED @ THE KITCHEN SPACE,3805 S WILMINGTON ST,SUITE 34,RALEIGH,NC,27603,(919) 760-5134,1704344400000,2 - Food Stands,-78.64840838,35.72742869,M,Not Provided
2744,04092025564,SCOOP DOGZ,1411 AVERSBORO RD,111,GARNER,NC,27529-4590,,1705554000000,2 - Food Stands,-78.61624516,35.69375078,M,Not Provided
2745,04092025567,REFUEL #1187,8051 TARGET SIDE DR,,RALEIGH,NC,27616,(984) 365-9302,1707195600000,2 - Food Stands,-78.56579891,35.86699207,M,Not Provided
2746,04092025568,BAKERY STORY @ THE KITCHEN SPACE,3805 S WILMINGTON ST,,RALEIGH,NC,27603,(224) 501-1521,1707800400000,2 - Food Stands,-78.64840838,35.72742869,M,Not Provided
2747,04092025570,REFUEL #1180,8710 GLENWOOD AVE,,RALEIGH,NC,27617,,1708318800000,2 - Food Stands,-78.74405677,35.88733073,M,Not Provided
2748,04092025575,GARNER RECREATIONAL PARK CONCESSION,221 E GARNER RD ,,GARNER,NC,27529,,1709787600000,2 - Food Stands,-78.60281099,35.7094451,M,Not Provided
2749,04092025574,SOUTH GARNER PARK CONCESSION,1210 POOLE DR ,,GARNER,NC,27529,,1709787600000,2 - Food Stands,-78.62713066,35.69221144,M,Not Provided
2750,04092025576,KINZAAP KITCHEN @ FLAVOR DISTRICT,11016 CAPITAL BLVD,,WAKE FOREST,NC,27587,(919) 397-5102,1709182800000,2 - Food Stands,-78.53774541,35.94776496,M,Not Provided
2751,04092025580,CHE EMPANADAS,5800 DURALEIGH RD,,RALEIGH,NC,27612,(919) 594-1909,1711342800000,2 - Food Stands,-78.71190154,35.85736049,M,Not Provided
2752,04092025577,HERITAGE LAKE POOL BAR   GRILL,804 HERITAGE LAKE RD,,WAKE FOREST,NC,27587,(919) 796-2464,1710997200000,2 - Food Stands,-78.50126892,35.95093438,M,Not Provided
2753,04092025578,UMSTEAD POOL BAR,100 WOODLAND POND DR,,CARY,NC,27513,,1711429200000,2 - Food Stands,-78.76458185,35.82989317,M,Not Provided
2754,04092025582,NATIVE CITIZEN AT TKA,2161 S WILMINGTON ST,,RALEIGH,NC,27603,(919) 438-2602,1712811600000,2 - Food Stands,-78.63902823,35.7520526,M,Not Provided
2755,04092025583,WINGSTOP #2032,"1619 CROSSLINK RD, STE 100",,RALEIGH,NC,27610,(919) 977-4111,1714021200000,2 - Food Stands,-78.6148089,35.7548246,M,Not Provided
2756,04092025585,CHICK-FIL-A #01466,5959 TRIANGLE TOWN BLVD,FC1104,RALEIGH,NC,27616,(919) 792-2214,1714539600000,2 - Food Stands,-78.576038,35.86600165,M,Not Provided
2757,04092025590,OLD NORTH STATE CATERING,160 SOMMERVILLE PARK  RD ,,RALEIGH,NC,27603,(919) 622-4792,1716181200000,2 - Food Stands,-78.65005756,35.69421011,M,Not Provided
2758,04092025591,WINGS   TURKEY BBQ @ FLAVOR DISTRICT,11016 CAPITAL BLVD,,WAKE FOREST,NC,27587,(984) 303-9832,1713243600000,2 - Food Stands,-78.53774541,35.94776496,M,Not Provided
2759,04092025596,PEI WEI #4325,4325 GLENWOOD AVE,SUITE 2035,RALEIGH,NC,27612,,1717563600000,2 - Food Stands,-78.67900996,35.83931725,M,Not Provided
2760,04092025598,JIMMY JOHN'S (FAY. ST.),437 FAYETTEVILLE ST ,,RALEIGH,NC,27601,(309) 454-2811,1718600400000,2 - Food Stands,-78.63936489,35.77440851,M,Not Provided
2761,04092025592,"DAVE'S BURGERS, HOT DOGS & TACOS",11016 CAPITAL BLVD,,WAKE FOREST,NC,27587,(919) 920-6309,1715144400000,2 - Food Stands,-78.53774541,35.94776496,M,Not Provided
2762,04092025600,HUNGRY HOWIES,1814 OBERLIN RD ,SUITE 106,RALEIGH,NC,27608,(919) 789-0001,1719464400000,2 - Food Stands,-78.65503998,35.8085905,M,Not Provided
2763,04092025602,DOLCI SAPORI,3805 S WILMINGTON ST,,RALEIGH,NC,27603,(901) 530-6020,1721278800000,2 - Food Stands,-78.64840838,35.72742869,M,Not Provided
2764,04092025603,THE MAC HOUSE AT FLAVOR DISTRICT,11016 CAPITAL BLVD,,WAKE FOREST,NC,27587,(919) 696-1120,1720760400000,2 - Food Stands,-78.53774541,35.94776496,M,Not Provided
2765,04092025599,DOMINOS #5504,7315 SIX FORKS RD ,,RALEIGH,NC,27615,(919) 847-8855,1718859600000,2 - Food Stands,-78.64730313,35.88064315,M,Not Provided
2766,04092025608,UNION STATION DELI AND CATERING,510 W MARTIN ST,,RALEIGH,NC,27603,(984) 325-5733,1724130000000,2 - Food Stands,-78.64728872,35.77702575,M,Not Provided
2767,04092025609,NORTHSIDE FISH MARKET,2275 NEW HOPE CHURCH RD ,,RALEIGH,NC,27604,(919) 850-0891,1723525200000,2 - Food Stands,-78.60062541,35.83624582,M,Not Provided
2768,04092025610,HEAVENLY BUFFALOES GLENWOOD,6701 GLENWOOD AVE,101,RALEIGH,NC,27612,,1724734800000,2 - Food Stands,-78.7103792,35.86050216,M,Not Provided
2769,04092025611,SUSHI WITH GUSTO AT PAVILLION CAFE,2610 CATES AVE,,RALEIGH,NC,27607,(919) 515-4258,1725512400000,2 - Food Stands,-78.67872314,35.78447976,M,Not Provided
2770,04092030117,PUPUSERIA EL SALVADOR (WCID #403),15 JONES FRANKLYN RD ,,RALEIGH,NC,27606,(919) 625-4405,1092978000000,3 - Mobile Food,-78.72110136,35.78550375,M,Not Provided
2771,04092030118,TAQUERIA LO MEJOR ACAPULCO #1 (WCID #448),8228 RIDGEBACK RD ,M-F 11AM-3PM,APEX,NC,27523,(919) 327-8932,1090990800000,3 - Mobile Food,-78.91775664,35.78221876,M,Not Provided
2772,04092030136,TAQUERIA ESMERALDA (WCID #031),413 AIRPORT BLVD ,4/10 MILE FROM CHAPEL HILL RD ON LEFT,MORRISVILLE,NC,27560,(919) 395-6238,1119330000000,3 - Mobile Food,-78.8299005,35.84390533,M,Not Provided
2773,04092030158,FOODLAND MOBILE FOOD UNIT (WCID #170),11 W JONES ST ,,RALEIGH,NC,27601,(919) 798-0590,1130216400000,3 - Mobile Food,-78.63943264,35.78220966,M,Not Provided
2774,04092028050,CHOP SHOP,210 E SIX FORKS RD ,,RALEIGH,NC,27609,(919) 696-4603,1549861200000,2 - Food Stands,-78.62990463,35.82145907,M,Not Provided
2775,04092030180,A TASTE OF NEW YORK #3 ( WCID #366),201 S WEST ST ,,RALEIGH,NC,27603,(919) 345-8138,1192770000000,3 - Mobile Food,-78.64560315,35.77782018,M,Not Provided
2776,04092030110,A TASTE OF NEW YORK #4 (WCID #007),301-H W HARGETT ST ,,RALEIGH,NC,27602,(919) 846-9863,1080795600000,3 - Mobile Food,-78.64353827,35.7783584,M,Not Provided
2777,04092030207,TACOS CAMPA (WCID #353),18 W THIRD ST ,,WENDELL,NC,27591,(919) 365-0069,1236920400000,3 - Mobile Food,-78.37068381,35.78150866,M,Not Provided
2778,04092030238,EL PARAISO MEXICAN FOOD (WCID #242),1505 CAPITAL BLVD ,,RALEIGH,NC,27604,(919) 859-2544,1330578000000,3 - Mobile Food,-78.63041881,35.80238791,M,Not Provided
2779,04092030234,CHICK-N-QUE II (WCID #425),903 N SMITHFIELD RD,,KNIGHTDALE,NC,27545,(919) 369-7788,1324357200000,3 - Mobile Food,-78.48796386,35.7957655,M,Not Provided
2780,04092030195,SPECIALTY SOUTH DBA WICKED LINKS (WCID #225),4831 GROVE BARTON RD / LOWES,,RALEIGH,NC,27613,(919) 855-8548,1213074000000,3 - Mobile Food,-78.71866353,35.86919666,M,Not Provided
2781,04092030245,LA FARM BREAD TRUCK (WCID #442),1900 N. BROAD STREET,,FUQUAY VARINA,NC,27526,(919) 657-0657,1346994000000,3 - Mobile Food,-78.80663435,35.61149905,M,Not Provided
2782,04092030251,TACO'S FELIZ (WCID #412),263 PECAN RD ,,RALEIGH,NC,27603,(919) 831-1893,1371790800000,3 - Mobile Food,-78.64793773,35.7483711,M,Not Provided
2783,04092030247,VIRGIL'S JAMAICA (WCID #443),2101  S MAIN ST ,,WAKE FOREST,NC,27587,(919) 562-5570,1353301200000,3 - Mobile Food,-78.53310175,35.94801797,M,Not Provided
2784,04092030286,JESSICA'S (WCID #540),10125 DIVISION DR ,MOBILE FOOD UNIT,RALEIGH,NC,27603,(215) 687-6420,1442811600000,3 - Mobile Food,-78.71143305,35.63398146,M,Not Provided
2785,04092030288,THE CORNER VENEZUELAN FOOD (WCID #539),903 N SMITHFIELD RD ,VARIOUS,KNIGHTDALE,NC,27545,(919) 539-6780,1441342800000,3 - Mobile Food,-78.48796386,35.7957655,M,Not Provided
2786,04092030263,CHARLIE'S KABOBS ON WHEELS (WCID #505),929 HERITAGE LAKE RD ,,WAKE FOREST,NC,27587,(919) 749-1030,1410930000000,3 - Mobile Food,-78.50377685,35.94688497,M,Not Provided
2787,04092030292,POBLANOS TACOS (WCID #543),1032 HUNTSBORO  RD ,,KNIGHTDALE,NC,27545,(919) 279-2656,1446786000000,3 - Mobile Food,-78.45819187,35.74969392,M,Not Provided
2788,04092030290,TAQUERIA LA COSTENA (WCID #537),3905 GREEN LEVEL WEST RD ,CORNER OF GREEN LEVEL WEST RD &AMP; AUTUMN SHADE D,APEX,NC,27523,(919) 244-0786,1444366800000,3 - Mobile Food,-78.91255005,35.77477794,M,Not Provided
2789,04092030312,THE ROLLING GRILL (WCID #558),7200 OLD STAGE RD ,,RALEIGH,NC,27603,(919) 673-8038,1470718800000,3 - Mobile Food,-78.65811047,35.67822411,M,Not Provided
2790,04092030314,BUOY BOWLS #1 (WCID #573),2305 SPECKLED ALDER CT ,,APEX,NC,27523,(919) 550-7748,1475038800000,3 - Mobile Food,-78.88006691,35.75731769,M,Not Provided
2791,04092030318,THE TOMATITO (WCID #375),4410 CRAFTSMAN DR ,,RALEIGH,NC,27609,(919) 717-4138,1480482000000,3 - Mobile Food,-78.60627056,35.83926973,M,Not Provided
2792,04092030317,MOONRUNNERS SALOON (WCID #577),7237 BLANEY BLUFFS LN ,,RALEIGH,NC,27606,(919) 662-5119,1479186000000,3 - Mobile Food,-78.71942328,35.69622511,M,Not Provided
2793,04092030331,CURRY IN A HURRY (WCID #599),506 PERSHING RD ,,RALEIGH,NC,27608,(919) 606-4285,1493355600000,3 - Mobile Food,-78.63364148,35.80442409,M,Not Provided
2794,04092030330,TORTAS Y TACOS EL JAROCHO (WCID #597),820 E WILLIAMS ST ,,APEX,NC,27539,(919) 210-6361,1493355600000,3 - Mobile Food,-78.84679599,35.72230577,M,Not Provided
2795,04092030332,CHICK-N-QUE III (WCID #600),903 N SMITHFIELD RD,,KNIGHTDALE,NC,27545,(919) 369-7788,1493269200000,3 - Mobile Food,-78.48796386,35.7957655,M,Not Provided
2796,04092030341,THE HEIGHTS DOMINICAN KITCHEN (WCID # 609),8808 MIRANDA DR ,,RALEIGH,NC,27617,(352) 216-8444,1498712400000,3 - Mobile Food,-78.74282368,35.91392724,M,Not Provided
2797,04092030323,GONZA TACOS (WCID #583),10005 SIX FORKS RD ,,RALEIGH,NC,27615,(919) 337-2239,1488171600000,3 - Mobile Food,-78.65046954,35.91578847,M,Not Provided
2798,04092030335,HOT CHIX I (WCID # 602),1600 OLIVE CHAPEL RD ,STE. 728,APEX,NC,27502,(919) 303-3133,1495170000000,3 - Mobile Food,-78.89057874,35.73813869,M,Not Provided
2799,04092030353,DELICIAS CHELY (WCID #591),1701 ARENDELL AVE ,,ZEBULON,NC,27597,(919) 723-7841,1516770000000,3 - Mobile Food,-78.32892315,35.84242065,M,Not Provided
2800,04092030359,BUOY BOWLS #2 (WCID #630),2305 SPECKLED ALDER CT ,,APEX,NC,27523,(919) 520-7748,1523250000000,3 - Mobile Food,-78.88006691,35.75731769,M,Not Provided
2801,04092030366,PARTY IN A PITA (WCID #641),11016 CAPITAL BLVD,,WAKE FOREST,NC,27587,(919) 454-6923,1529557200000,3 - Mobile Food,-78.53774541,35.94776496,M,Not Provided
2802,04092030370,WOODPILE BBQ (WCID #646),1120 SANDROCK LN ,,WENDELL,NC,27591,(919) 365-9663,1535432400000,3 - Mobile Food,-78.41733929,35.77529942,M,Not Provided
2803,04092030345,MR. PUEBLA TACOS (WCID #603),7700 BLANEY FRANKS RD.,,APEX,NC,27539,(919) 758-5330,1503032400000,3 - Mobile Food,-78.72529187,35.68357995,M,Not Provided
2804,04092030374,BEEFY BUNS (WCID #650),8105 NICHOLS CT ,,FUQUAY-VARINA,NC,27526,(919) 638-1572,1537246800000,3 - Mobile Food,-78.76675687,35.61649379,M,Not Provided
2805,04092030379,BALTIC BITES (WCID #669),2161 S WILMINGTON ST ,,RALEIGH,NC,27603,(919) 810-2944,1537333200000,3 - Mobile Food,-78.63902823,35.7520526,M,Not Provided
2806,04092030382,TACOS SANJUAN (WCID #656),903 N SMITHFIELD RD ,,KNIGHTDALE,NC,27575,(919) 455-8661,1543467600000,3 - Mobile Food,-78.48796386,35.7957655,M,Not Provided
2807,04092030385,POBLANO'S TACOS   MORE (WCID #660),1032 HUNTSBORO RD ,,KNIGHTDALE,NC,27545,(919) 279-2656,1544677200000,3 - Mobile Food,-78.45819187,35.74969392,M,Not Provided
2808,04092030391,CORNER BOYS BBQ (WCID #676),2161 S WILMINGTON  ST ,,RALEIGH,NC,27603,(919) 889-3882,1548910800000,3 - Mobile Food,-78.63902823,35.7520526,M,Not Provided
2809,04092030386,TAQUERIA LA ESQUINA (WCID #662),2901 US-64 HWY W ,,APEX,NC,27523,(919) 771-4596,1545368400000,3 - Mobile Food,-78.90855174,35.74484218,M,Not Provided
2810,04092030402,SWEET ESCAPES BY POBLANOS (WCID #692),1032 HUNTSBORO RD ,,KNIGHTDALE,NC,27545,(919) 279-2656,1552626000000,3 - Mobile Food,-78.45819187,35.74969392,M,Not Provided
2811,04092030398,TACOS MAMA CHAVA #1 (WCID #684),4524 OLD WAKE FOREST DR ,,RALEIGH,NC,27609,,1551416400000,3 - Mobile Food,-78.60995698,35.8419524,M,Not Provided
2812,04092030404,TACOS EL COCO LOCO (WCID #694),404 W CHATHAM ST ,,CARY,NC,27511,(919) 699-3810,1553662800000,3 - Mobile Food,-78.7884575,35.78704359,M,Not Provided
2813,04092030397,TACOS MAMA CHAVA #2 (WCID #686),7200 SANDY FORKS RD ,,RALEIGH,NC,27615,(919) 518-6710,1551243600000,3 - Mobile Food,-78.62289914,35.87198716,M,Not Provided
2814,04092030416,PACO'S TACOS (WCID #703),5490 APEX PEAKWAY ,,APEX,NC,27502,(919) 633-5880,1557378000000,3 - Mobile Food,-78.86537408,35.73684286,M,Not Provided
2815,04092030427,LEE'S KITCHEN #2 (WCID #712),4638 CAPITAL BLVD,,RALEIGH,NC,27604-4478,(919) 673-5748,1562130000000,3 - Mobile Food,-78.57926433,35.84834257,M,Not Provided
2816,04092030424,GOODNESS GRACEUS (WCID #905),2161 S WILMINGTON ST ,,RALEIGH,NC,27603,,1558328400000,3 - Mobile Food,-78.63902823,35.7520526,M,Not Provided
2817,04092030440,TACO VELOZ  (WCID #736),1312 N ARENDELL AVE,,ZEBULON,NC,27597-8732,(914) 497-2580,1567054800000,3 - Mobile Food,-78.32392723,35.83867598,M,Not Provided
2818,04092030444,AND ALSO WITH 'CUE (WCID #743),99 N SALISBURY ST,,RALEIGH,NC,27603,(919) 832-4485,1570770000000,3 - Mobile Food,-78.64073856,35.78096884,M,Not Provided
2819,04092030448,NC BURGER (WCID #731),10125 DIVISION DR ,,RALEIGH,NC,27603-5664,(919) 614-0959,1572930000000,3 - Mobile Food,-78.71143305,35.63398146,M,Not Provided
2820,04092030438,JERK MAN ISLAND CUISINE #1 (WCID #732),11016 CAPITAL BLVD ,,WAKE FOREST,NC,27587,(919) 943-7074,1566363600000,3 - Mobile Food,-78.53774541,35.94776496,M,Not Provided
2821,04092030450,EL SAZON DE HIDALGO (WCID #746),4211 CAPITAL BLVD ,11AM  TO 9PM ,RALEIGH,NC,27604,(919) 523-9084,1573189200000,3 - Mobile Food,-78.58203133,35.83846882,M,Not Provided
2822,04092030364,LILI'S KITCHEN #1 (WCID #636),18 KINTON FARM RIDGE ,,FUQUAY-VARINA,NC,27526,(919) 600-2285,1528174800000,3 - Mobile Food,-78.80874552,35.59268334,M,Not Provided
2823,04092030457,FATBOYS KITCHEN LLC #2 (WCID #631),10125  DIVISION DR ,,RALEIGH,NC,27603,(919) 798-8789,1577077200000,3 - Mobile Food,-78.71143305,35.63398146,M,Not Provided
2824,04092030452,EMPANADAS RD #1 (WCID #749),2201 S WILMINGTON ST ,,RALEIGH,NC,27603,(336) 343-2272,1574744400000,3 - Mobile Food,-78.63902823,35.7520526,M,Not Provided
2825,04092030464,ANTOJITOS MEXICANOS LA FAVORITA (WCID #753),10125  FAYETTEVILLE RD ,,FUQUAY-VARINA,NC,27526,(919) 247-4869,1581483600000,3 - Mobile Food,-78.71851537,35.62759087,M,Not Provided
2826,04092030466,FIORI TRATTORIA (WCID #755),3536 DAVIS DR,,MORRISVILLE,NC,27560-8819,(919) 625-3303,1581570000000,3 - Mobile Food,-78.84576057,35.81812092,M,Not Provided
2827,04092030478,TAQUERIA UNIVERSAL (WCID #767),6708 ZEBULON RD,,WAKE FOREST,NC,27587,(919) 397-2669,1589432400000,3 - Mobile Food,-78.42253253,35.94952929,M,Not Provided
2828,04092030469,HOT CHIX LL (WCID #756),1600 OLIVE CHAPEL RD ,STE. 728,APEX,NC,27502,(919) 398-1933,1583298000000,3 - Mobile Food,-78.89057874,35.73813869,M,Not Provided
2829,04092030482,BISCUIT HAVEN (WCID #771),2161 S WILMINGTON ST,,RALEIGH,NC,27603-2559,(919) 576-0249,1592197200000,3 - Mobile Food,-78.63902823,35.7520526,M,Not Provided
2830,04092030483,THE PYRAMIDS (WCID #598),4901 CAPITAL BLVD ,"HOME DEPOT  THU,FRI, SAT  11-3PM",RALEIGH,NC,27616-4414,(919) 559-1880,1592542800000,3 - Mobile Food,-78.58307924,35.85290498,M,Not Provided
2831,04092030491,EMPIRE EATS (WCID #783),415 ROYAL ST,,RALEIGH,NC,27607-5457,(919) 582-9470,1599109200000,3 - Mobile Food,-78.68760395,35.79365959,M,Not Provided
2832,04092030497,MEZQUITE VALLEY (WCID #788),2201 S WILMINGTON ST,,RALEIGH,NC,27603,(911) 412-4121,1601614800000,3 - Mobile Food,-78.63902823,35.7520526,M,Not Provided
2833,04092030486,BUOY BOWLS #3 (WCID #777),2305 SPECKLED ALDER CT ,,APEX,NC,27523,(919) 924-4782,1594270800000,3 - Mobile Food,-78.88006691,35.75731769,M,Not Provided
2834,04092030503,LEVY'S JERKSTAND (WCID #791),6132 KNIGHTDALE BLVD,,KNIGHTDALE,NC,27545-9667,(919) 538-2570,1604379600000,3 - Mobile Food,-78.51988875,35.79481142,M,Not Provided
2835,04092030509,LET'S EAT (WCID #796),10125 DIVISION DR,,RALEIGH,NC,27603-5664,(919) 753-5725,1608008400000,3 - Mobile Food,-78.71143305,35.63398146,M,Not Provided
2836,04092030510,TASTY TASTY TRUCK (WCID #799),2201 S WILMINGTON ST,,RALEIGH,NC,27603-2559,(503) 807-0121,1608181200000,3 - Mobile Food,-78.63902823,35.7520526,M,Not Provided
2837,04092030511,EL TOLUCO (WCID #781),4320 TEN TEN RD,VALERO GAS STATION,APEX,NC,27539-9176,(919) 593-9904,1610341200000,3 - Mobile Food,-78.7728976,35.69510903,M,Not Provided
2838,04092030520,TACOS MEXICO (WCID #811),209 E WILLIAMS ST,,APEX,NC,27502,(919) 524-5014,1612846800000,3 - Mobile Food,-78.85166491,35.72667311,M,Not Provided
2839,04092030522,MERKATO CAFE (WCID #813),209 E WILLIAMS ST,,APEX,NC,27502,(301) 768-1305,1613365200000,3 - Mobile Food,-78.85166491,35.72667311,M,Not Provided
2840,04092030519,WAKEFIELD TAVERN (WCID #809),13200 FALLS OF NEUSE RD,,RALEIGH,NC,27614,(919) 801-0322,1612846800000,3 - Mobile Food,-78.55982173,35.94075522,M,Not Provided
2841,04092030524,DELICIAS MAMA YAYA (WCID 1111),2929 CAPITAL BLVD ,,RALEIGH,NC,27604,(919) 221-4983,1614661200000,3 - Mobile Food,-78.5946249,35.81992125,M,Not Provided
2842,04092030534,CHICKEN SHACK SOUTH (WCID #823),10125 DIVISION DR,,RALEIGH,NC,27603-5664,(919) 616-6562,1618808400000,3 - Mobile Food,-78.71143305,35.63398146,M,Not Provided
2843,04092030514,PRESTI PIZZA (WCID #804),2411 E MILLBROOK RD,SUITE 106,RALEIGH,NC,27604,(919) 271-0111,1610600400000,3 - Mobile Food,-78.59474248,35.84866623,M,Not Provided
2844,04092030538,TAQUERIA LA CAPITAL (WCID #827),3505 CAPITAL BLVD,,RALEIGH,NC,27604,(984) 789-6896,1621314000000,3 - Mobile Food,-78.58692931,35.82783317,M,Not Provided
2845,04092030535,OINK N MOO (WCID #820),11016 CAPITAL BLVD ,,WAKE FOREST,NC,27587,(919) 559-6465,1618981200000,3 - Mobile Food,-78.53774541,35.94776496,M,Not Provided
2846,04092030548,NOT JUST A FRY GUY (WCID #842),2161 S WILMINGTON ST ,,RALEIGH,NC,27603,(919) 696-5056,1629435600000,3 - Mobile Food,-78.63902823,35.7520526,M,Not Provided
2847,04092030555,TACOS EL CALENTANO (WCID #850),10125 DIVISION DR,,RALEIGH,NC,56642-7603,(984) 297-3718,1637730000000,3 - Mobile Food,-78.71143305,35.63398146,M,Not Provided
2848,04092030541,J.RIVERA'S PUPUSAS (WCID #828),12305 CAPITAL BLVD,,WAKE FOREST,NC,27587,(919) 491-0022,1622523600000,3 - Mobile Food,-78.54036857,35.98248913,M,Not Provided
2849,04092030550,TAQUERIA LA MEXICANA (WCID #840),401 WAKE CHAPEL RD,,FUQUAY-VARINA,NC,27526,(919) 895-4510,1629867600000,3 - Mobile Food,-78.8000676,35.59072588,M,Not Provided
2850,04092030556,CAROLINA MOE'S BBQ (WCID #853),2161 S WILMINGTON ST ,,RALEIGH,NC,27603,(919) 717-8524,1638853200000,3 - Mobile Food,-78.63902823,35.7520526,M,Not Provided
2851,04092030563,T-N-T FISH   CHICKEN (WCID #861),10125 DIVISION  DR ,,RALEIGH,NC,27603,(984) 219-1531,1645765200000,3 - Mobile Food,-78.71143305,35.63398146,M,Not Provided
2852,04092030561,HOLLYWOOD TACO SHOP (WCID #857),2161 S WILMINGTON ST ,,RALEIGH,NC,27603,(919) 434-4483,1645074000000,3 - Mobile Food,-78.63902823,35.7520526,M,Not Provided
2853,04092030557,PUPUSAS LA ESTRELLITA  (WCID #854),10511-119 SHADOWLAWN  DR ,,RALEIGH,NC,27614,(919) 389-1449,1640062800000,3 - Mobile Food,-78.5888659,35.9079869,M,Not Provided
2854,04092030566,LILI'S KITCHEN #2 (WCID #864),10125 DIVISION DR ,,RALEIGH,NC,27603,(919) 600-2285,1646715600000,3 - Mobile Food,-78.71143305,35.63398146,M,Not Provided
2855,04092030567,JERK MAN ISLAND CUISINE #2 (WCID #865),11016 CAPITAL BLVD ,,WAKE FOREST,NC,27587,(919) 737-5958,1646888400000,3 - Mobile Food,-78.53774541,35.94776496,M,Not Provided
2856,04092030576,LEVY'S JERKSTAND (WCID #869),2201 S WILMINGTON ST ,,RALEIGH,NC,27603,(919) 637-8218,1649307600000,3 - Mobile Food,-78.63902823,35.7520526,M,Not Provided
2857,04092030581,BARE BAKED PIZZA (WCID #877),2161 S WILMINGTON  ST ,,RALEIGH,NC,27603,(919) 886-2200,1655960400000,3 - Mobile Food,-78.63902823,35.7520526,M,Not Provided
2858,04092030583,DIAMANTES TACOS (WCID #882),3587 MAITLAND DR,,RALEIGH,NC,27610,(919) 454-6199,1656651600000,3 - Mobile Food,-78.58023533,35.79733992,M,Not Provided
2859,04092030582,MR. BURRO (WCID #880),2161 S WILMINGTON ST ,,RALEIGH,NC,27603,(919) 998-9582,1655960400000,3 - Mobile Food,-78.63902823,35.7520526,M,Not Provided
2860,04092030586,COCO LOCO AND TACO LOCO WCID #883),2161 S WILMINGTON ST ,,RALEIGH,NC,27603,(919) 291-1030,1657861200000,3 - Mobile Food,-78.63902823,35.7520526,M,Not Provided
2861,04092030592,TOMBACHI RESTAURANTS (WCID #889)                  ,2161 S WILMINGTON  ST ,,RALEIGH,NC,27603,(704) 654-8119,1661403600000,3 - Mobile Food,-78.63902823,35.7520526,M,Not Provided
2862,04092030595,NAKED EMPANADAS (WCID #892) ,203 CAPCOM AVE ,,WAKE FOREST,NC,27587,(919) 559-9019,1664427600000,3 - Mobile Food,-78.52653351,35.94922371,M,Not Provided
2863,04092030569,THE BLUE WINDOW (WCID #866),2411 E MILLBROOK  RD ,#106,RALEIGH,NC,27604,(984) 900-1676,1647579600000,3 - Mobile Food,-78.59474248,35.84866623,M,Not Provided
2864,04092030596,FINCA BURGER (WCID #901),11016 CAPITAL BLVD,,WAKE FOREST,NC,27587,(919) 539-6780,1665118800000,3 - Mobile Food,-78.53774541,35.94776496,M,Not Provided
2865,04092030599,CHOP NAIJA KITCHEN (WCID #895),3520 CAPITAL  BLVD ,,RALEIGH,NC,27604,(919) 758-3571,1666328400000,3 - Mobile Food,-78.58408349,35.82807441,M,Not Provided
2866,04092030602,VIC'S PIZZA TRUCK (WCID #917),2161 S WILMINGTON ST ,,RALEIGH,NC,27603,(919) 818-4847,1670648400000,3 - Mobile Food,-78.63902823,35.7520526,M,Not Provided
2867,04092030598,TRUMAN’S SMOKE HOUSE AND KITCHEN (WCID #894),1600 OLIVE CHAPEL RD ,,APEX,NC,27502,(919) 530-9965,1666242000000,3 - Mobile Food,-78.89057874,35.73813869,M,Not Provided
2868,04092030606,CHE EMPANADAS (WCID #902),9420 FORUM DR ,#111,RALEIGH,NC,27615,(919) 920-2312,1674104400000,3 - Mobile Food,-78.65461063,35.89932731,M,Not Provided
2869,04092030607,CAPITAL COOKOUT GRILL (WCID #922),4511 NEW BERN AVE ,,RALEIGH,NC,27610,(252) 367-9945,1674104400000,3 - Mobile Food,-78.55938499,35.79875367,M,Not Provided
2870,04092030608,BOWSTRING PIZZA BUS (WCID #769),1930 WAKE FOREST RD ,,RALEIGH,NC,27608,(919) 622-0520,1674709200000,3 - Mobile Food,-78.62390256,35.80671892,M,Not Provided
2871,04092030603,ATLAS NOMADS MEDITERRANEAN CUISINE (WCID #759),2411 E MILLBROOK RD ,UNIT # 106,RALEIGH,NC,27604,(919) 348-6471,1671080400000,3 - Mobile Food,-78.59474248,35.84866623,M,Not Provided
2872,04092030617,TRUE NORTH POUTINE (WCID #915),160 SOMMERVILLE PARK DR,,RALEIGH,NC,27603,(919) 901-9797,1680584400000,3 - Mobile Food,-78.65005756,35.69421011,M,Not Provided
2873,04092030618,HAVANA SPIN (WCID #936),3587 MAITLAND DR ,,RALEIGH,NC,27610,(919) 758-4292,1680670800000,3 - Mobile Food,-78.58023533,35.79733992,M,Not Provided
2874,04092030611,BERTO'S CHIMIS (WCID #926),2411 E MILLBROOK RD ,,RALEIGH,NC,27604,(984) 220-2692,1677733200000,3 - Mobile Food,-78.59474248,35.84866623,M,Not Provided
2875,04092030621,RED HAT GRILL (WCID #939),500 S SALISBURY ST ,,RALEIGH,NC,27601,(919) 539-7740,1681362000000,3 - Mobile Food,-78.64125889,35.77365209,M,Not Provided
2876,04092030610,TRYSEAFOOD (WCID #924),8204 TRYON WOODS DR ,SUITE 111,CARY,NC,27518,(516) 864-9900,1677214800000,3 - Mobile Food,-78.74322595,35.74716476,M,Not Provided
2877,04092030622,THE RICAN LAB (WCID #940),160 SOMMERVILLE PARK RD ,,RALEIGH,NC,27603-4756,(919) 802-3334,1681534800000,3 - Mobile Food,-78.65005756,35.69421011,M,Not Provided
2878,04092030624,GOOD OL BOYS BBQ   GRILL (WCID #944),5301 TIN ROOF  WAY ,,RALEIGH,NC,27616,(919) 669-5525,1682485200000,3 - Mobile Food,-78.53911051,35.8634444,M,Not Provided
2879,04092030626,TJ'S KITCHEN (WCID #945),1155 TIMBER DR ,,GARNER,NC,27529,(919) 395-8095,1683090000000,3 - Mobile Food,-78.57544624,35.68894411,M,Not Provided
2880,04092030630,FRASKETTA (WCID #950),10125 DIVISION DR ,,RALEIGH,NC,27603,(919) 785-8676,1685077200000,3 - Mobile Food,-78.71143305,35.63398146,M,Not Provided
2881,04092030629,TACOS EL BRITO 2 (WCID #948),744 E CHATHAM  ST ,,CARY,NC,27511,(919) 924-7186,1684386000000,3 - Mobile Food,-78.7669176,35.79077934,M,Not Provided
2882,04092030631,FUEGOS (WCID #723),8013 HUMIE OLIVE  RD ," APEX, NC 27502 ",APEX,NC,27502,(919) 561-3671,1685077200000,3 - Mobile Food,-78.91470989,35.70350662,M,Not Provided
2883,04092030634,KONG DOG (WCID #893),6014 DURALEIGH RD ,,RALEIGH,NC,27612,(917) 319-6874,1685941200000,3 - Mobile Food,-78.71215703,35.86067383,M,Not Provided
2884,04092030633,A LITTLE SALT   PEPPER  (WCID #952),1600 OLIVE CHAPEL RD ,,APEX,NC,27502,(919) 559-2772,1685941200000,3 - Mobile Food,-78.89057874,35.73813869,M,Not Provided
2885,04092030635,PRIMO (WCID #954),403 KNIGHTDALE STATION RUN ,,KNIGHTDALE,NC,27545,(919) 889-9002,1686546000000,3 - Mobile Food,-78.47356828,35.79722375,M,Not Provided
2886,04092030639,VIP FOOD TRAILER (WCID #960),3801 ROCK QUARRY RD ,,RALEIGH,NC,27610,(919) 760-4920,1689829200000,3 - Mobile Food,-78.57884891,35.75018817,M,Not Provided
2887,04092030632,BARONE ITALIAN GRILLE (WCID #951),2411 E MILLBROOK RD ,,RALEIGH,NC,27604,(919) 275-0625,1685682000000,3 - Mobile Food,-78.59474248,35.84866623,M,Not Provided
2888,04092030636,TACOS EL COCO LOCO (WCID #956),404 W CHATHAM  ST ,,CARY,NC,27511,(919) 699-8785,1688101200000,3 - Mobile Food,-78.7884575,35.78704359,M,Not Provided
2889,04092030646,SANTOPIETRO'S SANDWICHES (WCID #981),2161 S WILMINGTON ST,,RALEIGH,NC,27603,(919) 720-1552,1695877200000,3 - Mobile Food,-78.63902823,35.7520526,M,Not Provided
2890,04092030647,AK MIX GRILL (WCID #962),2161 S WILMINGTON ST,,RALEIGH,NC,27603,,1696222800000,3 - Mobile Food,-78.63902823,35.7520526,M,Not Provided
2891,04092030651,504 ZONE (WCID # 991),160 SOMMERVILLE PARK RD,,RALEIGH,NC,27603-4756,(984) 255-4485,1697173200000,3 - Mobile Food,-78.65005756,35.69421011,M,Not Provided
2892,04092030648,THE TASTY TURKEY QUE (WCID #982),1621 WOODFIELD CREEK DR ,APT 101,WAKE FOREST,NC,27587,(919) 437-3251,1696309200000,3 - Mobile Food,-78.53543275,35.95708189,M,Not Provided
2893,04092030652,SHEILA'S AUSTRALIAN CUISINE (WCID #992),160 SOMMERVILLE PARK RD,,RALEIGH,NC,27603,(603) 545-1642,1697173200000,3 - Mobile Food,-78.65005756,35.69421011,M,Not Provided
2894,04092030656,TAQUERIA UNIVERSAL #3 (WCID #999),6708 ZEBULON RD,,WAKE FOREST,NC,27587,(919) 917-0916,1698210000000,3 - Mobile Food,-78.42253253,35.94952929,M,Not Provided
2895,04092030664,LILI'S KITCHEN  (WCID #974),10125 DIVISION DR ,,RALEIGH,NC,27603,(919) 600-2285,1704690000000,3 - Mobile Food,-78.71143305,35.63398146,M,Not Provided
2896,04092030658,SHAWERMA BOWL (WCID #1000),160 SOMMERVILLE PARK RD,,RALEIGH,NC,27603,(919) 412-7282,1699333200000,3 - Mobile Food,-78.65005756,35.69421011,M,Not Provided
2897,04092030657,BUOY BOWLS (WCID #959),1600 OLIVE CHAPEL RD ,STE 728,APEX,NC,27502,(919) 520-7748,1698382800000,3 - Mobile Food,-78.89057874,35.73813869,M,Not Provided
2898,04092030668,G'S TACOS (WCID #1020),2161 S WILMINGTON  ST ,,RALEIGH,NC,27603,(919) 600-8708,1705467600000,3 - Mobile Food,-78.63902823,35.7520526,M,Not Provided
2899,04092030654,FIRE TACOS (WCID #996),11016 CAPITAL BLVD,,RALEIGH,NC,27587,(919) 522-0704,1697605200000,3 - Mobile Food,-78.53904352,35.94639295,M,Not Provided
2900,04092030671,EL FOGONCITO OAXAQUENO  (WCID #976),160 SOMMERVILLE PARK RD ,,RALEIGH,NC,27603,(919) 524-5750,1707109200000,3 - Mobile Food,-78.65005756,35.69421011,M,Not Provided
2901,04092030673,PARTY IN A PITA (WCID #1022),11016 CAPITAL BLVD,,WAKE FOREST,NC,27587,(919) 454-6923,1710133200000,3 - Mobile Food,-78.53774541,35.94776496,M,Not Provided
2902,04092030677,G'S TACOS #2 (WCID #964),2161 S WILMINGTON ST ,,RALEIGH,NC,27603,(919) 600-8708,1711342800000,3 - Mobile Food,-78.63902823,35.7520526,M,Not Provided
2903,04092030674,TACO ADDICTS (WCID #677),131 CROSSROADS BLVD ,,CARY,NC,27518,(472) 206-9865,1710133200000,3 - Mobile Food,-78.74226136,35.76176402,M,Not Provided
2904,04092030681,COPPERHEAD'S CRAFT BURGERS (WCID #1019),903 N SMITHFIELD RD ,,KNIGHTDALE,NC,27545,(704) 222-8283,1705122000000,3 - Mobile Food,-78.48796386,35.7957655,M,Not Provided
2905,04092030683,TAQUERIA LA ESQUINA (WCID #1025),10500 CHAPEL HILL  RD ,,MORRISVILLE,NC,27560,(919) 771-4596,1715576400000,3 - Mobile Food,-78.83169117,35.84049491,M,Not Provided
2906,04092030686,CINCO ESTRELLAS (WCID #1036),3501 CAPITAL  BLVD ,UNIT 132,RALEIGH,NC,27604,(919) 492-5314,1716958800000,3 - Mobile Food,-78.58692931,35.82783317,M,Not Provided
2907,04092030689,TAQUERIA EL PINITO (WCID #990),3587 MAITLAND DR,,RALEIGH,NC,27610,,1719550800000,3 - Mobile Food,-78.58023533,35.79733992,M,Not Provided
2908,04092030688,EMPANADAS AND MORE (WCID #984 ),2107 GRACE PARK DR,,MORRISVILLE,NC,27560-6001,(347) 729-5274,1718946000000,3 - Mobile Food,-78.84652233,35.821117,M,Not Provided
2909,04092030690,THAT'S A GOOD BURGER (WCID #1027),903 N SMITHFIELD RD ,,KNIGHTDALE,NC,27545-7719,(919) 796-3116,1719810000000,3 - Mobile Food,-78.48796386,35.7957655,M,Not Provided
2910,04092030691,JERK MAN ISLAND CUISINE (WCID 1030),11016 CAPITAL BLVD ,,WAKE FOREST,NC,27587,(919) 737-5958,1720414800000,3 - Mobile Food,-78.53774541,35.94776496,M,Not Provided
2911,04092030692,TOMBACHI (WCID # 1003),2201 S WILMINGTON ST,,RALEIGH,NC,27603,(704) 654-8119,1720587600000,3 - Mobile Food,-78.63902823,35.7520526,M,Not Provided
2912,04092030684,STAVI'S SANDWICHES WCID # 983,2411 E MILLBROOK RD,,RALEIGH,NC,27604,(757) 256-5677,1716181200000,3 - Mobile Food,-78.59474248,35.84866623,M,Not Provided
2913,04092030693,VP JERK CENTER (WCID #1029),2161 S WILMINGTON ST ,,RALEIGH,NC,27603,(919) 723-0432,1720760400000,3 - Mobile Food,-78.63902823,35.7520526,M,Not Provided
2914,04092030697,ANTOJITOS SALSABANERO (WCID #1042)                ,2161 S WILMINGTON ST ,,RALEIGH,NC,27603,(919) 561-0141,1722574800000,3 - Mobile Food,-78.63902823,35.7520526,M,Not Provided
2915,04092030696,ZIBA'S KITCHEN  (WCID #1040),160 SOMMERVILLE PARK RD ,,RALEIGH,NC,27606,(336) 558-8425,1722229200000,3 - Mobile Food,-78.65005756,35.69421011,M,Not Provided
2916,04092030698,FLAVORS ON WHEELS (WCID #1043),10420 CHAPEL HILL RD ,,MORRISVILLE,NC,27560,(919) 434-2967,1723525200000,3 - Mobile Food,-78.8309265,35.83981209,M,Not Provided
2917,04092040085,JIM'S OLE TIME HOT DOGS (WCID #454),2000 WALNUT ST,,CARY,NC,27511-9230,(919) 924-4625,976770000000,4 - Push Carts,-78.74296252,35.75728068,M,Not Provided
2918,04092040134,NEW YORK STYLE HOT DOGS (WCID #621),300 FAYETTEVILLE ST ,,RALEIGH,NC,27602,(919) 332-9385,1075266000000,4 - Push Carts,-78.63980522,35.7766845,M,Not Provided
2919,04092040128,A TASTE OF NEW YORK #6 (WCID #127),410 GLENWOOD AVE ,,RALEIGH,NC,27603,(919) 846-9863,1064898000000,4 - Push Carts,-78.64674998,35.78576466,M,Not Provided
2920,04092040157,NEW YORK STYLE HOT DOGS # 2 (WCID #173),400 FAYETTEVILLE STREET,,RALEIGH,NC,27602,,1103086800000,4 - Push Carts,-78.63988315,35.77537925,M,Not Provided
2921,04092040137,A TASTE OF NEW YORK #1 (WCID #163),506 W JOHNSON  ST ,PLUS DUELING PIANO BAR 10PM-3AM,RALEIGH,NC,27603,(919) 846-9863,1077166800000,4 - Push Carts,-78.64625514,35.78813267,M,Not Provided
2922,04092040163,PNC 105 PUSHCART (WCID #119),1400 EDWARDS MILL RD ,,RALEIGH,NC,27607,(919) 861-2300,1111640400000,4 - Push Carts,-78.72293853,35.80324451,M,Not Provided
2923,04092040164,PNC 120 PUSHCART (WCID #117),1400 EDWARDS MILL RD ,,RALEIGH,NC,27607,(919) 861-2300,1111640400000,4 - Push Carts,-78.72293853,35.80324451,M,Not Provided
2924,04092040170,A TASTE OF NEW YORK #2 (WCID #019),330 S SALISBURY ST ,300 BLOCK S SALISBURY ST ,RALEIGH,NC,27602,(919) 846-9863,1122267600000,4 - Push Carts,-78.64112031,35.77632534,M,Not Provided
2925,04092040241,FOODLAND PUC #1 (WCID #322),10208 CHAPEL HILL RD ,,MORRISVILLE,NC,27560,(919) 798-0590,1276837200000,4 - Push Carts,-78.82634517,35.82830791,M,Not Provided
2926,04092040244,PNC 306 PUSHCART (WCID #165),1400 EDWARDS MILL RD ,,RALEIGH,NC,27607,(919) 861-2300,1285045200000,4 - Push Carts,-78.72293853,35.80324451,M,Not Provided
2927,04092040255,FOODLAND 2 (WCID #404),201 E HARGETT ST ,,RALEIGH,NC,27603,(919) 798-0590,1305522000000,4 - Push Carts,-78.63610348,35.77853909,M,Not Provided
2928,04092040141,CALDRONE HOT DOGS #2 (WCID #220),1025 BLUE RIDGE RD ,,RALEIGH,NC,27607-3902,(919) 649-6385,1078808400000,4 - Push Carts,-78.71515946,35.79630442,M,Not Provided
2929,04092040258,FOODLAND 3 (WCID #406),200 W HARGETT ST ,CORNER OF HARGETT ST. &AMP; FAYETTEVILLE ST.,RALEIGH,NC,27602,(919) 798-0590,1309496400000,4 - Push Carts,-78.64228215,35.77872675,M,Not Provided
2930,04092040295,FOODLAND 4 (WCID #469),20 E HARGETT ST ,,RALEIGH,NC,27602,(919) 522-7721,1374037200000,4 - Push Carts,-78.63837389,35.7781065,M,Not Provided
2931,04092040193,A TASTE OF NEW YORK #7 (WCID #213),200 BLOCK CABARRUS ST ,,RALEIGH,NC,27602,(919) 846-9863,1185253200000,4 - Push Carts,-78.63522346,35.77409514,T,Not Provided
2932,04092040300,COUSINS CONFECTIONS #2 (WCID #473),4700 TRINITY RD ,,RALEIGH,NC,27607,(919) 417-4285,1377666000000,4 - Push Carts,-78.71515946,35.79630442,M,Not Provided
2933,04092040325,WICKED LINKS #1 (WCID #493),4601 CAPITAL BLVD,,RALEIGH,NC,27615,(919) 855-8548,1408165200000,4 - Push Carts,-78.58176566,35.84605758,M,Not Provided
2934,04092040178,A TASTE OF NEW YORK #5 (WCID #125),0 JONES  ST ,,RALEIGH,NC,27602,(919) 345-8138,1150434000000,4 - Push Carts,-78.61989361,35.78189993,T,Not Provided
2935,04092040326,WICKED LINKS #2 (WCID #494),11800 GALAXY DRIVE,,WAKE FOREST,NC,27587,(919) 271-9141,1408165200000,4 - Push Carts,-78.53879374,35.96798946,M,Not Provided
2936,04092040340,FRESH OUTTA BROOKLYN (WCID #550),222 W HARGETT ST ,,RALEIGH,NC,27603,(757) 706-2082,1468299600000,4 - Push Carts,-78.64298655,35.77873692,M,Not Provided
2937,04092040334,WICKED LINKS #3 (WCID #516),3200-117  GRESHAM LAKE  RD ,,RALEIGH,NC,27615,(919) 855-8548,1440738000000,4 - Push Carts,-78.58228724,35.88437057,M,Not Provided
2938,04092040374,WICKED LINKS #6 (WCID #733),11800 GALAXY DRIVE,,WAKE FOREST,NC,27587,(919) 855-8548,1565758800000,4 - Push Carts,-78.53879374,35.96798946,M,Not Provided
2939,04092040393,DURTY DOGZ (WCID #849),500 E DAVIE ST,115,RALEIGH,NC,27601-1898,(252) 794-7487,1629954000000,4 - Push Carts,-78.63206282,35.77487676,M,Not Provided
2940,04092040396,MUNCHIEZ HOTDOGS   CONCESSIONS (WCID #876),150 FAYETTEVILLE ST ,,RALEIGH,NC,27601,(919) 521-1091,1647579600000,4 - Push Carts,-78.63970739,35.7787201,M,Not Provided
2941,04092040394,DUKE'S DOGGS,717 E MARTIN ST,199,RALEIGH,NC,27601-1991,(919) 669-3858,1631595600000,4 - Push Carts,-78.62694565,35.77678342,M,Not Provided
2942,04092040381,WICKED LINKS #4 (WCID #728),1101 BEAVER CREEK COMMONS DR,,APEX,NC,27502-3920,(919) 855-8548,1582606800000,4 - Push Carts,-78.87546682,35.74471669,M,Not Provided
2943,04092040398,WICKED LINKS SAUSAGE COMPANY (WCID #888),3200-117 GRESHAM LAKE RD ,,RALEIGH,NC,27615,(919) 271-9141,1661403600000,4 - Push Carts,-78.58228724,35.88437057,M,Not Provided
2944,04092040399,SUPA DAWGZ   (WCID #899),1155 TIMBER DR E ,,GARNER,NC,27529,(919) 798-2262,1663909200000,4 - Push Carts,-78.57544624,35.68894411,M,Not Provided
2945,04092040400,JUMPING JOE'S (WCID #903),1155 TIMBER DR E ,,GARNER,NC,27529,(919) 605-5591,1668661200000,4 - Push Carts,-78.57544624,35.68894411,M,Not Provided
2946,04092040401,BIG C'S DOGS (WCID #904),1228 HERITAGE LINK DR ,,WAKE FOREST,NC,27587,(860) 604-3045,1669957200000,4 - Push Carts,-78.50262233,35.94544363,M,Not Provided
2947,04092040403,DOG-GONE'S (WCID #925),7016 GB ALFORD HWY ,,HOLLY SPRINGS,NC,27540,(919) 218-5275,1677128400000,4 - Push Carts,-78.83404691,35.63635562,M,Not Provided
2948,04092040407,JUICY'S FAMOUS STREET DOGS (WCID #943),2161 S WILMINGTON ST ,,RALEIGH,NC,27603-2539,(984) 833-8426,1683090000000,4 - Push Carts,-78.63902823,35.7520526,M,Not Provided
2949,04092040409,MAC DADDY DAWGZ   CATERING 2 (WCID #949),160 SOMMERVILLE PARK RD ,,RALEIGH,NC,27603,(919) 272-8402,1686546000000,4 - Push Carts,-78.65005756,35.69421011,M,Not Provided
2950,04092040415,FRANKIE FRANKK'S (WCID #408),7280 GB ALFORD HWY ,,HOLLY SPRINGS,NC,27540,(516) 233-8918,1714971600000,4 - Push Carts,-78.83292633,35.63499737,M,Not Provided
2951,04092040412,WICKED LINKS SAUSAGE COMPANY (WCID #1016),3200 GRESHAM LAKE RD ,,RALEIGH,NC,27615,(919) 621-4545,1705122000000,4 - Push Carts,-78.58228724,35.88437057,M,Not Provided
2952,04092040418,SHADY DAWGZ (WCID #1039),160 SOMMERVILLE PARK RD ,,RALEIGH,NC,27603,(919) 830-5049,1721970000000,4 - Push Carts,-78.65005756,35.69421011,M,Not Provided
2953,04092050004,FRIENDSHIP CHRISTIAN SCH. CAFETERIA,5510 FALLS OF NEUSE RD ,,RALEIGH,NC,27609-4760,(919) 872-2133,685083600000,5 - Private Schools Lunchroom,-78.61430473,35.85708216,M,Not Provided
2954,04092050015,CARY ACADEMY CAFETERIA,1500 N HARRISON AVE ,,CARY,NC,27513-5549,(919) 228-4696,874299600000,5 - Private Schools Lunchroom,-78.76821234,35.81996575,M,Not Provided
2955,04092050012,WORD OF GOD CHURCH SCHOOL CAFETERIA,3000 ROCK QUARRY RD ,,RALEIGH,NC,27610-5110,(919) 834-1141,748846800000,5 - Private Schools Lunchroom,-78.59788424,35.74541068,M,Not Provided
2956,04092050011,RAVENSCROFT SCHOOL DINING,7409 FALLS OF NEUSE RD,,RALEIGH,NC,27615-5316,(919) 847-0900,752907600000,5 - Private Schools Lunchroom,-78.63135139,35.88451365,M,Not Provided
2957,04092050023,KNIGHTDALE HEADSTART KITCHEN,1020 TODD RD ,,KNIGHTDALE,NC,27545,(919) 266-1240,1061960400000,5 - Private Schools Lunchroom,-78.44699319,35.83204499,M,Not Provided
2958,04092050026,ST MARY MAGDALENE SCHOOL CAFETERIA,625 MAGDALA PL ,,APEX,NC,27502,(919) 657-4800,1092373200000,5 - Private Schools Lunchroom,-78.87448823,35.72423177,M,Not Provided
2959,04092050025,NORTH RALEIGH CHRISTIAN ACADEMY SCHOOL LUNCHROOM,7300 PERRY CREEK RD,,RALEIGH,NC,27616,(919) 573-7900,1078981200000,5 - Private Schools Lunchroom,-78.54259566,35.88062673,M,Not Provided
2960,04092050029,ST. DAVID'S DINING HALL,3400 WHITE OAK RD ,,RALEIGH,NC,27609,(919) 782-3331,1439787600000,5 - Private Schools Lunchroom,-78.64888373,35.82342191,M,Not Provided
2961,04092050030,WAKE CHRISTIAN ACADEMY CAFETERIA,5500 WAKE ACADEMY DR,,RALEIGH,NC,27603,(919) 772-6264,1533272400000,5 - Private Schools Lunchroom,-78.67166063,35.70436885,M,Not Provided
2962,04092050028,NEUSE CHRISTIAN ACADEMY,7600 FALLS OF NEUSE  RD ,,RALEIGH,NC,27615,(919) 844-6496,1262149200000,5 - Private Schools Lunchroom,-78.62608388,35.88760864,M,Not Provided
2963,04092050032,CARDINAL CHARTER ACADEMY AT WENDELL FALLS CAFETERI,6041 TAYLOR RD,,WENDELL,NC,27591,(919) 752-8870,1652158800000,5 - Private Schools Lunchroom,-78.42929721,35.77693658,M,Not Provided
2964,04092050034,CARDINAL CHARTER SCHOOL CAFETERIA,6057 TAYLOR  RD ,,WENDELL,NC,27591,(984) 849-0922,1660280400000,5 - Private Schools Lunchroom,-78.42929721,35.77693658,M,Not Provided
2965,04092050031,RAVENSCROFT CSL DINING ,7409 FALLS OF NEUSE RD ,,RALEIGH,NC,27615,(919) 369-5892,1644382800000,5 - Private Schools Lunchroom,-78.63135139,35.88451365,M,Not Provided
2966,04092050035,CHESTERBROOK ACADEMY #1122 CAFETERIA,10200 STRICKLAND RD ,,RALEIGH,NC,27615,(919) 847-3120,1683608400000,5 - Private Schools Lunchroom,-78.66578454,35.90337739,M,Not Provided
2967,04092050037,SURE PROMISE SCHOOL KITCHEN,4301 PEARL RD,,RALEIGH,NC,27610,(919) 890-5639,1659070800000,5 - Private Schools Lunchroom,-78.56025883,35.72403543,M,Not Provided
2968,04092050036,YAY LUNCH AT CARDINAL GIBBONS SCHOOL CAFETERIA,1401 EDWARDS MILL RD ,,RALEIGH,NC,27607-3616,(803) 800-3133,1689224400000,5 - Private Schools Lunchroom,-78.72901378,35.80260475,M,Not Provided
2969,04092050038,ROLESVILLE CHARTER SCHOOL CAFETERIA,908 EAGLE SCHOLARS DR,,ROLESVILLE,NC,27571,(919) 263-1422,1724043600000,5 - Private Schools Lunchroom,-78.48009951,35.90958655,M,Not Provided
2970,04092090004,MEALS ON WHEELS OF WAKE COUNTY/LAKE DRIVE,323 LAKE DR ,,WENDELL,NC,27591-9492,(919) 365-4684,673074000000,9 - Elderly Nutrition,-78.36549422,35.77892574,M,Not Provided
2971,04092090005,MEALS ON WHEELS OF WAKE COUNTY/GARNER ROAD,205 E GARNER RD ,,GARNER,NC,27529-3311,(919) 772-5057,670568400000,9 - Elderly Nutrition,-78.60376149,35.70719476,M,Not Provided
2972,04092090009,MEALS ON WHEELS OF WAKE COUNTY/CHURCH STREET,922 CHURCH ST,,MORRISVILLE,NC,27560-8729,(919) 467-7186,772866000000,9 - Elderly Nutrition,-78.84266258,35.85142882,M,Not Provided
2973,04092090014,MEALS ON WHEELS OF WAKE COUNTY/NOBLE ROAD,2000 NOBLE RD ,,RALEIGH,NC,27608,,1342155600000,9 - Elderly Nutrition,-78.63490464,35.80838233,M,Not Provided
2974,04092090012,MEALS ON WHEELS OF WAKE COUNTY/MCLEAN STREET,402 MCLEAN ST ,,FUQUAY-VARINA,NC,27526-1640,(919) 552-5825,899355600000,9 - Elderly Nutrition,-78.80691385,35.59304997,M,Not Provided
2975,04092090017,MEALS ON WHEELS OF WAKE COUNTY/HOLDING STREET,235 E HOLDING ST ,,WAKE FOREST,NC,27603,(919) 256-3866,1635397200000,9 - Elderly Nutrition,-78.51090342,35.97184163,M,Not Provided
2976,04092110003,BROUGHTON HIGH CAFETERIA,723 SAINT MARYS ST ,,RALEIGH,NC,27605-1424,(919) 856-7810,684997200000,11 - Public School Lunch,-78.65350229,35.790761,M,Not Provided
2977,04092110001,NORTHWOODS ELEMENTARY CAFETERIA,8850 CHAPEL HILL RD ,,CARY,NC,27513-3741,(919) 460-3491,684997200000,11 - Public School Lunch,-78.78956702,35.79556676,M,Not Provided
2978,04092110005,FARMINGTON WOODS ELEM. CAFETERIA,1413 HAMPTON VALLEY RD ,,CARY,NC,27511-4548,(919) 460-3476,685083600000,11 - Public School Lunch,-78.77459893,35.75793869,M,Not Provided
2979,04092090016,MEALS ON WHEELS OF WAKE COUNTY/ROCK QUARRY ROAD,3425 ROCK QUARRY RD,,RALEIGH,NC,27610,(919) 833-4815,1580446800000,9 - Elderly Nutrition,-78.59016431,35.74767956,M,Not Provided
2980,04092110006,ADAMS ELEMENTARY CAFETERIA,805 CARY TOWNE BLVD,,CARY,NC,27511-4255,(919) 460-3431,685083600000,11 - Public School Lunch,-78.76166085,35.77739517,M,Not Provided
2981,04092110007,BRIARCLIFF ELEMENTARY CAFETERIA,1220 POND ST,,CARY,NC,27511-4418,(919) 460-3450,685083600000,11 - Public School Lunch,-78.7882661,35.76866702,M,Not Provided
2982,04092110010,APEX MIDDLE SCHOOL CAFETERIA,400 E MOORE ST ,,APEX,NC,27502-1927,(919) 387-2194,685083600000,11 - Public School Lunch,-78.84784983,35.72575302,M,Not Provided
2983,04092110012,CARY SENIOR HIGH CAFETERIA,638 WALNUT ST,,CARY,NC,27511-4224,(919) 460-3549,685083600000,11 - Public School Lunch,-78.76625093,35.7715101,M,Not Provided
2984,04092110017,BRASSFIELD ROAD ELEM. CAFETERIA,2001 BRASSFIELD RD ,,RALEIGH,NC,27614-9453,(919) 870-4080,673074000000,11 - Public School Lunch,-78.63034222,35.93350013,M,Not Provided
2985,04092110020,JOYNER ELEMENTARY CAFETERIA,2300 LOWDEN ST ,,RALEIGH,NC,27608-0707,(919) 856-7650,685083600000,11 - Public School Lunch,-78.63298548,35.81521458,M,Not Provided
2986,04092110016,LEADMINE ELEMENTARY CAFETERIA,8301 OLD LEAD MINE RD ,,RALEIGH,NC,27615-2930,(919) 870-4120,685083600000,11 - Public School Lunch,-78.65713488,35.89158773,M,Not Provided
2987,04092110022,SANDERSON HIGH SCH. CAFETERIA,5500 DIXON DR ,,RALEIGH,NC,27609-4202,(919) 881-4800,673074000000,11 - Public School Lunch,-78.64657271,35.86106016,M,Not Provided
2988,04092110015,ENLOE HIGH SCHOOL CAFETERIA,128 CLARENDON CRES ,,RALEIGH,NC,27610-2408,(919) 856-7918,688626000000,11 - Public School Lunch,-78.60333824,35.78424366,M,Not Provided
2989,04092110034,OBERLIN MIDDLE SCHOOL CAFETERIA,2816 OBERLIN RD ,,RALEIGH,NC,27608-1220,(919) 881-4860,684997200000,11 - Public School Lunch,-78.65663748,35.81365658,M,Not Provided
2990,04092110033,MORRISVILLE ELEMENTARY CAFETERIA,1519 MORRISVILLE PKY,,MORRISVILLE,NC,27560-9376,(919) 460-3400,685083600000,11 - Public School Lunch,-78.84656691,35.81141483,M,Not Provided
2991,04092110025,WAKE FOREST MIDDLE CAFETERIA,1800 S MAIN ST ,,WAKE FOREST,NC,27587-9288,(919) 554-8440,673074000000,11 - Public School Lunch,-78.52983983,35.9543633,M,Not Provided
2992,04092110031,HUNTER ELEMENTARY CAFETERIA,1018 E DAVIE ST,,RALEIGH,NC,27601-1624,(919) 856-7676,687589200000,11 - Public School Lunch,-78.62331049,35.77426384,M,Not Provided
2993,04092110036,DOUGLAS ELEM SCH CAFETERIA,600 ORTEGA RD ,,RALEIGH,NC,27609-5957,(919) 881-4894,685083600000,11 - Public School Lunch,-78.62924856,35.83993649,M,Not Provided
2994,04092110038,POWELL CENTER FOR PLAY   INGENUITY MAGNET ELEM,1130 MARLBOROUGH RD ,,RALEIGH,NC,27610-1125,(919) 856-7737,688626000000,11 - Public School Lunch,-78.6029279,35.7951715,M,Not Provided
2995,04092110041,VANCE ELEM. SCHOOL CAFETERIA,8808 OLD STAGE RD ,,RALEIGH,NC,27603-9533,(919) 662-2482,670654800000,11 - Public School Lunch,-78.66854138,35.65532769,M,Not Provided
2996,04092110042,NORTH GARNER MIDDLE SCH. CAF.,720 POWELL DR,,GARNER,NC,27529-3128,(919) 662-2434,670654800000,11 - Public School Lunch,-78.61177456,35.71602477,M,Not Provided
2997,04092110044,EAST GARNER MIDDLE SCH. CAFETERIA,6301 JONES SAUSAGE RD ,,GARNER,NC,27529,(919) 662-2339,670654800000,11 - Public School Lunch,-78.58456265,35.70104877,M,Not Provided
2998,04092110055,CARNAGE MIDDLE CAFETERIA,1425 CARNAGE DR,,RALEIGH,NC,27610-3909,(919) 856-7600,687589200000,11 - Public School Lunch,-78.6272654,35.76198667,M,Not Provided
2999,04092110035,CARROLL MIDDLE SCH.CAFETERIA,4520 SIX FORKS RD ,,RALEIGH,NC,27609-5710,(919) 881-1370,685083600000,11 - Public School Lunch,-78.64084556,35.84306949,M,Not Provided
3000,04092110045,RAND ROAD ELEM SCHOOL CAFETERIA,300 ARBOR GREENE DR,,GARNER,NC,27529,(919) 662-2283,670654800000,11 - Public School Lunch,-78.61739124,35.65531902,M,Not Provided
3001,04092110064,COMBS ELEMENTARY CAFETERIA,1600 LORIMER RD ,,RALEIGH,NC,27606-2626,(919) 233-4300,684997200000,11 - Public School Lunch,-78.70364737,35.7769291,M,Not Provided
3002,04092110065,ATHENS DRIVE SR. HIGH CAFETERIA,1420 ATHENS DR ,,RALEIGH,NC,27606-2427,(919) 233-4050,684997200000,11 - Public School Lunch,-78.71223228,35.768377,M,Not Provided
3003,04092110076,WENDELL ELEM SCHOOL CAFETERIA,3355 WENDELL BLVD ,,WENDELL,NC,27591-7289,(919) 365-2660,688626000000,11 - Public School Lunch,-78.37227697,35.78542374,M,Not Provided
3004,04092110057,MILLBROOK SR. HIGH CAFETERIA,2201 SPRING FOREST RD ,,RALEIGH,NC,27615-7536,(919) 850-8796,685083600000,11 - Public School Lunch,-78.60299939,35.86585699,M,Not Provided
3005,04092110077,ZEBULON ELEM. SCHOOL CAFETERIA,700 PROCTOR ST ,,ZEBULON,NC,27597-8726,(919) 404-3680,688626000000,11 - Public School Lunch,-78.31958565,35.83895531,M,Not Provided
3006,04092110062,KNIGHTDALE ELEM. SCH. CAFETERIA,109 RIDGE ST ,,KNIGHTDALE,NC,27545-8996,(919) 266-8540,687589200000,11 - Public School Lunch,-78.4779131,35.78387508,M,Not Provided
3007,04092110078,ZEBULON MIDDLE SCHOOL CAFETERIA,1000 SHEPARD SCHOOL RD ,,ZEBULON,NC,27597-2770,(919) 404-3630,688626000000,11 - Public School Lunch,-78.31172007,35.83148632,M,Not Provided
3008,04092110079,FOX ROAD ELEMENTARY CAFETERIA,7101 FOX RD,,RALEIGH,NC,27616-6353,(919) 850-8845,688626000000,11 - Public School Lunch,-78.55535542,35.87372365,M,Not Provided
3009,04092110082,PENNY ROAD ELEMENTARY CAFETERIA,10900 PENNY RD ,,CARY,NC,27518,(919) 387-2143,684997200000,11 - Public School Lunch,-78.79741418,35.71747453,M,Not Provided
3010,04092110085,LYNN ROAD ELEM. CAFETERIA,1601 LYNN RD ,,RALEIGH,NC,27612-6820,(919) 870-4074,685083600000,11 - Public School Lunch,-78.6678688,35.87032224,M,Not Provided
3011,04092110083,WEST LAKE ELEM. SCH. CAFETERIA,4500 W LAKE RD,,APEX,NC,27539-7655,(919) 662-2314,682750800000,11 - Public School Lunch,-78.76184994,35.66034086,M,Not Provided
3012,04092110086,LEESVILLE MIDDLE-ELEM. SCH. CAFETERIA,8406 PRIDE WAY,,RALEIGH,NC,27613-1004,(919) 870-4200,682664400000,11 - Public School Lunch,-78.7177652,35.88906849,M,Not Provided
3013,04092110089,CREECH ROAD ELEM. CAFETERIA,450 CREECH RD ,,GARNER,NC,27529-2908,(919) 662-2359,716101200000,11 - Public School Lunch,-78.59989423,35.71498152,M,Not Provided
3014,04092110088,WILLOW SPRING ELEM.CAFET.,6800 DWIGHT ROWLAND RD,,WILLOW SPRING,NC,27592-9342,(919) 557-2957,713077200000,11 - Public School Lunch,-78.72847454,35.59342763,M,Not Provided
3015,04092110092,WEST LAKE MIDDLE SCH. CAFETERIA,4600 W LAKE RD,YEAR ROUND,APEX,NC,27539-7657,(919) 662-2917,709966800000,11 - Public School Lunch,-78.76184994,35.66034086,M,Not Provided
3016,04092110093,DURANT ROAD ELEM. CAFETERIA,9901 DURANT RD ,YEAR ROUND,RALEIGH,NC,27614-9369,(919) 870-4210,710053200000,11 - Public School Lunch,-78.5804454,35.89960631,M,Not Provided
3017,04092110090,PLEASANT UNION ELEM.SCHOOL CAFET.,1900 PLEASANT UNION CHURCH RD ,,RALEIGH,NC,27614-7103,(919) 870-4230,714286800000,11 - Public School Lunch,-78.67272921,35.95029497,M,Not Provided
3018,04092110094,LEESVILLE HIGH SCHOOL CAFETERIA,8409 LEESVILLE RD ,,RALEIGH,NC,27613,(919) 870-4250,746773200000,11 - Public School Lunch,-78.7177652,35.88906849,M,Not Provided
3019,04092110096,DAVIS DRIVE ELEM. SCH. CAFETERIA,2151 DAVIS DR,,CARY,NC,27519-9276,(919) 387-2135,774594000000,11 - Public School Lunch,-78.85122642,35.77869302,M,Not Provided
3020,04092110098,DURANT ROAD MIDDLE SCHOOL CAFETERIA,10401 DURANT RD ,,RALEIGH,NC,27614-9706,(919) 518-0103,805093200000,11 - Public School Lunch,-78.5882399,35.90237023,M,Not Provided
3021,04092110097,DAVIS DRIVE MIDDLE SCH. CAFETERIA,2101 DAVIS DR,,CARY,NC,27519-9276,(919) 387-3038,799304400000,11 - Public School Lunch,-78.85122642,35.77869302,M,Not Provided
3022,04092110095,MT. VERNON SCHOOL CAFETERIA,5418 CHAPEL HILL RD ,,RALEIGH,NC,27607-5139,(919) 233-4313,759992400000,11 - Public School Lunch,-78.71947328,35.7909241,M,Not Provided
3023,04092110099,OAK GROVE ELEM. SCH CAFETERIA,10401 PENNY RD,,RALEIGH,NC,27606,(919) 387-4490,806302800000,11 - Public School Lunch,-78.78318493,35.7136031,M,Not Provided
3024,04092110102,HILBURN ACADEMY CAFETERIA,7100 HILBURN DR ,,RALEIGH,NC,27613-4139,(919) 571-6800,815806800000,11 - Public School Lunch,-78.71430644,35.87483807,M,Not Provided
3025,04092110101,HODGE ROAD ELEMENTARY CAFETERIA,2128 MINGO BLUFF BLVD,,KNIGHTDALE,NC,27545,(919) 266-8599,810882000000,11 - Public School Lunch,-78.52263417,35.77684759,M,Not Provided
3026,04092110104,JEFFREYS GROVE ELEM. CAFETERIA,6119 CREEDMOOR RD,,RALEIGH,NC,27612-2210,(919) 881-4910,840430800000,11 - Public School Lunch,-78.68095421,35.86826108,M,Not Provided
3027,04092110103,HOLLY SPRINGS ELEM. CAFETERIA,401 HOLLY SPRINGS RD,,HOLLY SPRINGS,NC,27540-9027,(919) 557-2660,840430800000,11 - Public School Lunch,-78.82835892,35.6562372,M,Not Provided
3028,04092110105,JONES DAIRY ELEM. SCH. CAFETERIA,1100 JONES DAIRY RD ,,WAKE FOREST,NC,27587-9055,(919) 562-6181,840690000000,11 - Public School Lunch,-78.47194542,35.94971063,M,Not Provided
3029,04092110106,WEST CARY MIDDLE SCH.CAFETERIA,1000 EVANS RD ,,CARY,NC,27513-3111,(919) 460-3528,840776400000,11 - Public School Lunch,-78.79252626,35.80255109,M,Not Provided
3030,04092110100,WEATHERSTONE ELEM. SCH. CAFETERIA,1000 OLDE WEATHERSTONE WAY ,,CARY,NC,27513,(919) 380-6985,810277200000,11 - Public School Lunch,-78.81014084,35.79244392,M,Not Provided
3031,04092110107,BAILEYWICK ELEM SCH. CAFET.,9425 BAILEYWICK RD ,,RALEIGH,NC,27615-1912,(919) 518-0090,857710800000,11 - Public School Lunch,-78.66473205,35.90916355,M,Not Provided
3032,04092110108,TIMBER DRIVE ELEMENTARY CAFETERIA,1601 TIMBER DR,,GARNER,NC,27529-4778,(919) 773-9515,867646800000,11 - Public School Lunch,-78.63688691,35.68985294,M,Not Provided
3033,04092110110,SOUTHEAST RALEIGH H.S.CAFETERIA,2600 ROCK QUARRY RD ,,RALEIGH,NC,27610-5102,(919) 856-2800,870066000000,11 - Public School Lunch,-78.60409689,35.74535559,M,Not Provided
3034,04092110109,OLIVE CHAPEL ELEMENTARY CAFETERIA,1751 OLIVE CHAPEL RD ,,APEX,NC,27502-4862,(919) 387-4449,871534800000,11 - Public School Lunch,-78.89411789,35.73463652,M,Not Provided
3035,04092110111,CARVER ELEMENTARY LUNCHROOM,291 LILES DEAN RD ,,WENDELL,NC,27591-9034,(919) 365-2680,900910800000,11 - Public School Lunch,-78.38664164,35.79067957,M,Not Provided
3036,04092110112,LUFKIN MIDDLE SCHOOL CAFETERIA,1002 LUFKIN RD ,,APEX,NC,27539-8160,(919) 363-1090,905749200000,11 - Public School Lunch,-78.83012875,35.71966086,M,Not Provided
3037,04092110113,DILLARD DRIVE ELEMENTARY SCHOOL CAFETERIA,5018 DILLARD DR,,RALEIGH,NC,27606-4114,(919) 233-4200,916203600000,11 - Public School Lunch,-78.72360836,35.75353768,M,Not Provided
3038,04092110114,DILLARD DRIVE MIDDLE SCHOOL CAFETERIA,5200 DILLARD DR ,,RALEIGH,NC,27606,(919) 233-4228,916203600000,11 - Public School Lunch,-78.72633838,35.75185524,M,Not Provided
3039,04092110116,REEDY CREEK ELEM. CAFETERIA,940 REEDY CREEK RD ,,CARY,NC,27513-3046,(919) 380-3660,933742800000,11 - Public School Lunch,-78.76818761,35.81272933,M,Not Provided
3040,04092110117,GREEN HOPE HIGH SCH. CAFETERIA,2500 CARPENTER UPCHURCH RD ,,CARY,NC,27519,(919) 380-3684,934434000000,11 - Public School Lunch,-78.86673632,35.80474692,M,Not Provided
3041,04092110118,WAKEFIELD MIDDLE CAFETERIA,2300 WAKEFIELD PINES DR,,RALEIGH,NC,27614,(919) 562-3530,934347600000,11 - Public School Lunch,-78.57023956,35.94594014,M,Not Provided
3042,04092110120,WILDWOOD FOREST ELEM. SCH. CAFETERIA,8401 WILDWOOD FOREST DR ,,RALEIGH,NC,27616-5700,(919) 713-0600,934520400000,11 - Public School Lunch,-78.55112466,35.89352164,M,Not Provided
3043,04092110122,CENTENNIAL CAMPUS MIDDLE SCH. CAFETERIA,1900 MAIN CAMPUS DR ,,RALEIGH,NC,27606-3700,(919) 233-4217,964155600000,11 - Public School Lunch,-78.67973963,35.76281459,M,Not Provided
3044,04092110121,YATES MILL ELEM. SCH. CAFET.,5993 YATES MILL POND RD,,RALEIGH,NC,27606-8930,(919) 233-4244,962082000000,11 - Public School Lunch,-78.72960703,35.73779694,M,Not Provided
3045,04092110123,SALEM ELEMENTARY SCH. CAFETERIA,6116 OLD JENKS RD ,,APEX,NC,27523-8242,(919) 363-2970,966574800000,11 - Public School Lunch,-78.8500399,35.75603018,M,Not Provided
3046,04092110115,WAKEFIELD ELEMENTARY CAFETERIA,2400 WAKEFIELD PINES DR,,RALEIGH,NC,27614,(919) 562-3565,930718800000,11 - Public School Lunch,-78.56694516,35.94699765,M,Not Provided
3047,04092110125,GREEN HOPE ELEMENTARY CAFETERIA,2700  LOUIS STEPHENS RD ,,CARY,NC,27519,(918) 338-5285,965970000000,11 - Public School Lunch,-78.85985199,35.80278467,M,Not Provided
3048,04092110124,MIDDLE CREEK ELEM. SCH. CAFETERIA,110 MIDDLE CREEK PARK AVE ,,APEX,NC,27539-7982,(919) 773-9570,967006800000,11 - Public School Lunch,-78.75946645,35.67025003,M,Not Provided
3049,04092110127,FRED OLDS ELEMENTARY CAFETERIA,204 DIXIE TRAIL ,,RALEIGH,NC,27607,(919) 856-7769,997678800000,11 - Public School Lunch,-78.67501338,35.79372175,M,Not Provided
3050,04092110128,WASHINGTON ELEM. SCHOOL CAFETERIA,1000 FAYETTEVILLE ST ,,RALEIGH,NC,27601-2525,(919) 856-7960,1000875600000,11 - Public School Lunch,-78.64381097,35.76731718,M,Not Provided
3051,04092110129,MOORE SQUARE MAGNET MIDDLE SCHOOL,301 S PERSON ST,,RALEIGH,NC,27601-1821,(919) 664-5737,1026104400000,11 - Public School Lunch,-78.63424297,35.77609992,M,Not Provided
3052,04092110119,WAKEFIELD HIGH SCHOOL CAFETERIA,2200 WAKEFIELD PINES DR,,RALEIGH,NC,27614,(919) 562-3635,934434000000,11 - Public School Lunch,-78.56961285,35.94937144,M,Not Provided
3053,04092110130,HOLLY RIDGE MIDDLE SCH. CAFETERIA,950 HOLLY SPRINGS RD,,HOLLY SPRINGS,NC,27540-7370,(919) 577-1310,1027659600000,11 - Public School Lunch,-78.81529276,35.65413254,M,Not Provided
3054,04092110132,REEDY CREEK MIDDLE SCH. CAFETERIA,930 REEDY CREEK RD ,,CARY,NC,27513,(919) 460-3504,1027659600000,11 - Public School Lunch,-78.76818761,35.81272933,M,Not Provided
3055,04092110131,HOLLY RIDGE ELEMENTARY CAFETERIA,900 HOLLY SPRINGS RD,,HOLLY SPRINGS,NC,27540-7370,(919) 577-1300,1026882000000,11 - Public School Lunch,-78.81529276,35.65413254,M,Not Provided
3056,04092110133,BALLENTINE ELEM. SCH. CAFETERIA,1651 N MCLAURIN LN,,FUQUAY-VARINA,NC,27526,(919) 557-1120,1028610000000,11 - Public School Lunch,-78.7724696,35.61359512,M,Not Provided
3057,04092110135,MYRTLE UNDERWOOD ELEM.SCH.CAFETERIA,1614 GLENWOOD AVE,,RALEIGH,NC,27608,(919) 856-7663,1059973200000,11 - Public School Lunch,-78.64518389,35.80234417,M,Not Provided
3058,04092110137,APEX ELEMENTARY CAFETERIA,700 TINGEN RD ,,APEX,NC,27502,(919) 387-2150,1060146000000,11 - Public School Lunch,-78.85703525,35.72096535,M,Not Provided
3059,04092110134,HERITAGE ELEM. SCHOOL CAFETERIA,3500 ROGERS RD,,WAKE FOREST,NC,27587-4898,(919) 562-6400,1036731600000,11 - Public School Lunch,-78.51187685,35.94769505,M,Not Provided
3060,04092110126,MIDDLE CREEK HIGH SCHOOL CAFETERIA,123 MIDDLE CREEK PARK AVE ,,CARY,NC,27539,(919) 773-3842,996728400000,11 - Public School Lunch,-78.75881439,35.66888779,M,Not Provided
3061,04092110138,CARY ELEMENTARY CAFETERIA,400 KILDAIRE FARM RD ,,CARY,NC,27511,(919) 460-3455,1060232400000,11 - Public School Lunch,-78.78170035,35.78100367,M,Not Provided
3062,04092110143,CEDAR FORK ELEMENTARY CAFETERIA,1050 TOWN HALL DR,,MORRISVILLE,NC,27560,(919) 388-5240,1079326800000,11 - Public School Lunch,-78.83948458,35.83720033,M,Not Provided
3063,04092110141,SALEM MIDDLE SCHOOL CAFETERIA,6150 OLD JENKS RD ,,APEX,NC,27523,(919) 363-1870,1059541200000,11 - Public School Lunch,-78.84900549,35.75828768,M,Not Provided
3064,04092110144,HERITAGE MIDDLE SCHOOL CAFETERIA,3400 ROGERS RD ,,WAKE FOREST,NC,27587,(919) 562-6204,1089262800000,11 - Public School Lunch,-78.51187685,35.94769505,M,Not Provided
3065,04092110146,HIGHCROFT ELEMENTARY CAFETERIA,5415 HIGHCROFT DR ,,CARY,NC,27519,(919) 460-3580,1089608400000,11 - Public School Lunch,-78.88408865,35.80071618,M,Not Provided
3066,04092110145,TURNER CREEK ELEMENTARY CAFETERIA,6801 TURNER CREEK RD ,,CARY,NC,27519,(919) 363-1399,1089349200000,11 - Public School Lunch,-78.87522181,35.77275976,M,Not Provided
3067,04092110147,KNIGHTDALE HIGH SCHOOL CAFETERIA,100 BRYAN CHALK LN ,,KNIGHTDALE,NC,27545,(919) 217-5350,1090818000000,11 - Public School Lunch,-78.47186477,35.80939957,M,Not Provided
3068,04092110142,MILLBROOK ELEM. SCH. CAFETERIA,1520 E MILLBROOK RD ,,RALEIGH,NC,27609,(919) 850-8700,1073019600000,11 - Public School Lunch,-78.61055165,35.84879257,M,Not Provided
3069,04092110148,FORESTVILLE ELEMENTARY SCHOOL CAFETERIA,7125 FORESTVILLE RD,,KNIGHTDALE,NC,27545,(919) 266-8487,1091768400000,11 - Public School Lunch,-78.48336394,35.80934566,M,Not Provided
3070,04092110149,KINGSWOOD ELEM. SCH. CAFETERIA,200 E JOHNSON ST ,,CARY,NC,27511,(919) 460-3481,1092027600000,11 - Public School Lunch,-78.7783156,35.79284093,M,Not Provided
3071,04092110150,CARPENTER ELEMENTARY SCHOOL CAFETERIA,2100 MORRISVILLE PKY ,,CARY,NC,27519,(919) 462-6785,1091595600000,11 - Public School Lunch,-78.8668844,35.81490775,M,Not Provided
3072,04092110151,WAKE FOREST ELEM. SCH. CAFETERIA,136 W SYCAMORE ST ,,WAKE FOREST,NC,27587,(919) 554-8671,1093410000000,11 - Public School Lunch,-78.5145445,35.97682679,M,Not Provided
3073,04092110154,LIGON MIDDLE SCHOOL CAFETERIA,706 E LENOIR ST ,,RALEIGH,NC,27601,(919) 856-7929,1124859600000,11 - Public School Lunch,-78.62632306,35.77026725,M,Not Provided
3074,04092110152,EAST CARY MIDDLE SCH. CAFETERIA,1111 SE MAYNARD RD,,CARY,NC,27511,(919) 466-4377,1092027600000,11 - Public School Lunch,-78.76566336,35.780815,M,Not Provided
3075,04092110157,HOLLY SPRINGS HIGH SCH. CAFETERIA ,5329 CASS HOLT RD ,,HOLLY SPRINGS,NC,27540,(919) 577-1444,1152248400000,11 - Public School Lunch,-78.84882309,35.62890395,M,Not Provided
3076,04092110158,BARWELL ROAD ELEM. SCH. CAFETERIA,3925 BARWELL RD ,,RALEIGH,NC,27610,(919) 661-5405,1152162000000,11 - Public School Lunch,-78.55085967,35.73215192,M,Not Provided
3077,04092110159,BRIER CREEK ELEM. SCH. LUNCHROOM,9801 BRIER CREEK PKY,,RALEIGH,NC,27617,(919) 484-4747,1152075600000,11 - Public School Lunch,-78.80520934,35.90134323,M,Not Provided
3078,04092110460,HARRIS CREEK ELEM. SCHOOL LUNCHROOM,3829 FORESTVILLE RD ,,RALEIGH,NC,27616,(919) 217-5100,1155877200000,11 - Public School Lunch,-78.5120161,35.87303856,M,Not Provided
3079,04092110462,EAST GARNER ELEMENTARY LUNCHROOM,5545 JONES SAUSAGE RD ,,GARNER,NC,27529,(919) 773-7411,1176872400000,11 - Public School Lunch,-78.58680158,35.7084921,M,Not Provided
3080,04092110461,PANTHER CREEK HIGH SCH. CAFETERIA ,6770 MCCRIMMON PKWY ,,CARY,NC,27513,(919) 463-8656,1156136400000,11 - Public School Lunch,-78.88879132,35.830181,M,Not Provided
3081,04092110464,WAKELON ELEMENTARY SCH. LUNCHROOM,8921 PIPPIN RD.,,ZEBULON,NC,27597,(919) 404-3844,1181624400000,11 - Public School Lunch,-78.33536765,35.85558798,M,Not Provided
3082,04092110463,HOLLY GROVE ELEMENTARY CAFETERIA,1451 AVENT FERRY RD,,HOLLY SPRINGS,NC,27540,(919) 577-1709,1177995600000,11 - Public School Lunch,-78.84882309,35.62890395,M,Not Provided
3083,04092110467,NORTH WAKE COLLEGE   CAREER ACADEMY-CAFETERIA,931 DURHAM HWY,,WAKE FOREST,NC,27587,(919) 570-2203,1187672400000,11 - Public School Lunch,-78.54178249,35.97656588,M,Not Provided
3084,04092110469,AVERSBORO ELEMENTARY SCHOOL LUNCHROOM,1605  AVERSBORO RD ,,GARNER,NC,27529,(919) 625-7842,1207285200000,11 - Public School Lunch,-78.61520765,35.68907785,M,Not Provided
3085,04092110465,SANFORD CREEK ELEM. CAFETERIA,707 GRANITE FALLS BLVD ,,ROLESVILLE,NC,27571,(919) 570-2115,1183698000000,11 - Public School Lunch,-78.46033036,35.92844393,M,Not Provided
3086,04092110466,NORTH FOREST PINES ELEM. CAF.,11501 FOREST PINES DR ,,RALEIGH,NC,27614,(919) 570-2220,1184043600000,11 - Public School Lunch,-78.54699492,35.95342696,M,Not Provided
3087,04092110471,LAUREL PARK LUNCH ROOM,2450 LAURA DUNCAN  RD ,,APEX,NC,27523,(919) 290-2333,1215061200000,11 - Public School Lunch,-78.82634042,35.75915293,M,Not Provided
3088,04092110468,FOREST PINES DRIVE ELEMENTARY,11455 FOREST PINES DR ,,RALEIGH,NC,27614,(919) 562-6269,1188190800000,11 - Public School Lunch,-78.54699492,35.95342696,M,Not Provided
3089,04092110470,MILLS PARK ELEMENTARY CAFETERIA,509 MILLS PARK DR ,,CARY,NC,27519,(919) 466-1466,1212987600000,11 - Public School Lunch,-78.8960819,35.81195542,M,Not Provided
3090,04092110473,BANKS ROAD ELEMENTARY CAFETERIA,10225 CHAMBERS RD ,,RALEIGH,NC,27603,(919) 856-2918,1217480400000,11 - Public School Lunch,-78.70915971,35.63117279,M,Not Provided
3091,04092110472,SYCAMORE CREEK CAFETERIA,10921 LEESVILLE RD ,,RALEIGH,NC,27613,(919) 841-4333,1216789200000,11 - Public School Lunch,-78.73295653,35.91837298,M,Not Provided
3092,04092110475,POE ELEMENTARY CAFETERIA,400 PEYTON ST ,,RALEIGH,NC,27610,(919) 250-4777,1227243600000,11 - Public School Lunch,-78.60504008,35.77326467,M,Not Provided
3093,04092110477,CHARLES BUGG CAFETERIA,825 COOPER ST ,,RALEIGH,NC,27610,,1235624400000,11 - Public School Lunch,-78.58616915,35.76520076,M,Not Provided
3094,04092110478,EAST WAKE HIGH SCHOOL,5101 ROLESVILLE RD ,,WENDELL,NC,27591,(919) 365-2625,1238648400000,11 - Public School Lunch,-78.42429805,35.81293598,M,Not Provided
3095,04092110476,RIVER BEND ELEMENTARY CAFETERIA,6710 PERRY CREEK RD ,,RALEIGH,NC,27616,(919) 431-8010,1228280400000,11 - Public School Lunch,-78.53592493,35.86466032,M,Not Provided
3096,04092110479,LAKE MYRA ELEMENTARY CAFETERIA,1300 ELK FALLS  DR ,,WENDELL,NC,27591,(919) 365-8990,1240549200000,11 - Public School Lunch,-78.42971513,35.76143766,M,Not Provided
3097,04092110481,HERBERT AKINS ELEMENTARY LUNCHROOM,2255 HERBERT AKINS RD ,,FUQUAY-VARINA,NC,27526,(919) 567-4120,1244523600000,11 - Public School Lunch,-78.80360551,35.62112812,M,Not Provided
3098,04092110483,SMITH MAGNET ELEMENTARY SCHOOL CAFETERIA,1101 MAXWELL DR ,,RALEIGH,NC,27603,(919) 662-2465,1250226000000,11 - Public School Lunch,-78.6533898,35.71157128,M,Not Provided
3099,04092110474,MARTIN MIDDLE SCHOOL CAFETERIA,1701  RIDGE RD ,,RALEIGH,NC,27607,(919) 881-4970,1219208400000,11 - Public School Lunch,-78.68698837,35.81248692,M,Not Provided
3100,04092110482,EAST MILLBROOK MIDDLE SCHOOL CAFETERIA,3801 SPRING FOREST RD ,,RALEIGH,NC,27616,(919) 850-8755,1250226000000,11 - Public School Lunch,-78.57481573,35.85784732,M,Not Provided
3101,04092110484,HERITAGE HIGH SCHOOL CAFETERIA,1150 FORESTVILLE RD ,,WAKE FOREST,NC,27587,(919) 570-5600,1250485200000,11 - Public School Lunch,-78.51100217,35.94014322,M,Not Provided
3102,04092110485,LACY ELEMENTARY CAFETERIA,2001 LAKE BOONE  TRL ,,RALEIGH,NC,27607,(919) 881-4920,1250226000000,11 - Public School Lunch,-78.68073704,35.814224,M,Not Provided
3103,04092110480,WENDELL MIDDLE SCHOOL CAFETERIA,3407 NC HWY 97 ,,WENDELL,NC,27591,(919) 365-1667,1241499600000,11 - Public School Lunch,-78.39527119,35.8053409,M,Not Provided
3104,04092110486,ROOT ELEMENTARY CAFETERIA,3202 NORTHAMPTON ST ,,RALEIGH,NC,27609,(919) 881-4940,1252904400000,11 - Public School Lunch,-78.65044006,35.82537533,M,Not Provided
3105,04092110490,HOLLY GROVE MIDDLE SCHOOL CAFETERIA,1401  AVENT FERRY RD ,,HOLLY SPRINGS,NC,27540,(919) 567-4177,1269925200000,11 - Public School Lunch,-78.84882309,35.62890395,M,Not Provided
3106,04092110493,WAKE FOREST HIGH SCHOOL CAFETERIA,420  STADIUM  DR ,,WAKE FOREST,NC,27587,(919) 554-8461,1280466000000,11 - Public School Lunch,-78.51629976,35.98569288,M,Not Provided
3107,04092110487,ALSTON RIDGE ELEMENTARY SCHOOL CAFETERIA,11555 GREEN LEVEL CHURCH  RD ,,CARY,NC,27519,(919) 544-2474,1258088400000,11 - Public School Lunch,-78.89958947,35.85921609,M,Not Provided
3108,04092110491,MILLS PARK MIDDLE SCHOOL CAFETERIA,441 MILLS PARK DR ,,CARY,NC,27519,(919) 466-1500,1271998800000,11 - Public School Lunch,-78.8960819,35.81195542,M,Not Provided
3109,04092110498,ROLESVILLE HIGH SCHOOL CAFETERIA,1099 E YOUNG ST ,,ROLESVILLE,NC,27571,(919) 554-6303,1371186000000,11 - Public School Lunch,-78.44139787,35.90590689,M,Not Provided
3110,04092110495,WILBURN ELEMENTARY CAFETERIA,3707 MARSH CREEK RD ,,RALEIGH,NC,27604,(919) 850-8738,1318914000000,11 - Public School Lunch,-78.57496049,35.82146866,M,Not Provided
3111,04092110496,ROLESVILLE MIDDLE SCHOOL CAFE,4700 BURLINGTON MILLS RD ,,ROLESVILLE,NC,27571,(919) 570-2260,1331096400000,11 - Public School Lunch,-78.4808036,35.9142948,M,Not Provided
3112,04092110494,WALNUT CREEK ELEMENTARY CAFETERIA,2600 SUNNYBROOK RD ,,RALEIGH,NC,27610,(919) 857-9500,1306904400000,11 - Public School Lunch,-78.5881719,35.74509526,M,Not Provided
3113,04092110501,VERNON MALONE COLLEGE   CAREER ACADEMY CAFETER,2200 S. WILMINGTON ST.,,RALEIGH,NC,27603,(919) 856-8119,1404104400000,11 - Public School Lunch,-78.64408215,35.75226793,M,Not Provided
3114,04092110500,RICHLAND CREEK ELEMENTARY SCHOOL CAFETERIA,840 WALLRIDGE DRIVE,,WAKE FOREST,NC,27587,(919) 554-6333,1402376400000,11 - Public School Lunch,-78.51629942,36.00604187,M,Not Provided
3115,04092110502,CARDINAL CHARTER ACADEMY,1020 ST. CHARLES PLACE,,CARY,NC,27513,(919) 653-5000,1408338000000,11 - Public School Lunch,-78.78075602,35.80125484,M,Not Provided
3116,04092110505,SCOTTS RIDGE ELEMENTARY CAFETERIA,6601 APEX BARBEQUE RD ,,APEX,NC,27502,(919) 694-0300,1438318800000,11 - Public School Lunch,-78.88297973,35.7216417,M,Not Provided
3117,04092110504,APEX FRIENDSHIP HIGH SCHOOL CAFETERIA,7901 HUMIE OLIVE RD ,,APEX,NC,27502,(919) 694-0500,1432270800000,11 - Public School Lunch,-78.9109833,35.7002117,M,Not Provided
3118,04092110506,ABBOTTS CREEK ELEMENTARY CAFETERIA,9900 DURANT RD ,,RALEIGH,NC,27614,(919) 694-0555,1440133200000,11 - Public School Lunch,-78.57818374,35.90199265,M,Not Provided
3119,04092110508,PINE HOLLOW MIDDLE SCHOOL CAFETERIA,5365 BARTRAM PL ,,RALEIGH,NC,27617,(919) 694-8880,1464066000000,11 - Public School Lunch,-78.73483719,35.90794014,M,Not Provided
3120,04092110510,SOUTH GARNER HIGH SCHOOL CAFETERIA,8228 HEBRON CHURCH RD ,,GARNER,NC,27529,(919) 662-2379,1468472400000,11 - Public School Lunch,-78.57968267,35.6550237,M,Not Provided
3121,04092110507,GREEN LEADERSHIP AND WORLD LANGUAGES MAGNET ELEMEN,5307 SIX FORKS RD ,,RALEIGH,NC,27609,(919) 431-8141,1462424400000,11 - Public School Lunch,-78.64443256,35.85412099,M,Not Provided
3122,04092110513,BEAVERDAM ELEMENTARY SCHOOL CAFETERIA,3591 TARHEEL CLUB RD ,,RALEIGH,NC,27604,(919) 694-0222,1472101200000,11 - Public School Lunch,-78.52786518,35.82125224,M,Not Provided
3123,04092110509,OAK VIEW ELEMENTARY SCHOOL CAFETERIA,11500 HOLLY SPRINGS NEW HILL RD ,,APEX,NC,27571,(919) 694-8885,1467781200000,11 - Public School Lunch,-78.86601091,35.66227662,M,Not Provided
3124,04092110512,WHITE OAK ELEMENTARY SCHOOL CAFETERIA,1512 WHITE OAK CHURCH RD ,,CARY,NC,27523,(919) 694-0202,1470978000000,11 - Public School Lunch,-78.92177114,35.7805826,M,Not Provided
3125,04092110511,PLEASANT GROVE CHURCH ROAD ELEMENTARY CAFETERIA,3605 PLEASANT GROVE CHURCH RD ,,CARY,NC,27560,(919) 694-8770,1469682000000,11 - Public School Lunch,-78.82078683,35.8868449,M,Not Provided
3126,04092110514,ROLESVILLE ELEMENTARY SCHOOL CAFETERIA,307 S MAIN ST ,,ROLESVILLE,NC,27571,(919) 554-8686,1482901200000,11 - Public School Lunch,-78.46231853,35.91862363,M,Not Provided
3127,04092110515,BRYAN ROAD ELEMENTARY SCHOOL CAFETERIA,8317 BRYAN RD ,,GARNER,NC,27529,(919) 694-7844,1490072400000,11 - Public School Lunch,-78.59006674,35.66633611,M,Not Provided
3128,04092110516,ROGERS LANE ELEMENTARY SCHOOL,201 N ROGERS LN ,,RALEIGH,NC,27610,(919) 694-8670,1496293200000,11 - Public School Lunch,-78.54771283,35.77787166,M,Not Provided
3129,04092110517,GREEN LEVEL HIGH SCHOOL CAFETERIA,7600 ROBERTS RD ,,CARY,NC,27519,(919) 694-8222,1494910800000,11 - Public School Lunch,-78.89827815,35.77347067,M,Not Provided
3130,04092110519,RIVER BEND MIDDLE SCHOOL CAFETERIA,6620 PERRY CREEK RD ,,RALEIGH,NC,27616,(919) 694-8690,1498194000000,11 - Public School Lunch,-78.53657217,35.86167324,M,Not Provided
3131,04092110518,HORTON'S CREEK ELEMENTARY SCHOOL CAFETERIA,7615 O'KELLY CHAPEL RD ,,CARY,NC,27519,(919) 694-8660,1498021200000,11 - Public School Lunch,-78.90733972,35.84189059,M,Not Provided
3132,04092110522,LINCOLN HEIGHTS ELEMENTARY SCHOOL CAFETERIA,307 BRIDGES ST ,,FUQUAY-VARINA,NC,27526,(919) 557-2592,1513659600000,11 - Public School Lunch,-78.80978002,35.59015097,M,Not Provided
3133,04092110524,BUCKHORN ELEMENTARY SCHOOL CAFETERIA,5651 HONEYCUTT RD ,,HOLLY SPRINGS,NC,27540,(919) 694-8970,1532062800000,11 - Public School Lunch,-78.84419025,35.61831079,M,Not Provided
3134,04092110525,APEX FRIENDSHIP MIDDLE SCHOOL CAFETERIA,7701 HUMIE OLIVE RD ,,APEX,NC,27502,(919) 694-8960,1531976400000,11 - Public School Lunch,-78.9109833,35.7002117,M,Not Provided
3135,04092110521,BROOKS ELEMENTARY MAGNET SCHOOL CAFETERIA,700 NORTHBROOK DR ,,RALEIGH,NC,27609,(919) 881-1350,1502341200000,11 - Public School Lunch,-78.65482646,35.84526541,M,Not Provided
3136,04092110527,GARNER HIGH SCHOOL CAFETERIA,2101 SPRING DR ,,GARNER,NC,27529,(919) 662-2379,1530162000000,11 - Public School Lunch,-78.63740248,35.70995069,M,Not Provided
3137,04092110529,CARL SANDBURG CAFETERIA,3351 CARL SANDBURG CT ,,RALEIGH,NC,27610,(919) 694-7707,1537851600000,11 - Public School Lunch,-78.58069332,35.78102208,M,Not Provided
3138,04092110526,VANDORA SPRINGS ELEMENTARY SCHOOL CAFETERIA,1300 VANDORA SPRINGS RD ,,GARNER,NC,27529,,1532322000000,11 - Public School Lunch,-78.62839982,35.69907003,M,Not Provided
3139,04092110530,WILLOW SPRING HIGH SCHOOL CAFETERIA,1704 OLD HONEYCUTT RD ,,FUQUAY-VARINA,NC,27526,(919) 694-8030,1557982800000,11 - Public School Lunch,-78.73713953,35.57530164,M,Not Provided
3140,04092110531,SE RALEIGH ELEMENTARY CAFETERIA,1436 ROCK QUARRY RD,,RALEIGH,NC,27610-4187,(919) 694-8444,1556254800000,11 - Public School Lunch,-78.61606541,35.76040267,M,Not Provided
3141,04092110533,ALSTON RIDGE MIDDLE SCHOOL CAFETERIA,7833 FUSSELL AVE ,,CARY,NC,27519,(919) 694-8044,1561698000000,11 - Public School Lunch,-78.90508905,35.85575774,M,Not Provided
3142,04092110535,APEX HIGH SCHOOL CAFETERIA,1501 LAURA DUNCAN RD ,,APEX,NC,27502,(919) 387-2208,1564635600000,11 - Public School Lunch,-78.83842351,35.74580476,M,Not Provided
3143,04092110532,PARKSIDE ELEMENTARY SCHOOL CAFETERIA,332 PARKSIDE VALLEY DR,,MORRISVILLE,NC,27560,(919) 694-7888,1561525200000,11 - Public School Lunch,-78.86214557,35.84264709,M,Not Provided
3144,04092110536,BARTON POND ELEMENTARY SCHOOL CAFETERIA,12004 STRICKLAND RD,,RALEIGH,NC,27613,,1565758800000,11 - Public School Lunch,-78.69600737,35.90795082,M,Not Provided
3145,04092110537,NORTH RIDGE ELEMENTARY SCHOOL CAFETERIA,7120 HARPS MILL RD,,RALEIGH,NC,27615-5322,(919) 870-4100,1565758800000,11 - Public School Lunch,-78.62266514,35.88122781,M,Not Provided
3146,04092110538,WILEY ELEMENTARY SCHOOL CAFE,301 ST MARYS ST,,RALEIGH,NC,27605-1731,(919) 856-7723,1580101200000,11 - Public School Lunch,-78.65174531,35.78472142,M,Not Provided
3147,04092110539,NEUSE RIVER MIDDLE SCHOOL CAFETERIA,2700 OLD MILBURNIE RD ,,RALEIGH,NC,27604,(919) 266-8500,1589950800000,11 - Public School Lunch,-78.50144594,35.82607733,M,Not Provided
3148,04092110540,SOUTH LAKES ELEMENTARY SCHOOL CAFETERIA,190 SE FUQUAY VARINA PKWY,,FUQUAY-VARINA,NC,27526,,1596603600000,11 - Public School Lunch,-78.74479378,35.58194347,M,Not Provided
3149,04092110541,STOUGH ELEMENTARY SCHOOL CAFETERIA,4210 EDWARDS MILL RD,,RALEIGH,NC,27612-5404,(919) 856-2918,1597813200000,11 - Public School Lunch,-78.69196378,35.83533017,M,Not Provided
3150,04092110543,FUQUAY VARINA HIGH SCHOOL CAFETERIA,201 BENGAL  BLVD ,,FUQUAY-VARINA,NC,27526,(919) 557-2511,1628226000000,11 - Public School Lunch,-78.79460244,35.59800755,M,Not Provided
3151,04092110545,HERBERT AKINS MIDDLE SCHOOL CAFETERIA,2255 HERBERT AKINS RD,,FUQUAY-VARINA,NC,27526,(919) 694-8300,1649307600000,11 - Public School Lunch,-78.80360551,35.62112812,M,Not Provided
3152,04092110546,WEST MILLBROOK MIDDLE SCHOOL CAFETERIA,8115 STRICKLAND RD,,RALEIGH,NC,27615,(919) 870-4050,1649826000000,11 - Public School Lunch,-78.63205979,35.89273906,M,Not Provided
3153,04092110542,EMMA CONN MAGNET ELEMENTARY SCHOOL CAFETERIA,1220 BROOKSIDE DR,,RALEIGH,NC,27604,(919) 856-7637,1609304400000,11 - Public School Lunch,-78.62274282,35.79584684,M,Not Provided
3154,04092110547,FULLER ELEMENTARY CAFETERIA,806 CALLOWAY RD ,,RALEIGH,NC,27610,(919) 856-7625,1659589200000,11 - Public School Lunch,-78.6240614,35.75492226,M,Not Provided
3155,04092110548,APEX FRIENDSHIP ELEM. CAFE.,7901 HUMIE OLIVE RD,,APEX,NC,27502-9048,(919) 694-8454,1660712400000,11 - Public School Lunch,-78.9109833,35.7002117,M,Not Provided
3156,04092110550,PREEMINENT CHARTER ACADEMY CAFETERIA,3815 ROCK QUARRY RD,,RALEIGH,NC,27610,,1695618000000,11 - Public School Lunch,-78.58212983,35.74627267,M,Not Provided
3157,04092110551,FUQUAY VARINA MIDDLE SCHOOL CAFETERIA,1201 BOWLING RD,,FUQUAY-VARINA,NC,27526,(919) 588-3608,1719378000000,11 - Public School Lunch,-78.79688243,35.56535681,M,Not Provided
3158,04092110544,YORK ELEMENTARY SCHOOL CAFETERIA,5201 BROOKHAVEN DR,,RALEIGH,NC,27612,(919) 881-4960,1638334800000,11 - Public School Lunch,-78.68439162,35.8522484,M,Not Provided
3159,04092141881,FUQUAY-VARINA HS CONCESSION FOOTBALL MAIN,201 BENGAL BLVD,,FUQUAY-VARINA,NC,27526-1603,,1724994000000,14 - Limited Food,-78.79460244,35.59800755,M,Not Provided
3160,04092110549,WOODS CREEK ELEMENTARY SCHOOL CAFETERIA,7451 WOODS CREEK RD,,APEX,NC,27539,(919) 387-2168,1674622800000,11 - Public School Lunch,-78.88890732,35.6828967,M,Not Provided
3161,04092141882,FUQUAY-VARINA HS CONCESSION FOOTBALL LOWER,201 BENGAL BLVD,,FUQUAY-VARINA,NC,27526-1603,,1724994000000,14 - Limited Food,-78.79460244,35.59800755,M,Not Provided
3162,04092141896,FUQUAY-VARINA HS CONCESSION BASKETBALL,201 BENGAL BLVD ,,FUQUAY-VARINA,NC,27526,,1724994000000,14 - Limited Food,-78.79460244,35.59800755,M,Not Provided
3163,04092141897,FUQUAY-VARINA HS CONCESSION BASEBALL,201 BENGAL BLVD ,,FUQUAY-VARINA,NC,27526,,1724994000000,14 - Limited Food,-78.79460244,35.59800755,M,Not Provided
3164,04092160010,REX REHABILITATION AND NURSING CARE CENTER CAFE,4210 LAKE BOONE TRA ,,RALEIGH,NC,27609,(919) 784-6632,1050469200000,16 - Institutional Food Service,-78.70241812,35.81817357,M,Not Provided
3165,04092141904,APEX FRIENDSHIP HIGH SCHOOL CONCESSIONS,7801 HUMIE OLIVE RD ,,APEX,NC,27502,(919) 608-5834,1722574800000,14 - Limited Food,-78.9109833,35.7002117,M,Not Provided
3166,04092160013,HILLSIDE NURSING CENTER FOODSERVICE,968 E WAIT AVE,,WAKE FOREST,NC,27587,(919) 556-4082,1054875600000,16 - Institutional Food Service,-78.49470384,35.97149988,M,Not Provided
3167,04092160025,WELLINGTON NURSING CENTER KITCHEN,1000 TANDAL PL,,KNIGHTDALE,NC,27545,(919) 266-7744,1056862800000,16 - Institutional Food Service,-78.50919477,35.79338925,M,Not Provided
3168,04092160011,SUNRISE AT NORTH HILLS KITCHEN,615 SPRING FOREST RD ,,RALEIGH,NC,27609,(919) 981-6100,1050901200000,16 - Institutional Food Service,-78.62504989,35.86558665,M,Not Provided
3169,04092160026,HOLLY HILL HOSPITAL KITCHEN,3019 FALSTAFF RD,,RALEIGH,NC,27610,(919) 250-7000,1056776400000,16 - Institutional Food Service,-78.5839694,35.78299484,M,Not Provided
3170,04092160031,TOWER NURSING AND REHABILITATION CENTER KITCHEN,3609 BOND ST,,RALEIGH,NC,27604,(919) 231-8113,1057813200000,16 - Institutional Food Service,-78.58154882,35.80357742,M,Not Provided
3171,04092160047,CAPITAL NURSING AND REHABILITATION CENTER KITCHEN,3000 HOLSTON LN ,,RALEIGH,NC,27610,(919) 231-6045,1138338000000,16 - Institutional Food Service,-78.58302974,35.78492867,M,Not Provided
3172,04092160041,REX NURSING CARE OF APEX FOOD SERVICE,911 S HUGHES ST ,,APEX,NC,27502,(919) 363-6011,1055826000000,16 - Institutional Food Service,-78.84777199,35.71882461,M,Not Provided
3173,04092160050,BRIGHTON GARDENS ASSISTED LIVING OF RALEIGH KITCHE,3101 DURALEIGH RD,,RALEIGH,NC,27612,(919) 571-1123,1143781200000,16 - Institutional Food Service,-78.70689229,35.82273808,M,Not Provided
3174,04092160054,WAKE ASSISTED LIVING (KITCHEN),2800 KIDD RD,,RALEIGH,NC,27610,(919) 231-7575,1149051600000,16 - Institutional Food Service,-78.59052182,35.77875601,M,Not Provided
3175,04092160052,BROOKDALE MACARTHUR PARK,111 MAC ARTHUR DR,,CARY,NC,27511,(919) 460-5959,1145941200000,16 - Institutional Food Service,-78.835521,35.7724556,M,Not Provided
3176,04092160021,WOODLAND TERRACE ASSISTED LIVING FOODSERVICE,300 KILDAIRE WOODS DR ,,CARY,NC,27511,(919) 465-0356,999666000000,16 - Institutional Food Service,-78.77900843,35.76613693,M,Not Provided
3177,04092160058,BROOKDALE WAKE FOREST DINING,611 S BROOKS ST,,WAKE FOREST,NC,27587,(919) 562-8400,1157432400000,16 - Institutional Food Service,-78.50959476,35.97068105,M,Not Provided
3178,04092160069,ZEBULON HOUSE (KITCHEN),551 PONY RD ,,ZEBULON,NC,27597,(919) 269-6061,1234933200000,16 - Institutional Food Service,-78.33214073,35.81678007,M,Not Provided
3179,04092160065,BROOKDALE CARY FOOD SERVICE,7870 CHAPEL HILL RD ,,CARY,NC,27573,(919) 852-1355,1221800400000,16 - Institutional Food Service,-78.76164335,35.79641192,M,Not Provided
3180,04092160070,SUNRISE OF CARY FOODSERVICE,1206 W CHATHAM ST ,,CARY,NC,27513,(919) 462-9147,1239858000000,16 - Institutional Food Service,-78.80900084,35.7715916,M,Not Provided
3181,04092160074,TRANSITIONS LIFECARE,200 HOSPICE CIR ,,RALEIGH,NC,27607,(919) 828-8514,1260766800000,16 - Institutional Food Service,-78.74158227,35.80732092,M,Not Provided
3182,04092160080,ZEBULON REHABILITATION CENTER FOOD SERVICE,509 W GANNON AVE.,,ZEBULON,NC,27597,(919) 269-9621,1401858000000,16 - Institutional Food Service,-78.32569598,35.8196504,M,Not Provided
3183,04092160083,RALEIGH REHABILITATION CENTER KITCHEN,616 WADE AVE ,,RALEIGH,NC,27605-1237,(919) 828-6251,1406005200000,16 - Institutional Food Service,-78.65108297,35.79677233,M,Not Provided
3184,04092160063,HILLCREST RALEIGH AT CRABTREE VALLEY REHAB   H,3830 BLUE RIDGE RD ,,RALEIGH,NC,27612,(919) 781-4900,1190091600000,16 - Institutional Food Service,-78.68116697,35.83200791,M,Not Provided
3185,04092160086,HOLLY HILL ADULT HOSPITAL FOODSERVICE,221 MICHAEL J. SMITH LN ,,RALEIGH,NC,27610,(919) 250-7000,1527224400000,16 - Institutional Food Service,-78.5783839,35.77913325,M,Not Provided
3186,04092160087,DUNMORE SENIOR LIVING OF ZEBULON KITCHEN,1205 W GANNON AVE,,ZEBULON,NC,27597,(919) 375-4504,1569992400000,16 - Institutional Food Service,-78.34034482,35.82143324,M,Not Provided
3187,04092160081,SUNNYBROOK REHABILITATION CENTER FOODSERVICE,25 SUNNYBROOK RD,,RALEIGH,NC,27610,(919) 231-6150,1405573200000,16 - Institutional Food Service,-78.58398223,35.78588384,M,Not Provided
3188,04092160089,HILLTOP HOME KITCHEN,2820 KIDD  RD ,PO BOX 46749,RALEIGH,NC,27610-6749,(919) 231-8315,1583211600000,16 - Institutional Food Service,-78.58905183,35.77751292,M,Not Provided
3189,04092160088,SUNRISE OF RALEIGH ASSISTED LIVING FOODSERVICE,4801 EDWARDS MILL RD ,,RALEIGH,NC,27612,(919) 787-0777,1631077200000,16 - Institutional Food Service,-78.68554262,35.8397289,M,Not Provided
3190,04092160091,TERRABELLA OF NORTHRIDGE KITCHEN,600 NEWTON RD ,,RALEIGH,NC,27615,(919) 848-4906,1631163600000,16 - Institutional Food Service,-78.63711355,35.87834949,M,Not Provided
3191,04092160090,THE ROSEWOOD KITCHEN AT CYPRESS OF RALEIGH,8710 CYPRESS CLUB DR ,,RALEIGH,NC,27615,(919) 518-8929,1603429200000,16 - Institutional Food Service,-78.66056371,35.90013915,M,Not Provided
3192,04092160084,THE CARDINAL AT NORTH HILLS INSTITUTIONAL FOOD SER,311 GARDEN AT NORTH HILLS ST ,,RALEIGH,NC,27609,(984) 204-8444,1493960400000,16 - Institutional Food Service,-78.63538306,35.83593149,M,Not Provided
3193,04092160092,RALEIGH OAKS BEHAVIORAL HEALTH DINING,3200  WATERFIELD DR ,,GARNER,NC,27529,(919) 504-1333,1659416400000,16 - Institutional Food Service,-78.56102093,35.67811577,M,Not Provided
3194,04092160095,THE CARDINAL TOWER - ASSISTED LIVING KITCHEN,320 ST ALBANS DR,,RALEIGH,NC,27609-6655,,1679806800000,16 - Institutional Food Service,-78.63427855,35.83604958,M,Not Provided
3195,04092160093,SPRING ARBOR OF CARY FOOD SERVICE,1705 KILDAIRE FARM RD ,,CARY,NC,27511,(919) 388-9635,1664168400000,16 - Institutional Food Service,-78.78033719,35.74536577,M,Not Provided
3196,04092160094,SPRING ARBOR OF APEX FOOD SERVICE,901 SPRING ARBOR CT ,,APEX,NC,27502,(919) 303-9990,1666242000000,16 - Institutional Food Service,-78.86469173,35.73535585,M,Not Provided
3197,04092160096,LITCHFORD FALLS HEALTH AND REHABILITATION KITCHEN,8200 LITCHFORD RD ,,RALEIGH,NC,27615,(919) 878-7772,1722488400000,16 - Institutional Food Service,-78.6016784,35.89048056,M,Not Provided
3198,04092300004,LARRY'S SUPERMARKET - MEAT MARKET,2041 MILBURNIE RD ,,RALEIGH,NC,27610-2211,(919) 834-0152,691909200000,30 - Meat Market,-78.61292832,35.78878125,M,Not Provided
3199,04092300027,SAM'S CLUB #8223 MEAT MARKET,2537 S SAUNDERS ST ,,RALEIGH,NC,27603-2843,(919) 839-1700,713077200000,30 - Meat Market,-78.64662048,35.75036893,M,Not Provided
3200,04092300052,HARRIS TEETER #289 MEAT MARKET,2603 GLENWOOD AVE ,,RALEIGH,NC,27608-1044,(919) 787-5526,683182800000,30 - Meat Market,-78.66062738,35.81550133,M,Not Provided
3201,04092300067,PAULS CASH GROCERY MEAT MARKET,7301 POOLE RD ,,RALEIGH,NC,27610-9366,(919) 266-2624,683182800000,30 - Meat Market,-78.51574177,35.75588643,M,Not Provided
3202,04092300094,HARRIS TEETER #21 MEAT MARKET,500 OBERLIN RD ,,RALEIGH,NC,27605-1327,(919) 828-9216,783666000000,30 - Meat Market,-78.66105896,35.79148992,M,Not Provided
3203,04092300113,WHOLE FOODS MARKET MEAT MARKET,3540 WADE AVE ,,RALEIGH,NC,27607-4048,(919) 828-5805,866696400000,30 - Meat Market,-78.68557988,35.80211883,M,Not Provided
3204,04092300060,HARRIS TEETER #69 MEAT MARKET,3201-123 EDWARDS MILL RD,,RALEIGH,NC,27612-5385,(919) 781-8776,683182800000,30 - Meat Market,-78.70695545,35.82544758,M,Not Provided
3205,04092300121,SAM'S CLUB #6570 MEAT MARKET,3001 CALVARY DR ,,RALEIGH,NC,27604-2801,(919) 874-0112,895122000000,30 - Meat Market,-78.58500532,35.84648891,M,Not Provided
3206,04092300142,FOOD LION #1459 MEAT MARKET,1508 BROAD ST ,,FUQUAY-VARINA,NC,27526-8363,(919) 577-1000,962427600000,30 - Meat Market,-78.80247593,35.60486538,M,Not Provided
3207,04092300146,FOOD LION #193 MEAT MARKET,5633 CREEDMOOR RD,,RALEIGH,NC,27612-6316,(919) 781-0597,962427600000,30 - Meat Market,-78.68200654,35.85879308,M,Not Provided
3208,04092300143,FOOD LION #938 MEAT MARKET,517 N MAIN ST,,HOLLY SPRINGS,NC,27540-9397,(919) 557-1175,962427600000,30 - Meat Market,-78.83686967,35.65965929,M,Not Provided
3209,04092300147,FOOD LION #1484 MEAT MARKET,2420 WYCLIFF RD ,,RALEIGH,NC,27607-2903,(919) 571-3638,962427600000,30 - Meat Market,-78.69299571,35.81676957,M,Not Provided
3210,04092300148,FOOD LION #1481 MEAT MARKET ,7713 LEAD MINE RD ,,RALEIGH,NC,27615-4805,(919) 518-1607,962427600000,30 - Meat Market,-78.6604412,35.88617756,M,Not Provided
3211,04092300150,FOOD LION #1374 MEAT MARKET,9525 STRICKLAND RD ,,RALEIGH,NC,27615-1936,(919) 676-0141,962427600000,30 - Meat Market,-78.65461063,35.89932731,M,Not Provided
3212,04092300151,FOOD LION #1079 MEAT MARKET,5621 LOUISBURG RD,,RALEIGH,NC,27616-5353,(919) 981-0402,962427600000,30 - Meat Market,-78.55796941,35.85459908,M,Not Provided
3213,04092300149,FOOD LION #1557 MEAT MARKET ,4827 GROVE BARTON RD,,RALEIGH,NC,27613,,962427600000,30 - Meat Market,-78.71753987,35.86797291,M,Not Provided
3214,04092300152,FOOD LION #247 MEAT MARKET,4510 CAPITAL BLV ,,RALEIGH,NC,27604-4353,(919) 876-8126,962427600000,30 - Meat Market,-78.57896431,35.84571465,M,Not Provided
3215,04092300140,WHOLE FOODS MARKET MEAT MARKET,102 B NEW WAVERLY PL ,,CARY,NC,27511,,957848400000,30 - Meat Market,-78.77852676,35.7366694,M,Not Provided
3216,04092300153,FOOD LION #1259 MEAT MARKET ,3685 NEW BERN AVE ,,RALEIGH,NC,27610-1232,(919) 231-7294,962427600000,30 - Meat Market,-78.57924099,35.79885208,M,Not Provided
3217,04092300155,FOOD LION #586 MEAT MARKET ,3416 POOLE RD ,,RALEIGH,NC,27610-2918,,962427600000,30 - Meat Market,-78.57953607,35.76724392,M,Not Provided
3218,04092300154,FOOD LION #757 MEAT MARKET,1100-122 RALEIGH BLV,,RALEIGH,NC,27610-1076,(919) 829-7077,962427600000,30 - Meat Market,-78.61144572,35.79422701,M,Not Provided
3219,04092300156,FOOD LION #1654 MEAT MARKET,7440 LOUISBURG RD ,,RALEIGH,NC,27616-6482,(919) 875-1394,962427600000,30 - Meat Market,-78.53977075,35.87454257,M,Not Provided
3220,04092300157,FOOD LION #1669 MEAT MARKET,1601 CROSS LINK RD ,,RALEIGH,NC,27610-4186,(919) 807-1395,953096400000,30 - Meat Market,-78.6148089,35.7548246,M,Not Provided
3221,04092300158,FOOD LION #561 MEAT MARKET,217 TIMBER DR ,,GARNER,NC,27529-4870,(919) 779-5551,962427600000,30 - Meat Market,-78.60613274,35.68500311,M,Not Provided
3222,04092300162,FOOD LION #341 MEAT MARKET,114 WAKELON ST ,,ZEBULON,NC,27597-2403,(919) 269-6122,962427600000,30 - Meat Market,-78.31858232,35.83228581,M,Not Provided
3223,04092300160,FOOD LION #815 MEAT MARKET ,2837 WENDELL BLV ,,WENDELL,NC,27591-6904,(919) 365-3002,962427600000,30 - Meat Market,-78.38037272,35.79568491,M,Not Provided
3224,04092300163,FOOD LION #1573 MEAT MARKET,3926 WESTERN BLVD ,,RALEIGH,NC,27606-1937,(919) 664-8059,962427600000,30 - Meat Market,-78.69252396,35.78575692,M,Not Provided
3225,04092300165,FOOD LION #1491 MEAT MARKET,3151-113 CAPITAL BLV ,,RALEIGH,NC,27604-3335,(919) 790-6728,962427600000,30 - Meat Market,-78.59044224,35.82314249,M,Not Provided
3226,04092300166,FOOD LION #572 MEAT MARKET ,8320-120 LITCHFORD RD ,,RALEIGH,NC,27615-2464,(919) 790-8146,962427600000,30 - Meat Market,-78.59988047,35.89223606,M,Not Provided
3227,04092300164,FOOD LION #1454 MEAT MARKET,3415 AVENT FERRY RD ,,RALEIGH,NC,27606,(919) 858-9772,962427600000,30 - Meat Market,-78.69720796,35.76626192,M,Not Provided
3228,04092300167,FOOD LION #434 MEAT MARKET,1338 N MAIN ST ,,FUQUAY-VARINA,NC,27526-2617,,962427600000,30 - Meat Market,-78.77764161,35.59047463,M,Not Provided
3229,04092300168,FOOD LION #1589 MEAT MARKET ,3417 N MAIN ST,,FUQUAY-VARINA,NC,27526-7257,(919) 557-0555,962427600000,30 - Meat Market,-78.72590996,35.6251507,M,Not Provided
3230,04092300170,FOOD LION #649 MEAT MARKET ,2720 LAKE WHEELER RD ,,RALEIGH,NC,27603-5861,(919) 755-3856,962427600000,30 - Meat Market,-78.68034205,35.74406085,M,Not Provided
3231,04092300171,FOOD LION #40 MEAT MARKET ,980 KILDAIRE FARM RD ,,CARY,NC,27511-3923,(919) 467-4168,962427600000,30 - Meat Market,-78.78312327,35.77217526,M,Not Provided
3232,04092300173,FOOD LION #727 MEAT MARKET ,900 NE MAYNARD RD ,,CARY,NC,27513-4163,(919) 460-6274,1024376400000,30 - Meat Market,-78.76838418,35.80043542,M,Not Provided
3233,04092300175,FOOD LION #1496 MEAT MARKET ,1777 W WILLIAMS ST ,,APEX,NC,27502,,962427600000,30 - Meat Market,-78.87770732,35.75964659,M,Not Provided
3234,04092300176,FOOD LION #816 MEAT MARKET,2861 JONES FRANKLIN RD ,,RALEIGH,NC,27606-4346,(919) 233-9708,962427600000,30 - Meat Market,-78.7377362,35.74360868,M,Not Provided
3235,04092300177,FOOD LION #996 MEAT MARKET,7971 FAYETTEVILLE RD ,,RALEIGH,NC,27603-5631,(919) 772-0317,962427600000,30 - Meat Market,-78.6974243,35.66508436,M,Not Provided
3236,04092300179,FOOD LION #624 MEAT MARKET ,2458 SW CARY PKY ,,CARY,NC,27513-5318,(919) 481-1822,962427600000,30 - Meat Market,-78.82085568,35.76364284,M,Not Provided
3237,04092300192,FOOD LION #536 MEAT MARKET ,9101 - 107 LEESVILLE RD,,RALEIGH,NC,27613,,978325200000,30 - Meat Market,-78.72548111,35.89676189,M,Not Provided
3238,04092300183,FOOD LION #90 MEAT MARKET,4317 FALLS OF NEUSE RD,,RALEIGH,NC,27609,(919) 872-5376,962427600000,30 - Meat Market,-78.61339405,35.84096299,M,Not Provided
3239,04092300193,FOOD LION #669 MEAT MARKET,405 S MAIN ST ,,ROLESVILLE,NC,27571-9664,,962427600000,30 - Meat Market,-78.46472452,35.91730947,M,Not Provided
3240,04092300184,FOOD LION #1358 MEAT MARKET,1121 FALLS RIVER AVE ,,RALEIGH,NC,27614-6731,(919) 847-1640,962427600000,30 - Meat Market,-78.58941115,35.90603231,M,Not Provided
3241,04092300206,LOWES FOODS #189 MEAT MARKET ,3001 WIDEWATERS PKY ,,KNIGHTDALE,NC,27545,(919) 217-9184,1030510800000,30 - Meat Market,-78.5051576,35.79511649,M,Not Provided
3242,04092300210,INTERNATIONAL FOODS,2215 NEW HOPE CHURCH RD,,RALEIGH,NC,27604-1600,(919) 850-2400,1032411600000,30 - Meat Market,-78.60062541,35.83624582,M,Not Provided
3243,04092300211,BJ'S MEMBERSHIP CLUB MEAT MKT,255 SHENSTONE BLV ,,GARNER,NC,27529,(919) 661-3781,1035522000000,30 - Meat Market,-78.58054024,35.69110486,M,Not Provided
3244,04092300216,A   C SUPERMARKET MEAT MARKET,3210-131 S WILMINGTON ST ,,RALEIGH,NC,27603,(919) 232-2288,1057726800000,30 - Meat Market,-78.65148932,35.73682477,M,Not Provided
3245,04092300219,FOOD LION #75 MEAT MARKET,1339 5TH AVE ,,GARNER,NC,27529,(919) 779-0770,1063861200000,30 - Meat Market,-78.62278391,35.70821235,M,Not Provided
3246,04092300220,FOOD LION #2504 MEAT MARKET ,1030-125 N ROGERS LN ,,RALEIGH,NC,27610,(919) 792-0321,1071205200000,30 - Meat Market,-78.54837151,35.79167791,M,Not Provided
3247,04092300229,HARRIS TEETER #118 MEAT MARKET,5277 SUNSET LAKE RD ,,HOLLY SPRINGS,NC,27540,(919) 363-3059,1124082000000,30 - Meat Market,-78.79652369,35.66679612,M,Not Provided
3248,04092300232,INTERFOOD PLAZA LATINA ,1689 NORTH MARKET ST ,,RALEIGH,NC,27609,(919) 790-9936,1156482000000,30 - Meat Market,-78.60727132,35.839965,M,Not Provided
3249,04092300233,FRESH MARKET #8 MEAT MARKET ,3655 CARY PKY ,,CARY,NC,27511,(919) 481-2865,1162270800000,30 - Meat Market,-78.83800517,35.78179735,M,Not Provided
3250,04092300242,DON JUAN MEAT MARKET,4005-103 NEW BERN AVE ,,RALEIGH,NC,27610,(919) 255-3301,1252472400000,30 - Meat Market,-78.56768807,35.79961557,M,Not Provided
3251,04092300243,HARRIS TEETER #311 MEAT MARKET,324 VILLAGE WALK DR ,,HOLLY SPRINGS,NC,27502,(919) 552-1596,1252558800000,30 - Meat Market,-78.83920975,35.63987629,M,Not Provided
3252,04092300178,FOOD LION #723 MEAT MARKET ,7053 US 64 HWY E,,KNIGHTDALE,NC,27545-8800,(919) 266-5164,962427600000,30 - Meat Market,-78.44233379,35.78015516,M,Not Provided
3253,04092300251,HARRIS TEETER #353 MEAT   SEAFOOD,13686 CAPITAL  BLVD ,,WAKE FOREST,NC,27587,(919) 554-3608,1296795600000,30 - Meat Market,-78.51867626,36.00549137,M,Not Provided
3254,04092300250,FOOD LION #2198 MEAT MARKET,8745 HOLLY SPRINGS RD ,,CARY,NC,27539,(919) 362-1738,1295931600000,30 - Meat Market,-78.77345985,35.69264269,M,Not Provided
3255,04092300256,LAS TRES FRONTERAS SUPER MERCADO,748 E CHATHAM  ST ,,CARY,NC,27511,(919) 380-3592,1337662800000,30 - Meat Market,-78.76514284,35.79157176,M,Not Provided
3256,04092300258,JERUSALEM MEAT MARKET,2233 AVENT FERRY RD ,STE 101,RALEIGH,NC,27606,(919) 821-5499,1342760400000,30 - Meat Market,-78.67605304,35.77835842,M,Not Provided
3257,04092300253,WHOLE FOODS #10338 MEAT,8710  SIX FORKS  RD ,,RALEIGH,NC,27615,(919) 354-0350,1299819600000,30 - Meat Market,-78.65023579,35.89889531,M,Not Provided
3258,04092300260,COMPARE FOODS MARKET,301 E WILLIAMS ST ,,APEX,NC,27502-2146,(919) 362-7949,1359003600000,30 - Meat Market,-78.85082058,35.7263926,M,Not Provided
3259,04092300261,CARLIE C'S MEAT,4111 NEW BERN AVE ,,RALEIGH,NC,27610-1372,(919) 250-7876,1359090000000,30 - Meat Market,-78.56526182,35.80114658,M,Not Provided
3260,04092300264,ALKAREEM GROCERY,10285  CHAPEL HILL RD ,,MORRISVILLE,NC,27560,(919) 336-3174,1391749200000,30 - Meat Market,-78.82787824,35.83012817,M,Not Provided
3261,04092300268,CARLIE C'S MEAT #810,506 W GANNON AVE ,,ZEBULON,NC,27579,(919) 269-4111,1421989200000,30 - Meat Market,-78.32472591,35.8213969,M,Not Provided
3262,04092300262,TODAY ASIA MARKET,1207 KILDAIRE FARM  RD ,,CARY,NC,27511,(919) 380-0588,1358139600000,30 - Meat Market,-78.78219418,35.76380551,M,Not Provided
3263,04092300267,PUBLIX #1466 MEAT,1020 BRADFORD PLAZA WAY,,CARY,NC,27513,(919) 460-2082,1414472400000,30 - Meat Market,-78.84558557,35.79325258,M,Not Provided
3264,04092300271,PETRA SUPERMARKET,6089 CAPITAL BLVD ,,RALEIGH,NC,27616,(919) 876-8230,1444021200000,30 - Meat Market,-78.5830954,35.86881664,M,Not Provided
3265,04092300270,AL BARAKA MEAT MARKET,3815 HILLSBOROUGH ST ,,RALEIGH,NC,27607,(919) 838-5155,1439787600000,30 - Meat Market,-78.68961671,35.79418891,M,Not Provided
3266,04092300272,RTP SABZI MANDI MEAT MARKET,1004-100 LOWER SHILOH WAY ,,MORRISVILLE,NC,27560,(919) 342-7171,1469163600000,30 - Meat Market,-78.84689283,35.86494917,M,Not Provided
3267,04092300274,SAM'S CLUB #6976 MEAT MARKET,11460 ROYAL COTTON RD ,,WAKE FOREST,NC,27587,(919) 263-6134,1471842000000,30 - Meat Market,-78.53862825,35.9567568,M,Not Provided
3268,04092300275,PUBLIX #1514 MEATS,1030 FORESTVILLE RD ,,WAKE FOREST,NC,27587,(919) 556-6671,1472533200000,30 - Meat Market,-78.50759601,35.94610971,M,Not Provided
3269,04092300276,SANGAM HALAL MARKET,10300 CHAPEL HILL RD ,SUITE 600/700,MORRISVILLE,NC,27560,(919) 460-4300,1475211600000,30 - Meat Market,-78.82715883,35.83264725,M,Not Provided
3270,04092300278,GRAND ASIA MEAT MARKET,1253 BUCK JONES RD ,,RALEIGH,NC,27606-3326,(919) 468-2988,1487739600000,30 - Meat Market,-78.74067395,35.76583135,M,Not Provided
3271,04092300281,INTERFOOD 3 HERMANOS MEAT MARKET,522  VILLAGE CT ,,GARNER,NC,27529,(919) 803-1047,1490850000000,30 - Meat Market,-78.6185934,35.70775293,M,Not Provided
3272,04092300286,INTERFOOD PLAZA MEAT MARKET,2971 WENDELL BLVD ,,WENDELL,NC,27591,(919) 365-7555,1544590800000,30 - Meat Market,-78.37651488,35.79041832,M,Not Provided
3273,04092300284,FOOD LION #2227 MEAT MARKET,161 CRENSHAW CORNERS DR ,,WAKE FOREST,NC,27587,(919) 569-0089,1516338000000,30 - Meat Market,-78.55323415,35.97006779,M,Not Provided
3274,04092300283,LA BONITA MEAT MARKET,836-110 E CHATHAM ST ,,CARY,NC,27511,(919) 650-3161,1488430800000,30 - Meat Market,-78.76088327,35.79050976,M,Not Provided
3275,04092300282,SPROUTS #540 MEAT MARKET,9414 FALLS OF NEUSE RD ,,RALEIGH,NC,27615,(919) 326-2530,1489467600000,30 - Meat Market,-78.60287339,35.90144197,M,Not Provided
3276,04092300287,AGORI INTERNATIONAL AFRICAN MARKET,4701 ATLANTIC AVE ,SUITE 111,RALEIGH,NC,27604,(919) 747-9905,1552453200000,30 - Meat Market,-78.60292756,35.84801798,M,Not Provided
3277,04092300290,CAROLINA INTERNATIONAL MART,3540 MAITLAND DR SUITE 110,,RALEIGH,NC,27610,(919) 255-1640,1595566800000,30 - Meat Market,-78.58191849,35.79630609,M,Not Provided
3278,04092300288,CARY AFRICAN AND CARIBBEAN MARKET,1435 SE MAYNARD ST ,,CARY,NC,27511,(919) 462-3500,1554440400000,30 - Meat Market,-78.76417976,35.79106743,M,Not Provided
3279,04092300292,PUBLIX #1652 MEAT MARKET,417 W PEACE ST ,SUITE 100,RALEIGH,NC,27603,(919) 755-5444,1598418000000,30 - Meat Market,-78.64489989,35.787898,M,Not Provided
3280,04092300289,FOOD LION #2244 MEAT/SEAFOOD,7905 FALLS OF NEUSE ROAD,,RALEIGH,NC,27615,(919) 847-8159,1572325200000,30 - Meat Market,-78.62699797,35.89303807,M,Not Provided
3281,04092300295,COMPARE FOODS MEAT MARKET,320 N ARENDELL AVE ,,ZEBULON,NC,27597,(919) 269-9481,1659330000000,30 - Meat Market,-78.31372374,35.82428456,M,Not Provided
3282,04092300293,BOMBAY CENTRAL HALAL MEAT,10966 CHAPEL HILL RD ,,MORRISVILLE,NC,27560,(373) 439-9030,1618203600000,30 - Meat Market,-78.84122141,35.85590291,M,Not Provided
3283,04092300297,DUKKAN MARKET   BUTCHER SHOP,7810 TARGET  CIR ,STE 105,RALEIGH,NC,27616,(919) 703-0031,1665637200000,30 - Meat Market,-78.57108515,35.86643206,M,Not Provided
3284,04092300294,CARNICERIA LAGOS & ROSTICERIA LAGOS,5440 ATLANTIC SPRINGS RD,SUITE 114,RALEIGH,NC,27616-1855,(919) 797-2734,1624510800000,30 - Meat Market,-78.59728191,35.85669373,M,Not Provided
3285,04092300298,IGNIS HALAL MARKET,4237 LOUISBURG RD,UNIT 102,RALEIGH,NC,27604,(919) 703-0058,1681707600000,30 - Meat Market,-78.57804916,35.84169182,M,Not Provided
3286,04092300300,FRESH BUTCHER,10341 MONCREIFFE RD,,RALEIGH,NC,27617-7812,(574) 302-2884,1696395600000,30 - Meat Market,-78.79210026,35.89996606,M,Not Provided
3287,04092300301,LATINOS FOOD MARKET MEAT MARKET,410 W GANNON AVE ,,ZEBULON,NC,27597,(919) 646-0027,1695358800000,30 - Meat Market,-78.32298516,35.82163006,M,Not Provided
3288,04092300299,HALAL MEAT MARKET,7244 GB ALFORD HWY,,HOLLY SPRINGS,NC,27540-7661,,1691989200000,30 - Meat Market,-78.83292633,35.63499737,M,Not Provided
3289,04092300304,SUVIDHA MEAT MARKET,744 HUNTER ST,,APEX,NC,27502,(919) 267-4901,1704171600000,30 - Meat Market,-78.86225058,35.73625736,M,Not Provided
3290,04092300305,FRESH MARKET SEAFOOD AND MEAT MARKET,400 WOODBURN RD ,,RALEIGH,NC,27605-1324,(919) 828-7888,1709787600000,30 - Meat Market,-78.65854788,35.78994091,M,Not Provided
3291,04092300306,LA CARNECARIA BUTCHER SHOP,2223 NEW HOPE CHURCH RD,,RALEIGH,NC,27604,(919) 307-3055,1714539600000,30 - Meat Market,-78.60062541,35.83624582,M,Not Provided
3292,04092300307,EL EXITO (MEAT MARKET),2601 S SAUNDERS ST ,,RALEIGH,NC,27603,(919) 292-5618,1725512400000,30 - Meat Market,-78.64846923,35.74845176,M,Not Provided
3293,04092300303,BOMBAY CENTRAL CAFE   GROCERY MEAT MARKET,1910 FALLS VALLEY DR,,RALEIGH,NC,27615,(919) 977-3883,1697173200000,30 - Meat Market,-78.60855499,35.89821964,M,Not Provided
3294,04092030703,TAQUERIA ZIAKA (WCID #1047),2161 S WILMINGTON ST,,RALEIGH,NC,27603,(469) 407-7879,1726203600000,3 - Mobile Food,-78.63902823,35.7520526,M,Not Provided
3295,04092019511,CORBETT'S BURGERS AND SODA BAR,13200 FALLS OF NEUSE RD,SUITE 161,RALEIGH,NC,27614,(336) 480-8382,1727067600000,1 - Restaurant,-78.55982173,35.94075522,M,Not Provided
3296,04092030704,DD'S DELI & CAFFE (WCID #1049),903 N SMITHFIELD RD,,KNIGHTDALE,NC,27545,(919) 946-2378,1726808400000,3 - Mobile Food,-78.48796386,35.7957655,M,Not Provided
3297,04092019507,SUBWAY #30443,9800 HOLLY SPRINGS RD,,HOLLY SPRINGS,NC,27540,(919) 355-2392,1726549200000,1 - Restaurant,-78.79913668,35.66712887,M,Not Provided
3298,04092030705,PACOS TACOS #2 (WCID #1050),5490 APEX PEAKWAY,,APEX,NC,27502,(919) 633-5880,1727326800000,3 - Mobile Food,-78.86537408,35.73684286,M,Not Provided
3299,04092019512,LAKEVIEW CAFE,11000 WESTON PKWY,,CARY,NC,27513,(919) 931-3433,1744952400000,1 - Restaurant,-78.80246418,35.82848101,M,Not Provided
3300,04092030706,THE TRAVELIN' TABLE (WCID #961),300 W. HARGETT STREET,SUITE 50,RALEIGH,NC,27601,(919) 307-8914,1727499600000,3 - Mobile Food,-78.64406655,35.77886166,M,Not Provided
3301,04092019514,DICED (FAY. ST.),121 FAYETTEVILLE ST,SUITE 108,RALEIGH,NC,27601,(919) 424-7392,1728277200000,1 - Restaurant,-78.63865982,35.77888942,M,Not Provided
3302,04092019513,FIREHOUSE SUBS #917,1303 N MAIN ST,,FUQUAY-VARINA,NC,27526,(919) 762-5328,1727326800000,1 - Restaurant,-78.77762736,35.59228296,M,Not Provided
3303,04092019515,SIR WALTER COFFEE 555,555 FAYETTEVILLE ST,,RALEIGH,NC,27601,(919) 999-3324,1728277200000,1 - Restaurant,-78.6389358,35.77356117,M,Not Provided
3304,04092019516,HIGH RAIL,11 SEABOARD AVE,,RALEIGH,NC,27604,,1730696400000,1 - Restaurant,-78.63910397,35.78849225,M,Not Provided
3305,04092019517,LATITUDE,11 SEABOARD AVE,,RALEIGH,NC,27604,(984) 326-7710,1730696400000,1 - Restaurant,-78.63910397,35.78849225,M,Not Provided
3306,04092019518,VILLAGE TAVERN,4140 LASSITER MILL RD,SUITE 140,RALEIGH,NC,27609,(919) 987-2500,1727240400000,1 - Restaurant,-78.64445422,35.83697574,M,Not Provided
3307,04092019501,LUNA AZUL TACOS Y MARISCOS,2645 E MILLBROOK ROAD,,RALEIGH,NC,27616,(984) 289-7589,1726030800000,1 - Restaurant,-78.59079165,35.84880107,M,Not Provided
3308,04092025615,MARCO'S PIZZA #8623,"6220 BATTLE BRIDGE RD, STE 103",,RALEIGH,NC,27610,(910) 444-3340,1727067600000,2 - Food Stands,-78.54783017,35.72462043,M,Not Provided
3309,04092019521,TIMBER PIZZA,627 E WHITAKER MILL RD,,RALEIGH,NC,27608,(919) 301-8926,1726635600000,1 - Restaurant,-78.6305369,35.8074925,M,Not Provided
3310,04092019520,MASALA HOUSE,126 E MILLBROOK RD,,RALEIGH,NC,27609,,1726203600000,1 - Restaurant,-78.64059755,35.85499399,M,Not Provided
3311,04092019508,AMGEN CAFETERIA - FRIENDSHIP FOOD HALL,4130 FRIENDSHIP RD,,APEX,NC,27539,,1726635600000,1 - Restaurant,-78.90820465,35.67520204,M,Not Provided
3312,04092025619,STARBUCKS #67827,7447 SIX FORKS RD,,RALEIGH,NC,27615,,1726808400000,2 - Food Stands,-78.64645971,35.88157165,M,Not Provided
3313,04092025620,RALEIGH SOUL,511 BRAGG STREET,,RALEIGH,NC,27601,(910) 381-3708,1727758800000,2 - Food Stands,-78.63198414,35.76587475,M,Not Provided
3314,04092019510,MELLOW MUSHROOM,124 COLLINS CROSSING RD,SUITE 101,HOLLY SPRINGS,NC,27540,,1727067600000,1 - Restaurant,-78.83195176,35.63360397,M,Not Provided
3315,04092019522,BRIXX WOOD FIRED PIZZA,14112 BRADFORD GREEN SQUARE,,CARY,NC,27513,(919) 336-1111,1726635600000,1 - Restaurant,-78.84558557,35.79325258,M,Not Provided
3316,04092019509,CHICK-FIL-A APEX,1110 BEAVER CREEK COMMONS DR,,APEX,NC,27502,,1726635600000,1 - Restaurant,-78.87405749,35.74592403,M,Not Provided
3317,04092019524,LAGANA BURGERS,911-105 N WEST STREET,,RALEIGH,NC,27603,(919) 664-0380,1728363600000,1 - Restaurant,-78.64438113,35.79144425,M,Not Provided
3318,04092019525,THE BRASS TAP,16 N WEST ST,,RALEIGH,NC,27603,(401) 572-0930,1727758800000,1 - Restaurant,-78.64544073,35.78105068,M,Not Provided
3319,04092110552,BAUCOM ELEMENTARY SCHOOL CAFETERIA,400 HUNTER ST,,APEX,NC,27502,,1728018000000,11 - Public School Lunch,-78.85424757,35.73741811,M,Not Provided
3320,04092019528,MY WAY TAVERN,2136 GATHERING SQUARE CT,,FUQUAY-VARINA,NC,27526,,1728622800000,1 - Restaurant,-78.78286119,35.60086921,M,Not Provided
3321,04092019526,THE LOCAL,1235 HURRICANE ALLEY WAY,,RALEIGH,NC,27607,(919) 851-6203,1728277200000,1 - Restaurant,-78.72554803,35.79896875,M,Not Provided
3322,04092019529,BLR FOOD STREET,144 MORRISVILLE SQUARE WAY,,MORRISVILLE,NC,27560,(984) 444-2933,1728450000000,1 - Restaurant,-78.82897767,35.819515,M,Not Provided
3323,04092019530,THE KELLANOVA CAFE,1 QUALITY LANE,,CARY,NC,27513,(919) 677-3278,1728536400000,1 - Restaurant,-78.80879783,35.81694251,M,Not Provided
3324,04092019532,CHUCK E CHEESE,3501-131 CAPITAL BLVD.,,RALEIGH,NC,27604,(919) 850-9922,1728363600000,1 - Restaurant,-78.58692931,35.82783317,M,Not Provided
3325,04092019527,TRUE FOOD KITCHEN,4104 LASSITER MILL RD,SUITE 100,RALEIGH,NC,27609,(480) 212-7935,1730437200000,1 - Restaurant,-78.64564239,35.8365713,M,Not Provided
3326,04092025622,PHILLIPS HUMBLE CATERING AT FLAVOR DISTRICT,11016 CAPITAL BLVD,,WAKE FOREST,NC,27587,,1726203600000,2 - Food Stands,-78.53774541,35.94776496,M,Not Provided
3327,04092141907,HERITAGE HIGH OUTDOOR CONCESSION,1150 FORESTVILLE RD,,WAKE FOREST,NC,27587,(919) 621-1573,1728536400000,14 - Limited Food,-78.51100217,35.94014322,M,Not Provided
3328,04092141908,HERITAGE HIGH SCHOOL INDOOR CONCESSION,1150 FORESTVILLE RD,,WAKE FOREST,NC,27587,(919) 621-1573,1728536400000,14 - Limited Food,-78.51100217,35.94014322,M,Not Provided
3329,04092019534,CAFFE LUNA,136 E HARGETT STREET,,RALEIGH,NC,27601,(919) 832-6090,1728622800000,1 - Restaurant,-78.6368973,35.77800001,M,Not Provided
3330,04092025624,PAPA MURPHY'S NC #004,756 W WILLIAMS ST,,APEX,NC,27502,(919) 249-4949,1729141200000,2 - Food Stands,-78.86276232,35.73802969,M,Not Provided
3331,04092019535,RH RALEIGH ROOFTOP RESTAURANT,4120 LASSITER MILL RD,,RALEIGH,NC,27609,(312) 909-2798,1728882000000,1 - Restaurant,-78.64445422,35.83697574,M,Not Provided
3332,04092019533,FAT BOYS KITCHEN - FOOD SHACK,14460 FALLS OF NEUSE RD SUITE 167,,RALEIGH,NC,27614,,1728882000000,1 - Restaurant,-78.54362149,35.94386897,M,Not Provided
3333,04092019537,THE CARDINAL BAR,713 N WEST ST,,RALEIGH,NC,27603,(919) 559-1635,1729227600000,1 - Restaurant,-78.64519672,35.78964551,M,Not Provided
3334,04092025626,PAPA JOHN'S #5405,8109 FAYETTEVILLE RD,SUITE 113,RALEIGH,NC,27603,,1729227600000,2 - Food Stands,-78.69975164,35.66336704,M,Not Provided
3335,04092030709,2 BOYS TACOS AND BURRITOS (WCID #846),410 W GANNON AVE,,ZEBULON,NC,27597,(919) 532-9485,1728882000000,3 - Mobile Food,-78.32298516,35.82163006,M,Not Provided
3336,04092019538,THE THIRSTY BUFFALO,211 S WILMINGTON STREET,,RALEIGH,NC,27601,(919) 928-4602,1729746000000,1 - Restaurant,-78.63804248,35.77783793,M,Not Provided
3337,04092030711,CAROLINA FISH FRY (WCID #1061),1566 BENSON RD,,GARNER,NC,27529,(843) 504-5559,1729314000000,3 - Mobile Food,-78.60448524,35.68442644,M,Not Provided
3338,04092025627,PAPA MURPHY'S FUQUAY NC055,1420 N MAIN STREET,,FUQUAY-VARINA,NC,27526,(919) 762-7433,1729832400000,2 - Food Stands,-78.77067061,35.5926073,M,Not Provided
3339,04092030710,MOMOMANDU (WCID #1060),1600 OLIVE CHAPEL RD,,APEX,NC,27502,(918) 926-0705,1729227600000,3 - Mobile Food,-78.89057874,35.73813869,M,Not Provided
3340,04092019536,SWEETGREEN,4158 MAIN AT NORTH HILLS ST,SUITE 103,RALEIGH,NC,27609,(267) 838-3447,1728882000000,1 - Restaurant,-78.64297679,35.83719099,M,Not Provided
3341,04092030712,TACOS VILLA (WCID #1062),2549 S SAUNDERS ST,,RALEIGH,NC,27603,(919) 703-3749,1729486800000,3 - Mobile Food,-78.64827489,35.74908293,M,Not Provided
3342,04092030713,GYM TACOS 3 (WCID #995),2161 S WILMINGTON ST,,RALEIGH,NC,27603,(919) 410-0690,1730091600000,3 - Mobile Food,-78.63902823,35.7520526,M,Not Provided
3343,04092141909,SOUTHEAST RALEIGH HIGH SCHOOL OUTDOOR CONCESSION,2600 ROCK QUARRY RD,,RALEIGH,NC,27610,(919) 559-2189,1729832400000,14 - Limited Food,-78.60409689,35.74535559,M,Not Provided
3344,04092025628,PAPA JOHNS #5371,12516 CAPITAL BLVD,,WAKE FOREST,NC,27587,(919) 229-8514,1729832400000,2 - Food Stands,-78.53270457,35.98593529,M,Not Provided
3345,04092019541,EGGS UP GRILL #89,6820 DAVIS CIR,,RALEIGH,NC,27613,(919) 787-3939,1730696400000,1 - Restaurant,-78.71085511,35.86427324,M,Not Provided
3346,04092019539,FIVE GUYS #2118,535 DR. CALVIN JONES,STE 110,WAKE FOREST,NC,27587,(919) 263-1327,1726030800000,1 - Restaurant,-78.53173925,35.9665207,M,Not Provided
3347,04092019542,JUMBO WINGS,2893 JONES FRANKLIN RD,,RALEIGH,NC,27606,,1730437200000,1 - Restaurant,-78.73666445,35.74405202,M,Not Provided
3348,04092025630,PAPA MURPHY'S NC002,161 SE CARY PKY,,CARY,NC,27511,(919) 459-8494,1730782800000,2 - Food Stands,-78.78193785,35.75976468,M,Not Provided
3349,04092019543,DAVE'S HOT CHICKEN #1185,529 DR CALVIN JONES HWY,,WAKE FOREST,NC,27587,(984) 401-2024,1731301200000,1 - Restaurant,-78.53173925,35.9665207,M,Not Provided
3350,04092019544,LE DIVE,14 W. MARTIN STREET,,RALEIGH,NC,27601,(910) 890-4992,1733461200000,1 - Restaurant,-78.6398133,35.77713492,M,Not Provided
3351,04092019546,THE BOMB BAR RALEIGH,2409 CRABTREE BLVD,,RALEIGH,NC,27604,(919) 239-4520,1731906000000,1 - Restaurant,-78.61383257,35.80541224,M,Not Provided
3352,04092019547,SIP N SPICES,120 MORRISVILLE SQUARE WAY,,MORRISVILLE,NC,27560,(919) 234-1738,1731474000000,1 - Restaurant,-78.82897767,35.819515,M,Not Provided
3353,04092019545,BRITTANY PLACE EXPANSION FOOD SERVICE,210 WALKER STONE DR,SUITE B,CARY,NC,27513,,1733029200000,1 - Restaurant,-78.84434383,35.7870001,M,Not Provided
3354,04092025631,ROMEO'S PIZZA,3612 ROGERS BRANCH RD SUITE 113,,WAKE FOREST,NC,27587,(708) 351-1565,1731387600000,2 - Food Stands,-78.50628751,35.94278947,M,Not Provided
3355,04092019549,PALM BERRIES,714 SEABOARD STATION DR,B225,RALEIGH,NC,27604,(919) 322-1140,1731733200000,1 - Restaurant,-78.6390763,35.78941958,M,Not Provided
3356,04092019551,SUSHI IWA,4101 GRACE PARK DRIVE,,MORRISVILLE,NC,27560,(919) 481-3038,1731560400000,1 - Restaurant,-78.84652233,35.821117,M,Not Provided
3357,04092019552,PIERRO'S ITALIAN BISTRO,510 GLENWOOD AVE,SUITE 101,RALEIGH,NC,27603,(919) 977-0000,1733115600000,1 - Restaurant,-78.64666065,35.78682725,M,Not Provided
3358,04092019554,ASH & DILL GASTROPUB,1 N MAIN ST,,WENDELL,NC,27591,(404) 323-2315,1731646800000,1 - Restaurant,-78.37010689,35.78114958,M,Not Provided
3359,04092019553,DALLAS FAMOUS CHICKEN N' BISCUITS,1101 E. WILLIAMS STREET,,APEX,NC,27502,,1731560400000,1 - Restaurant,-78.84324242,35.7204971,M,Not Provided
3360,04092019548,YOHO ASIAN BISTRO,8204 TRYON WOODS DR,STE 106,CARY,NC,27518,(919) 859-8081,1731474000000,1 - Restaurant,-78.74322595,35.74716476,M,Not Provided
3361,04092019555,LITTLE REY RALEIGH IRONWORKS,1101 E WHITAKER MILL RD,,RALEIGH,NC,27604,(919) 355-3479,1731906000000,1 - Restaurant,-78.62000014,35.80801391,M,Not Provided
3362,04092019556,LOTUS NOODLES HOUSE,8450 HONEYCUTT RD SUITE 112,,RALEIGH,NC,27615,(919) 803-1340,1731906000000,1 - Restaurant,-78.62166264,35.89510631,M,Not Provided
3363,04092019558,TASTE OF CHINA,"6209 ROCK QUARYY RD, STE 126",,RALEIGH,NC,27610,(919) 773-2285,1731992400000,1 - Restaurant,-78.54796209,35.72312635,M,Not Provided
3364,04092019559,HAYES BARTON PLACE FOOD SERVICE,2600 YETTINGTON DR,,RALEIGH,NC,27608,,1729746000000,1 - Restaurant,-78.65600946,35.8118835,M,Not Provided
3365,04092019557,CHICK-FIL-A #792,6701 FALLS OF NEUSE RD,,RALEIGH,NC,27615,,1731128400000,1 - Restaurant,-78.62404348,35.87534416,M,Not Provided
3366,04092025636,HARRIS TEETER 335 DELI/SUSHI/PIZZA/SOUP,2810 TEACHEY PL,,APEX,NC,27523,,1732510800000,2 - Food Stands,-78.91775647,35.74328678,M,Not Provided
3367,04092025637,HARRIS TEETER 335 PRODUCE,2810 TEACHEY PL,,APEX,NC,27523,,1732510800000,2 - Food Stands,-78.91775647,35.74328678,M,Not Provided
3368,04092019560,HARRIS TEETER 335 STARBUCKS,2810 TEACHEY PL,,APEX,NC,27523,,1732510800000,1 - Restaurant,-78.91775647,35.74328678,M,Not Provided
3369,04092025638,HARRIS TEETER 335 MEAT/SEAFOOD,2810 TEACHEY PL,,APEX,NC,27523,,1732510800000,2 - Food Stands,-78.91775647,35.74328678,M,Not Provided
3370,04092025639,AFC ZENSHI @ PUBLIX 1544,1441 KELLY RD,,APEX,NC,27502,(919) 579-1752,1732165200000,2 - Food Stands,-78.89379364,35.73782353,M,Not Provided
3371,04092141910,FRIENDSHIP CHRISTIAN SCHOOL CONCESSION,5510 FALLS OF NEUSE RD,,RALEIGH,NC,27609,,1732251600000,14 - Limited Food,-78.61430473,35.85708216,M,Not Provided
3372,04092025640,AFC ZENSHI @ PUBLIX 1552,425 EMISSARY DR,,CARY,NC,27519,(919) 388-7201,1732165200000,2 - Food Stands,-78.90353622,35.82486983,M,Not Provided
3373,04092025643,AFC ZENSHI @ PUBLIX 1551,9640 LEESVILLE RD,,RALEIGH,NC,27613,(678) 508-7100,1732078800000,2 - Food Stands,-78.72728628,35.90563757,M,Not Provided
3374,04092025641,AFC ZENSHI @ PUBLIX 1520,3480 KILDAIRE FARM RD,,CARY,NC,27518,,1732165200000,2 - Food Stands,-78.79652285,35.70711427,M,Not Provided
3375,04092025644,AFC ZENSHI @ PUBLIX 1514,1030 FORESTVILLE RD,,WAKE FOREST,NC,27587,(919) 556-6671,1731992400000,2 - Food Stands,-78.50759601,35.94610971,M,Not Provided
3376,04092025642,AFC ZENSHI @ PUBLIX 1466,1020 BRADFORD PLAZA WAY,,CARY,NC,27519,,1732165200000,2 - Food Stands,-78.84558557,35.79325258,M,Not Provided
3377,04092025646,AFC ZENSHI @ PUBLIX 1652,417 W PEACE ST,,RALEIGH,NC,27603,,1734584400000,2 - Food Stands,-78.64489989,35.787898,M,Not Provided
3378,04092025645,AFC ZENSHI @ PUBLIX 1744,2257 WENDELL FALLS PKWY,,WENDELL,NC,27591,,1731992400000,2 - Food Stands,-78.43555679,35.77644083,M,Not Provided
3379,04092019562,SUBWAY #40395,7016 GB ALFORD HWY,,HOLLY SPRINGS,NC,27540,(919) 909-5386,1733202000000,1 - Restaurant,-78.83404691,35.63635562,M,Not Provided
3380,04092025647,TIME SQUARE DELI @ MSFH,411 W. MORGAN STREET,,RALEIGH,NC,27603,(984) 200-0080,1734238800000,2 - Food Stands,-78.6456934,35.77945659,M,Not Provided
3381,04092019561,MEET XI AN,2753 NC HWY 55,,CARY,NC,27519,(919) 387-9599,1732510800000,1 - Restaurant,-78.87109717,35.78605676,M,Not Provided
3382,04092019565,TEPUY DONUTS,2820 CAPITAL BLVD,,RALEIGH,NC,27604,(984) 389-6429,1732683600000,1 - Restaurant,-78.59709173,35.81768925,M,Not Provided
3383,04092019564,HIBACHI 88,3667 SW CARY PARKWAY,,CARY,NC,27513,(919) 461-7008,1733374800000,1 - Restaurant,-78.83800517,35.78179735,M,Not Provided
3384,04092019566,UPTOWN PHO,909 SPRING FOREST RD,SUITE 114,RALEIGH,NC,27609,(919) 301-8063,1733374800000,1 - Restaurant,-78.62312498,35.86765564,M,Not Provided
3385,04092019567,CRAWFORD BROTHERS STEAKHOUSE,401 FENTON GATEWAY DR,,CARY,NC,27511,,1733720400000,1 - Restaurant,-78.75852986,35.78087951,M,Not Provided
3386,04092019568,HUNT BROTHERS,1325 N BROAD ST,,FUQUAY VARINA,NC,27526,,1733720400000,1 - Restaurant,-78.80338476,35.60190605,M,Not Provided
3387,04092030717,NEW AGE SOUL (WCID #1080),2411 E MILLBROOK RD,,RALEIGH,NC,27604,,1734238800000,3 - Mobile Food,-78.59474248,35.84866623,M,Not Provided
3388,04092019570,MOONSONG CAFE,200 W DAVIE ST,,RALEIGH,NC,27601,(919) 645-5080,1734930000000,1 - Restaurant,-78.64241189,35.77599992,M,Not Provided
3389,04092019571,URBAN OAK,200 W DAVIE ST,,RALEIGH,NC,27601,(919) 645-5080,1734930000000,1 - Restaurant,-78.64241189,35.77599992,M,Not Provided
3390,04092019574,A TODA MADRE,3421 SUMNER BLVD,,RALEIGH,NC,27616,(919) 900-7163,1733979600000,1 - Restaurant,-78.576038,35.86600165,M,Not Provided
3391,04092019573,DUNKIN #362566,510 OPTICAL LN,SUITE 101,CARY,NC,27513,,1733979600000,1 - Restaurant,-78.79666259,35.79956267,M,Not Provided
3392,04092019569,MARCOS PIZZA,1141 FALLS RIVER AVE SUITE 108,,RALEIGH,NC,27614,(919) 847-7775,1733806800000,1 - Restaurant,-78.58877607,35.90718422,M,Not Provided
3393,04092019572,THE WILLOWS AT RALEIGH FOODSERVICE,2722 SPRING FOREST RD,,RALEIGH,NC,27616,(919) 863-7770,1734066000000,1 - Restaurant,-78.59543749,35.85753199,M,Not Provided
3394,04092141913,ROLESVILLE HIGH INDOOR CONCESSION,1099 E. YOUNG ST,,ROLESVILLE,NC,27571,(919) 703-5640,1734584400000,14 - Limited Food,-78.44139787,35.90590689,M,Not Provided
3395,04092141911,NORTH RALEIGH CHRISTIAN ACADEMY OUTDOOR CONCESSION,7300 PERRY CREEK RD,,RALEIGH,NC,27616,(919) 573-7900,1759899600000,14 - Limited Food,-78.54259566,35.88062673,M,Not Provided
3396,04092019576,SUBWAY,"6209 ROCK QUARRY RD, STE 128",,RALEIGH,NC,27610,(919) 307-8091,1734498000000,1 - Restaurant,-78.54796209,35.72312635,M,Not Provided
3397,04092019577,STATE OF BEER- AT THE BEND,851 W MORGAN ST,,RALEIGH,NC,27603,(919) 803-1333,1733461200000,1 - Restaurant,-78.65523971,35.77981759,M,Not Provided
3398,04092019575,FOXCROFT WINE AT NORTH HILLS,4421 SIX FORKS RD,SUITE 115,RALEIGH,NC,27609,,1733720400000,1 - Restaurant,-78.64349731,35.8401699,M,Not Provided
3399,04092025650,LAZZA PIZZA,645 MILLS PARK DR,,CARY,NC,27519,(919) 367-6027,1734670800000,2 - Food Stands,-78.89712107,35.80863492,M,Not Provided
3400,04092025651,THE CRISPY COD @ MSFH,411 W MORGAN STREET,,RALEIGH,NC,27603,(919) 412-2262,1736226000000,2 - Food Stands,-78.6456934,35.77945659,M,Not Provided
3401,04092019579,GOLDEN KRUST - BRIER CREEK,8741 BRIER CREEK PKWY,SUITE:100,RALEIGH,NC,27617,(917) 407-8711,1734325200000,1 - Restaurant,-78.78801393,35.90280257,M,Not Provided
3402,04092019578,UMIYA SUSHI,404 E SIX FORKS RD,SUITE 101,RALEIGH,NC,27609,(919) 896-6023,1733461200000,1 - Restaurant,-78.62606423,35.81908341,M,Not Provided
3403,04092030718,GYM TACOS 1    (WCID #699),2161 S. WILMINGTON ST.,,RALEIGH,NC,27603,(919) 410-0690,1733720400000,3 - Mobile Food,-78.63902823,35.7520526,M,Not Provided
3404,04092030720,CARTEL TACOS (WCID #1068),3325 ROGERS RD,,WAKE FOREST,NC,27587,(919) 215-7499,1735794000000,3 - Mobile Food,-78.51408375,35.95072814,M,Not Provided
3405,04092030719,CRAFT PUBLIC HOUSE FOOD TRUCK (WCID #1073),1040 TRYON VILLAGE DR,UNIT #601,CARY,NC,27518,(919) 522-2453,1734584400000,3 - Mobile Food,-78.7446922,35.74631027,M,Not Provided
3406,04092019580,SABATINO'S ITALIANO,1001 DAVIS DRIVE,,APEX,NC,27523,(919) 335-3122,1735794000000,1 - Restaurant,-78.848894,35.75386935,M,Not Provided
3407,04092030721,ADHURS (WCID 1063),1600 OLIVE CHAPEL RD,,APEX,NC,27502,(361) 246-0976,1734757200000,3 - Mobile Food,-78.89057874,35.73813869,M,Not Provided
3408,04092019581,TACO BELL #42086 (039),9221 FAIRBANKS DR,,RALEIGH,NC,27613,(936) 414-2439,1735534800000,1 - Restaurant,-78.72667802,35.89810298,M,Not Provided
3409,04092030722,GREEK ON WHEELS (WCID #988),1566 BENSON RD.,,GARNER,NC,27529,(843) 274-4910,1735534800000,3 - Mobile Food,-78.60448524,35.68442644,M,Not Provided
3410,04092019583,PRIMO HOAGIES (FAY. ST.),121 FAYETTEVILLE ST,SUITE 112,RALEIGH,NC,27601,(919) 594-1899,1735534800000,1 - Restaurant,-78.63865982,35.77888942,M,Not Provided
3411,04092030723,RALEIGH TAMALES (WCID #973),160 SOMMERVILLE PARK RD,,RALEIGH,NC,27603,(917) 743-5231,1735621200000,3 - Mobile Food,-78.65005756,35.69421011,M,Not Provided
3412,04092030724,TACOS LA TARASCAS (WCID #1079),1408 CORPORATION PKWY,,RALEIGH,NC,27604,(919) 436-6199,1737694800000,3 - Mobile Food,-78.56760749,35.80045375,M,Not Provided
3413,04092019582,SKY ZONE APEX,1275 HADDON HALL DR,,APEX,NC,27502,(919) 589-8210,1735794000000,1 - Restaurant,-78.87101582,35.74215135,M,Not Provided
3414,04092019584,VALLARTA TACOS & SEAFOOD,3177 CAPITAL BLVD.,,RALEIGH,NC,27604,(919) 322-2926,1734670800000,1 - Restaurant,-78.58860915,35.82363017,M,Not Provided
3415,04092025652,LITTLE CAESARS #3713,401 S MAIN ST,,ROLESVILLE,NC,27571,(919) 488-4068,1735880400000,2 - Food Stands,-78.46472452,35.91730947,M,Not Provided
3416,04092019585,WINGSTOP #1162,"4531 NEW BERN AVE, STE 100",,RALEIGH,NC,27610,(919) 561-6161,1736226000000,1 - Restaurant,-78.558703,35.79869883,M,Not Provided
3417,04092019587,PIXELS BAR + ARCADE,110-C BLUESTONE CROSSING RD,,ROLESVILLE,NC,27571,(919) 263-8162,1735794000000,1 - Restaurant,-78.45914969,35.92340322,M,Not Provided
3418,04092025653,AMBAARI CAFE,2161 S WILMINGTON ST,,RALEIGH,NC,27603,(919) 908-3468,1736398800000,2 - Food Stands,-78.63902823,35.7520526,M,Not Provided
3419,04092019588,PARIS BAGUETTE,685 CARY TOWNE BLVD,,CARY,NC,27511,,1736312400000,1 - Restaurant,-78.76675868,35.77660368,M,Not Provided
3420,04092019590,RISE SOUTHERN BISCUITS AND RIGHTEOUS CHICKEN,1100 MARKET CENTER DR,,MORRISVILLE,NC,27560,(919) 377-0385,1736398800000,1 - Restaurant,-78.81670042,35.80776192,M,Not Provided
3421,04092019592,LOCKED AND LOADED BAR AND GRILL,305 MCCORMICK ST,,GARNER,NC,27529,(919) 661-6688,1736744400000,1 - Restaurant,-78.64232131,35.72321476,M,Not Provided
3422,04092019591,RISE SOUTHERN BISCUITS AND RIGHTEOUS CHICKEN,8301 BRIER CREEK PKY,STE 101,RALEIGH,NC,27617,(919) 377-0385,1736398800000,1 - Restaurant,-78.78335109,35.90685106,M,Not Provided
3423,04092019589,RISE SOUTHERN BISCUITS,6325 FALLS OF NEUSE RD SUITE 33,,RALEIGH,NC,27615,(984) 200-5751,1736485200000,1 - Restaurant,-78.62251588,35.86923291,M,Not Provided
3424,04092019595,CENTRO,106 S WILMINGTON STREET,,RALEIGH,NC,27601,(919) 835-3593,1736917200000,1 - Restaurant,-78.63844656,35.77926733,M,Not Provided
3425,04092019594,BENNY'S BILLIARDS AND SPORTS BAR,932 NE MAYNARD RD,,CARY,NC,27513,,1736398800000,1 - Restaurant,-78.76838418,35.80043542,M,Not Provided
3426,04092019596,CORBETT'S BURGERS & SODA BAR,7224 GB ALFORD HWY,,HOLLY SPRINGS,NC,27540,,1737090000000,1 - Restaurant,-78.83292633,35.63499737,M,Not Provided
3427,04092019598,MAZAHUA AZTECA,180 E DAVIE STREET,,RALEIGH,NC,27601,(919) 301-8605,1737003600000,1 - Restaurant,-78.63762465,35.77518083,M,Not Provided
3428,04092030725,TACOS EL CARDENAL (WCID #1067),2549 S SAUNDERS ST.,,RALEIGH,NC,27603,(919) 236-5332,1738386000000,3 - Mobile Food,-78.64827489,35.74908293,M,Not Provided
3429,04092019599,SPRINGHILL SUITES,4108 VIRTUOUS ST,,GARNER,NC,27529,,1737090000000,1 - Restaurant,-78.58162533,35.72375593,M,Not Provided
3430,04092025654,CAPRI FLAVORS,867 BASS PRO LN,,CARY,NC,27513,,1737435600000,2 - Food Stands,-78.77007336,35.83116267,M,Not Provided
3431,04092025655,7-ELEVEN,4245 LOUISBURG ROAD,,RALEIGH,NC,27604,(860) 371-1035,1737003600000,2 - Food Stands,-78.57668924,35.84204232,M,Not Provided
3432,04092019593,ANOTHER BROKEN EGG,160 PARK AT NORTH HILLS ST SUITE 127,,RALEIGH,NC,27609,(919) 307-8195,1736744400000,1 - Restaurant,-78.63811755,35.836365,M,Not Provided
3433,04092019601,GRILL & GO DELI,3212 HILLSBOROUGH STREET,,RALEIGH,NC,27607,(919) 450-5122,1738558800000,1 - Restaurant,-78.6800117,35.791202,M,Not Provided
3434,04092019602,BRIXX WOOD FIRED PIZZA,1111 PARKSIDE MAIN ST.,,CARY,NC,27519,(919) 674-4388,1737954000000,1 - Restaurant,-78.88929615,35.84835999,M,Not Provided
3435,04092019604,COOK OUT,11690 NORTHPARK DR,,WAKE FOREST,NC,27587,(919) 995-4237,1737090000000,1 - Restaurant,-78.54504583,35.96485738,M,Not Provided
3436,04092019600,ANOTHER BROKEN EGG CAFE,1211 MARKET CENTER  DR,,MORRISVILLE,NC,27560,(919) 465-1079,1737608400000,1 - Restaurant,-78.81476759,35.8080114,M,Not Provided
3437,04092025656,DOMINOS #7487,1121 FALLS RIVER AVE SUITE 104,,RALEIGH,NC,27614,(919) 870-1155,1737608400000,2 - Food Stands,-78.58941115,35.90603231,M,Not Provided
3438,04092019603,JALWA INDIAN RESTAURANT,6112 FALLS OF NEUSE RD,,RALEIGH,NC,27609,,1737608400000,1 - Restaurant,-78.61874122,35.86627999,M,Not Provided
3439,04092141914,ENLOE HIGH INDOOR CONCESSIONS,128 CLARENDON CRESCENT,,RALEIGH,NC,27610,(919) 360-8401,1736485200000,14 - Limited Food,-78.60333824,35.78424366,M,Not Provided
3440,04092019607,BIBIBOP #24,535 DR. CALVIN JONES HWY,STE 140,WAKE FOREST,NC,27587,,1736830800000,1 - Restaurant,-78.53173925,35.9665207,M,Not Provided
3441,04092025658,LITTLE CAESAR'S #56126,4800 GROVE BARTON ROAD,,RALEIGH,NC,27613,(984) 200-7790,1738299600000,2 - Food Stands,-78.71583278,35.8711034,M,Not Provided
3442,04092019608,THE DIRTY VEGAN,301 GLENWOOD AVE,SUITE 103,RALEIGH,NC,27603,(919) 418-9804,1738299600000,1 - Restaurant,-78.64802898,35.78456842,M,Not Provided
3443,04092019609,OMAKASE BY KAI,15 SEABOARD AVE,,RALEIGH,NC,27604,,1738040400000,1 - Restaurant,-78.63910397,35.78849225,M,Not Provided
3444,04092019605,LA FARM BAKERY,404 E SIX FORKS RD,,RALEIGH,NC,27609,,1736398800000,1 - Restaurant,-78.62606423,35.81908341,M,Not Provided
3445,04092019610,HANGAR BAR & GRILL,688 BREWING DR,,FUQUAY VARINA,NC,27526,,1739163600000,1 - Restaurant,-78.79143635,35.59374071,M,Not Provided
3446,04092019612,BEN GONG'S TEA,4141 DAVIS DRIVE,,MORRISVILLE,NC,27560,(919) 985-5466,1738818000000,1 - Restaurant,-78.85811524,35.8356255,M,Not Provided
3447,04092019611,PEAK REHAB HOSPITAL,1401 ZENO RD,,APEX,NC,27502,,1740718800000,1 - Restaurant,-78.86837748,35.73752703,M,Not Provided
3448,04092160097,CALYX LIVING OF WAKEFIELD IFS,11555 COMMON OAKS DR,,RALEIGH,NC,27614,(919) 746-0333,1740805200000,16 - Institutional Food Service,-78.542378,35.95453271,M,Not Provided
3449,04092025660,PIZZA HUT #1303,1009 E BROAD ST,,FUQUAY-VARINA,NC,27526,(919) 552-0771,1738558800000,2 - Food Stands,-78.78267477,35.59365979,M,Not Provided
3450,04092019614,PIZZA HUT #42437,151 WAKELON ST,,ZEBULON,NC,27597,(919) 269-6455,1738818000000,1 - Restaurant,-78.31572856,35.83347498,M,Not Provided
3451,04092141915,HILLTOP CHRISTIAN SCHOOL CONCESSION STAND,10212 FAYETTEVILLE RD,,FUQUAY-VARINA,NC,27526,(336) 260-5529,1738299600000,14 - Limited Food,-78.7228482,35.62770796,M,Not Provided
3452,04092019613,PIZZA HUT #036626,920 NE MAYNARD RD,,CARY,NC,27513,(919) 469-9991,1738558800000,1 - Restaurant,-78.76838418,35.80043542,M,Not Provided
3453,04092141916,SOUTHERN WAKE ACADEMY CONCESSION STAND,5108 OLD POWELL RD,,HOLLY SPRINGS,NC,27540,(919) 567-9955,1738731600000,14 - Limited Food,-78.81920201,35.61277696,M,Not Provided
3454,04092019617,PIZZA HUT #42430,1805 AVERSBORO RD,,GARNER,NC,27529,(919) 779-9200,1738904400000,1 - Restaurant,-78.61707232,35.68585652,M,Not Provided
3455,04092019615,AMMI'S,111-118 SEABOARD AVE,,RALEIGH,NC,27604,(919) 525-7573,1740805200000,1 - Restaurant,-78.64016631,35.78861051,M,Not Provided
3456,04092025662,PIZZA HUT,6330 ROGERS RD,,ROLESVILLE,NC,27571,(919) 424-4444,1738904400000,2 - Food Stands,-78.46695786,35.92118072,M,Not Provided
3457,04092025661,PIZZA HUT #42446,"5416 ROCK QUARRY RD, STE 101",,RALEIGH,NC,27610,(919) 851-0200,1738904400000,2 - Food Stands,-78.56010141,35.73196384,M,Not Provided
3458,04092025663,CHEEF,1805 GARNER RD,SUITE 1813,RALEIGH,NC,27610,(919) 369-3174,1738818000000,2 - Food Stands,-78.63070399,35.75696584,M,Not Provided
3459,04092141917,SOUTHEAST RALEIGH HIGH SCHOOL INDOOR CONCESSION,2600 ROCK QUARRY RD,,RALEIGH,NC,27610,(919) 559-2189,1739250000000,14 - Limited Food,-78.60409689,35.74535559,M,Not Provided
3460,04092019618,PIZZA HUT,11480 CAPITAL BLVD SUITE 135,,WAKE FOREST,NC,27587,(919) 556-9190,1738904400000,1 - Restaurant,-78.540514,35.95710687,M,Not Provided
3461,04092025664,SANDY PLAIN MINI MART FOOD SERVICE,14830 CREEDMOOR RD,,WAKE FOREST,NC,27587,(948) 251-9006,1737694800000,2 - Food Stands,-78.69753027,36.04948286,M,Not Provided
3462,04092019621,PIZZA HUT #42426,4081 DAVIS DR,,MORRISVILLE,NC,27560,(919) 234-0652,1739422800000,1 - Restaurant,-78.85811524,35.8356255,M,Not Provided
3463,04092030727,TACORRIENDO (WCID #1084),410 W GANNON AVE,,ZEBULON,NC,27597,(919) 612-0129,1738731600000,3 - Mobile Food,-78.32298516,35.82163006,M,Not Provided
3464,04092019616,PIZZA HUT,10911 RAVEN RIDGE SUITE 111,,RALEIGH,NC,27614,(919) 847-7377,1738904400000,1 - Restaurant,-78.59143464,35.90654489,M,Not Provided
3465,04092019620,CHIPOTLE #4307,3402 KILDAIRE FARM RD,,CARY,NC,27518,(984) 306-0099,1737003600000,1 - Restaurant,-78.79453893,35.7067271,M,Not Provided
3466,04092019623,PIZZA HUT #42425,3691 NEW BERN AVE,,RALEIGH,NC,27610,(917) 583-8927,1738904400000,1 - Restaurant,-78.57924099,35.79885208,M,Not Provided
3467,04092025665,PIZZA HUT #42440,4011 CAPITAL BLVD. SUITE 119,,RALEIGH,NC,27604,(917) 583-8927,1738904400000,2 - Food Stands,-78.5837309,35.83623673,M,Not Provided
3468,04092019625,SUSHI SUYU BRIER CREEK,4233 CORNERS PKWY,SUITE 250,RALEIGH,NC,27617,(919) 302-5827,1740978000000,1 - Restaurant,-78.78791959,35.9189124,M,Not Provided
3469,04092019624,FIREHOUSE SUBS,11704 RETAIL DR,,WAKE FOREST,NC,27587,(919) 556-1010,1739768400000,1 - Restaurant,-78.54349375,35.96629663,M,Not Provided
3470,04092025666,PIZZA HUT #42424,3116 HILLSBOROUGH STREET SUITE 103,,RALEIGH,NC,27607,(917) 583-8927,1738904400000,2 - Food Stands,-78.67828887,35.79041926,M,Not Provided
3471,04092019626,OKOME HOUSE,11200 CAPITAL BLVD,,WAKE FOREST,NC,27581,(919) 263-8133,1738904400000,1 - Restaurant,-78.53853783,35.95102262,M,Not Provided
3472,04092030729,CLOSE FIRE BBQ (WCID #1064),1214 E LENOIR ST,,RALEIGH,NC,27610,(704) 466-6095,1740718800000,3 - Mobile Food,-78.62079848,35.77206859,M,Not Provided
3473,04092025667,CIRCLE K #7212,8380 S NC 55 HWY,,ANGIER,NC,27501,,1741928400000,2 - Food Stands,-78.7476408,35.53752697,M,Not Provided
3474,04092030730,INDIAN FOOD BANDI (WCID #1065),1600 OLIVE CHAPEL RD.  STE 728,,APEX,NC,27502,(571) 317-8355,1740718800000,3 - Mobile Food,-78.89057874,35.73813869,M,Not Provided
3475,04092019627,SOUL FLAVORSCAPE OF INDIA,301 GLENWOOD AVENUE SUITE 190,,RALEIGH,NC,27603,(919) 900-7231,1740632400000,1 - Restaurant,-78.64802898,35.78456842,M,Not Provided
3476,04092025668,LAYTON'S CATERING @ THE KITCHEN SPACE,3805 S WILMINGTON ST,,RALEIGH,NC,27603,(919) 625-2841,1740805200000,2 - Food Stands,-78.64840838,35.72742869,M,Not Provided
3477,04092019629,SMASH MASTERS,409 W GANNON AVE,,ZEBULON,NC,27597,(919) 414-9170,1740718800000,1 - Restaurant,-78.32295741,35.82026265,M,Not Provided
3478,04092019630,CULVER'S #1005,6001 TAYLOR RD,,WENDELL,NC,27591,(919) 366-6566,1736571600000,1 - Restaurant,-78.43314236,35.77732509,M,Not Provided
3479,04092025669,EL RINCON DEL SABOR,414 SHEPARD SCHOOL RD,,ZEBULON,NC,27597,(919) 395-4244,1737694800000,2 - Food Stands,-78.31274149,35.8262749,M,Not Provided
3480,04092019628,POKE LOONG,6106 FALLS OF NEUSE RD,,RALEIGH,NC,27609,(646) 726-6088,1740805200000,1 - Restaurant,-78.61874122,35.86627999,M,Not Provided
3481,04092019631,ACAI EXPRESS,13654 CAPITAL BLVD,STE 104,WAKE FOREST,NC,27587,(984) 296-7986,1742014800000,1 - Restaurant,-78.51867626,36.00549137,M,Not Provided
3482,04092019632,MAMACITA WAKE FOREST,13654 CAPITAL BLVD,STE 108,WAKE FOREST,NC,27587,(984) 289-0897,1741410000000,1 - Restaurant,-78.51867626,36.00549137,M,Not Provided
3483,04092019633,FARMSIDE KITCHEN,316 COLONADES WAY,STE 112,CARY,NC,27518,(919) 322-2975,1740805200000,1 - Restaurant,-78.77756452,35.73853427,M,Not Provided
3484,04092030731,TACOS DONA MEDA WCID # 805,744 E CHATHAM ST,,CARY,NC,27511,(919) 656-0499,1740805200000,3 - Mobile Food,-78.7669176,35.79077934,M,Not Provided
3485,04092019634,KINOKO RAMEN,3524 DAVIS DR,,MORRISVILLE,NC,27560,(919) 651-0999,1741582800000,1 - Restaurant,-78.84576057,35.81812092,M,Not Provided
3486,04092025672,PLEASANT PARK CONCESSION,2211 RECREATION DR,,APEX,NC,27502,,1741582800000,2 - Food Stands,-78.88100683,35.70203087,M,Not Provided
3487,04092019635,MICHELANGELO'S PIZZA,928 US 64 HWY W,,APEX,NC,27523,(919) 462-8880,1741669200000,1 - Restaurant,-78.820808,35.74557219,M,Not Provided
3488,04092019637,POOLE'S DINER,428 S MCDOWELL STREET,,RALEIGH,NC,27601,(919) 832-4477,1740978000000,1 - Restaurant,-78.6423094,35.77463208,M,Not Provided
3489,04092019636,FAMOUS TOASTERY OF CARY,"316 COLONADES WAY, STE 201C",,CARY,NC,27518,(919) 655-1971,1742965200000,1 - Restaurant,-78.77756452,35.73853427,M,Not Provided
3490,04092019639,CAFE ORLEANS,1425 PROMISE BEACON CIR,SUITE 106,RALEIGH,NC,27610,(504) 777-4525,1741582800000,1 - Restaurant,-78.61462432,35.75950493,M,Not Provided
3491,04092019638,EPIC CHOPHOUSE RALEIGH,8551 BRIER CROSSINGS PKWY,,RALEIGH,NC,27617,(303) 557-2203,1741582800000,1 - Restaurant,-78.78335109,35.90685106,M,Not Provided
3492,04092030732,QUEEN QUISINES (WCID #1074),903 N SMITHFIELD RD,,KNIGHTDALE,NC,27545,(919) 909-8242,1742014800000,3 - Mobile Food,-78.48796386,35.7957655,M,Not Provided
3493,04092019641,FOXTAIL COFFEE,76 HUNTER ST,SUITE 112,APEX,NC,27502,,1741669200000,1 - Restaurant,-78.84651308,35.73545669,M,Not Provided
3494,04092019643,DOC B'S,25 FENTON MAIN ST,,CARY,NC,27511,,1742187600000,1 - Restaurant,-78.75852986,35.78087951,M,Not Provided
3495,04092019642,BASIL N SPICE,8753 HOLLY SPRINGS RD,,APEX,NC,27539,,1742187600000,1 - Restaurant,-78.77345985,35.69264269,M,Not Provided
3496,04092019645,ACAI EXPRESS,3434 KILDAIRE FARM RD,,CARY,NC,27518,,1742533200000,1 - Restaurant,-78.79564018,35.70596311,M,Not Provided
3497,04092019644,SHANE'S RIB SHACK #55,"5811 POYNER VILLAGE PARKWAY, STE 101",,RALEIGH,NC,27616,(919) 850-9900,1742187600000,1 - Restaurant,-78.56916558,35.86464073,M,Not Provided
3498,04092019646,AQUI MERO!,101 ASHVILLE AVE,,CARY,NC,27518,,1742533200000,1 - Restaurant,-78.78354569,35.73867835,M,Not Provided
3499,04092019647,PEREGRINE,1000 SOCIAL ST  SUITE 150,,RALEIGH,NC,27609,(919) 322-2717,1741928400000,1 - Restaurant,-78.62375898,35.82999082,M,Not Provided
3500,04092019649,TACO VELOZ,2829 WENDELL BVD,,WENDELL,NC,27591,(919) 366-6040,1742533200000,1 - Restaurant,-78.38037272,35.79568491,M,Not Provided
3501,04092019648,CHEX GRILL & WINGS,3006 HILLSBOROUGH ST,,RALEIGH,NC,27607,(919) 307-3732,1741928400000,1 - Restaurant,-78.6765213,35.79007751,M,Not Provided
3502,04092030735,COCO LOCO & TACO LOCO (WCID #1103),2161 S WILMINGTON ST,,RALEIGH,NC,27603,(984) 286-8379,1743138000000,3 - Mobile Food,-78.63902823,35.7520526,M,Not Provided
3503,04092141918,BROUGHTON HS OUTDOOR CONCESSION,723 ST MARYS ST,,RALEIGH,NC,27605,(919) 624-9497,1774501200000,14 - Limited Food,-78.65350229,35.790761,M,Not Provided
3504,04092019651,MECHE,3470 KILDAIRE FARM RD,,CARY,NC,27518,,1743138000000,1 - Restaurant,-78.79564018,35.70596311,M,Not Provided
3505,04092019652,BAD MACHINES,216 NOTTINGHAM DR,,CARY,NC,27511,(919) 780-7705,1742446800000,1 - Restaurant,-78.74295028,35.76835892,M,Not Provided
3506,04092019650,HIBACHI CHINA BUFFET,2909 E MILLBROOK RD,,RALEIGH,NC,27604,(919) 878-5688,1742792400000,1 - Restaurant,-78.58213499,35.85057474,M,Not Provided
3507,04092030733,CREPE CRAVE (WCID #1015),10940 RAVEN RIDGE RD,,RALEIGH,NC,27614,(919) 349-3871,1743483600000,3 - Mobile Food,-78.59009764,35.90790481,M,Not Provided
3508,04092019653,OAKWOOD DELI,331 NEW BERN AVE,,RALEIGH,NC,27601,(919) 239-4556,1743138000000,1 - Restaurant,-78.63341248,35.78047266,M,Not Provided
3509,04092025673,BONGIORNO & SON,2400 JOHN BRANTLEY BLVD,,MORRISVILLE,NC,27560,(631) 235-3966,1742619600000,2 - Food Stands,-78.7893961,35.86970016,M,Not Provided
3510,04092019654,CHICK-FIL-A #05395,1001 S HUGHES ST,,APEX,NC,27502,(919) 303-2367,1741410000000,1 - Restaurant,-78.84376509,35.71718603,M,Not Provided
3511,04092050039,PEAK CHARTER ACADEMY CAFETERIA,1601 ORCHARD VILLAS AVE,,APEX,NC,27502,(919) 377-1552,1739250000000,5 - Private Schools Lunchroom,-78.86643432,35.7482176,M,Not Provided
3512,04092019656,GOOD DAY GOOD NIGHT,603 W. MORGAN STREET,,RALEIGH,NC,27603,(984) 275-2220,1742878800000,1 - Restaurant,-78.64794639,35.77972726,M,Not Provided
3513,04092050040,WAKE FOREST CHARTER ACADEMY CAFETERIA,1851 FRIENDSHIP CHAPEL RD,,WAKE FOREST,NC,27587,(919) 263-8673,1742792400000,5 - Private Schools Lunchroom,-78.494378,35.9660728,M,Not Provided
3514,04092019657,STELLAR,1912 BERNARD STREET,,RALEIGH,NC,27608,(814) 441-7529,1742965200000,1 - Restaurant,-78.6305369,35.8074925,M,Not Provided
3515,04092019660,CAPITAL COMMISSARY,10125 DIVISION DR,,RALEIGH,NC,27603,(919) 815-6594,1744261200000,1 - Restaurant,-78.71143305,35.63398146,M,Not Provided
3516,04092019658,BITES ON MAIN,400 SOUTHTOWN CIRCLE,,ROLESVILLE,NC,27571,(919) 488-4002,1744002000000,1 - Restaurant,-78.47039393,35.91648281,M,Not Provided
3517,04092019663,THE CRUNKLETON,403 W JOHNSON ST,,RALEIGH,NC,27603,,1743138000000,1 - Restaurant,-78.64485464,35.78661175,M,Not Provided
3518,04092019661,GEN KOREAN BBQ HOUSE,232 CROSSROADS BLVD,,CARY,NC,27518,,1744347600000,1 - Restaurant,-78.73871469,35.76064643,M,Not Provided
3519,04092019662,BREWERY BHAVANA,850 LOWER GARDEN LN,,CARY,NC,27511,,1744347600000,1 - Restaurant,-78.75852986,35.78087951,M,Not Provided
3520,04092030736,THE BUTCHER'S MOBILE FOOD UNIT (WCID #596),1540 DUNN RD,,RALEIGH,NC,27614,(919) 961-4555,1743829200000,3 - Mobile Food,-78.58619614,35.92540089,M,Not Provided
3521,04092019664,LA QUINTA INN & SUITES BY WYNDHAM RDU AIRPORT FOOD,1001 HOSPITALITY COURT,,MORRISVILLE,NC,27560,(919) 461-1771,1744606800000,1 - Restaurant,-78.81641325,35.85962807,M,Not Provided
3522,04092030737,LAMI FILIPINO FOOD (WCID #1086),11016 CAPITAL BLVD,,WAKE FOREST,NC,27587,(201) 920-2312,1744952400000,3 - Mobile Food,-78.53774541,35.94776496,M,Not Provided
3523,04092019665,NERO PIZZA,6501 MT. HERMAN RD,,RALEIGH,NC,27617,(914) 519-8342,1744779600000,1 - Restaurant,-78.76699418,35.9086874,M,Not Provided
3524,04092019655,JERSEY MIKE'S SUBS #3269,6220 BATTLE BRIDGE RD,STE 101,RALEIGH,NC,27610,(919) 457-1999,1742274000000,1 - Restaurant,-78.54783017,35.72462043,M,Not Provided
3525,04092019668,GLENAIRE ASSISTED LIVING DINING,5500 GLENHOPE CT,,CARY,NC,27511,,1745816400000,1 - Restaurant,-78.78516043,35.77627942,M,Not Provided
3526,04092019669,THE BLAIR MEMORY CARE CENTER OF CARY,809 W CHATHAM ST,,CARY,NC,27511,(984) 687-0810,1745211600000,1 - Restaurant,-78.79327717,35.78204035,M,Not Provided
3527,04092019671,INTERFOOD 3 HERMANOS BUFFET,4020 CAPITAL BLVD,SUITE 148,RALEIGH,NC,27604,(919) 822-4775,1746421200000,1 - Restaurant,-78.5796759,35.83550882,M,Not Provided
3528,04092019670,NANA MORRISON'S SOUL FOOD,2052 RENAISSANCE PARK PL,,CARY,NC,27513,,1745816400000,1 - Restaurant,-78.77115668,35.82699559,M,Not Provided
3529,04092019666,THE HALAL GUYS,2000 BOULDERSTONE WAY,,CARY,NC,27519,,1744952400000,1 - Restaurant,-78.84859333,35.79156092,M,Not Provided
3530,04092300309,INTERFOOD 3 HERMANOS MEAT MARKET,4020 CAPITAL BLVD,SUITE 148,RALEIGH,NC,27604,(919) 822-4775,1746421200000,30 - Meat Market,-78.5796759,35.83550882,M,Not Provided
3531,04092019672,MALA PATA,2431 CRABTREE BLVD,SUITE 102,RALEIGH,NC,27604,(336) 202-8597,1746421200000,1 - Restaurant,-78.61383257,35.80541224,M,Not Provided
3532,04092019675,MAY BAKERY & CAFE,6320 CAPITAL BLVD,SUITE 101,RALEIGH,NC,27616,(919) 917-7278,1744606800000,1 - Restaurant,-78.57847149,35.87073431,M,Not Provided
3533,04092019674,BEST WESTERN FOODSERVICE,1595 MECHANICAL BLVD,,GARNER,NC,27529,(919) 662-4890,1745557200000,1 - Restaurant,-78.64471648,35.72391743,M,Not Provided
3534,04092019673,FICTION KITCHEN,2431 CRABTREE BLVD,SUITE 102,RALEIGH,NC,27604,(919) 349-9445,1746421200000,1 - Restaurant,-78.61383257,35.80541224,M,Not Provided
3535,04092025677,ARABIAN DELIGHTS MARKET,1504 GARNER STATION BLVD,,RALEIGH,NC,27603,,1746162000000,2 - Food Stands,-78.65475972,35.72582593,M,Not Provided
3536,04092030739,LOADED EATS (WCID # 1012),160 SOMMERVILLE PARK,,RALEIGH,NC,27603,(919) 395-5447,1746248400000,3 - Mobile Food,-78.65005756,35.69421011,M,Not Provided
3537,04092019676,HARVY'S ICE CREAM & PIZZA,2763 NC 55 HWY,,CARY,NC,27519,(919) 367-6358,1745989200000,1 - Restaurant,-78.87279008,35.78531559,M,Not Provided
3538,04092019677,FISH HOUSE EATERY,841 PERRY RD,,APEX,NC,27502,(919) 367-6131,1746162000000,1 - Restaurant,-78.84486616,35.71972361,M,Not Provided
3539,04092025679,LET IT BRIE CHARCUTERIE BOARDS,160 SOMMERVILLE PARK RD,,RALEIGH,NC,27603,(803) 960-9646,1746248400000,2 - Food Stands,-78.65005756,35.69421011,M,Not Provided
3540,04092019678,TROPICAL SMOOTHIE CAFE,1009 STADIUM DR SUITE 120,,WAKE FOREST,NC,27587,,1746075600000,1 - Restaurant,-78.52990283,35.98957154,M,Not Provided
3541,04092025680,APNA BAZAR,1317 COPELAND OAKS DR,,MORRISVILLE,NC,27560,(919) 461-3969,1746248400000,2 - Food Stands,-78.83237033,35.84363692,M,Not Provided
3542,04092030740,BANGALORE CAFE EXPRESS (WCID #1083),209 E WILLIAMS ST,,APEX,NC,27502,(240) 907-0234,1746162000000,3 - Mobile Food,-78.85166491,35.72667311,M,Not Provided
3543,04092160098,FUQUAY VARINA HEALTH AND REHAB CENTER KITCHEN,410 S JUDD PKWY,,FUQUAY-VARINA,NC,27526,(919) 577-0421,1745902800000,16 - Institutional Food Service,-78.78531336,35.58042172,M,Not Provided
3544,04092019680,MOMO HOUSE,3001 HILLBOROUGH ST SUITE 108,,RALEIGH,NC,27607,,1746594000000,1 - Restaurant,-78.67702546,35.78909475,M,Not Provided
3545,04092019681,PAR TEE SHACK,6231 TRIANGLE PLANTATION DR,,RALEIGH,NC,27616,(919) 766-6743,1744866000000,1 - Restaurant,-78.5823769,35.87315531,M,Not Provided
3546,04092019679,MY DESSERTS,90 CORNERSTONE DR,,CARY,NC,27519,,1746421200000,1 - Restaurant,-78.85232883,35.79108618,M,Not Provided
3547,04092019683,ARTISAN BEER AND CHEESE,232 BASALT PL,SUITE A,ROLESVILLE,NC,27571,(802) 922-2466,1730523600000,1 - Restaurant,-78.45914969,35.92340322,M,Not Provided
3548,04092025681,SOUTHERN BURN CHICKEN,2906 HILLSBOROUGH ST,,RALEIGH,NC,27607,(919) 301-8856,1745384400000,2 - Food Stands,-78.67526563,35.78961876,M,Not Provided
3549,04092019682,ARBY'S #6336,1300 E 5TH AVE,,GARNER,NC,27529,(919) 662-7749,1746680400000,1 - Restaurant,-78.62072106,35.70888693,M,Not Provided
3550,04092019685,ARBY'S #6151,6308 CAPITAL BLVD,,RALEIGH,NC,27604,(919) 954-6185,1747026000000,1 - Restaurant,-78.57917807,35.87164373,M,Not Provided
3551,04092030741,MAC DADDY'S FOOD TRUCK (WCID #1004),160 SOMMERVILLE PARK RD,,RALEIGH,NC,27603,(919) 272-8744,1746766800000,3 - Mobile Food,-78.65005756,35.69421011,M,Not Provided
3552,04092019684,ARBY'S,1500 EAST WILLIAMS STREET,,APEX,NC,27502,,1747026000000,1 - Restaurant,-78.83904409,35.71089628,M,Not Provided
3553,04092019686,SHARKY'S PLACE,5800 DURALEIGH RD,SUITE 101,RALEIGH,NC,27612,,1745816400000,1 - Restaurant,-78.71190154,35.85736049,M,Not Provided
3554,04092110554,REX ROAD ELEM. CAFETERIA,6125 REX RD,,HOLLY SPRINGS,NC,27540,,1747026000000,11 - Public School Lunch,-78.88582175,35.61489079,M,Not Provided
3555,04092019691,JERSEY MIKE'S #3008,8111 CREEDMOOR ROAD,STE 107,RALEIGH,NC,27613,(919) 870-6003,1747371600000,1 - Restaurant,-78.68248846,35.8985009,M,Not Provided
3556,04092019688,BEIJING CAFE,740 E CHATHAM ST,STE D-E,CARY,NC,27511,(919) 678-3111,1747026000000,1 - Restaurant,-78.7669176,35.79077934,M,Not Provided
3557,04092019690,SERAFINA RISTORANTE,126 N SALEM ST,,APEX,NC,27502,(919) 267-4785,1747285200000,1 - Restaurant,-78.8506564,35.73153236,M,Not Provided
3558,04092030742,HENRY’S HOT CHICKEN (WCID #1099),2161 S WILMINGTON ST,,RALEIGH,NC,27603,(919) 886-2200,1746766800000,3 - Mobile Food,-78.63902823,35.7520526,M,Not Provided
3559,04092030743,BOMBER QUE (WCID #1102),1600 OLIVE CHAPEL RD,STE 728,APEX,NC,27502,(540) 273-3138,1747976400000,3 - Mobile Food,-78.89057874,35.73813869,M,Not Provided
3560,04092019692,NAPA BISTRO AND WINE BAR RALEIGH,3705 EXCHANGE GLENWOOD PL,SUITE 600,RALEIGH,NC,27612,(919) 505-1831,1748062800000,1 - Restaurant,-78.66604239,35.83312441,M,Not Provided
3561,04092019694,THE WALK-UP,126 W CHATHAM ST,,CARY,NC,27511,,1747371600000,1 - Restaurant,-78.78239676,35.78740485,M,Not Provided
3562,04092025683,ANGADI CAFE DELI,405 E BROAD ST,,FUQUAY VARINA,NC,27526,,1747976400000,2 - Food Stands,-78.79497927,35.59418246,M,Not Provided
3563,04092300310,ANGADI MEAT MARKET,405 E BROAD ST,,FUQUAY VARINA,NC,27526,,1748581200000,30 - Meat Market,-78.79497927,35.59418246,M,Not Provided
3564,04092019693,JERSEY MIKES SUBS,1121 FALLS RIVER AVE SUITE 105,,RALEIGH,NC,27614,,1747198800000,1 - Restaurant,-78.58941115,35.90603231,M,Not Provided
3565,04092019695,PINEAPPLE SOL,302 COLONADES WAY,STE 109,CARY,NC,27518,(919) 746-0888,1747630800000,1 - Restaurant,-78.77756452,35.73853427,M,Not Provided
3566,04092019696,LAS MARIAS TACOS Y PUPUSAS,1600 RONALD DR SUITE 107,,RALEIGH,NC,27609,(919) 977-8149,1747630800000,1 - Restaurant,-78.61018997,35.83816391,M,Not Provided
3567,04092019697,ROYALE CURRY,990 HIGH HOUSE RD,,CARY,NC,27513,(919) 234-0985,1747976400000,1 - Restaurant,-78.82691634,35.78842126,M,Not Provided
3568,04092019699,MI CANCUN,1451 RICHARDSON RD,SUITE 105,APEX,NC,27523,,1747371600000,1 - Restaurant,-78.91593923,35.74253044,M,Not Provided
3569,04092019698,CAPE FEAR SEAFOOD COMPANY,1885 LAKE PINE DR,,CARY,NC,27511,,1747371600000,1 - Restaurant,-78.81900333,35.7452121,M,Not Provided
3570,04092019702,MARCO'S PIZZA #8533,"5621 ATLANTIC AVE, STE 101",,RALEIGH,NC,27615,(919) 916-1500,1747717200000,1 - Restaurant,-78.60033173,35.86226615,M,Not Provided
3571,04092019701,WHITE STORY CAFE,113 S. WHITE ST,,WAKE FOREST,NC,27587,,1747717200000,1 - Restaurant,-78.50923959,35.97887812,M,Not Provided
3572,04092019700,SUNDAY'S AM EATERY,14460 FALLS OF NEUSE RD,SUITE 183,RALEIGH,NC,27614,,1747371600000,1 - Restaurant,-78.54362149,35.94386897,M,Not Provided
3573,04092019703,SOUTHERN SPICE,10290 CHAPEL HILL RD,SUITE 300,MORRISVILLE,NC,27560,(919) 971-3647,1748235600000,1 - Restaurant,-78.82634075,35.83290708,M,Not Provided
3574,04092025685,LEANBACK SOUL FOOD @ THE KITCHEN SPACE,3805 S WILMINGTON ST,,RALEIGH,NC,27603,(336) 497-1844,1748062800000,2 - Food Stands,-78.64840838,35.72742869,M,Not Provided
3575,04092019705,VICE CAFE BY BEINEXX,439 GLENWOOD AVENUE,,RALEIGH,NC,27603,(267) 980-0360,1747803600000,1 - Restaurant,-78.64765939,35.786045,M,Not Provided
3576,04092019704,PURPLE & PEARL,1101 GRACE PARK DR,,MORRISVILLE,NC,27560,,1747803600000,1 - Restaurant,-78.84652233,35.821117,M,Not Provided
3577,04092019706,MACGREGOR DOWNS CLUB HOUSE,430 ST ANDREWS LN,,CARY,NC,27511,,1747630800000,1 - Restaurant,-78.79419635,35.74576085,M,Not Provided
3578,04092019707,SIMPLY CREPES,1028 OBERLIN RD,SUITE 248,RALEIGH,NC,27605,(919) 615-2845,1747976400000,1 - Restaurant,-78.65844846,35.79783425,M,Not Provided
3579,04092019708,TRUMAN'S SMOKEHOUSE AND KITCHEN,135 S MAIN ST,,FUQUAY-VARINA,NC,27526,(919) 285-3399,1748322000000,1 - Restaurant,-78.79933219,35.58320372,M,Not Provided
3580,04092141919,GARNER HIGH SCHOOL OUTDOOR CONCESSIONS,2101 SPRING DR,,GARNER,NC,27529,(919) 395-0278,1745902800000,14 - Limited Food,-78.63740248,35.70995069,M,Not Provided
3581,04092019709,SIP AND SHOP CAFE,17 N MAIN ST,,WENDELL,NC,27591,(919) 822-2599,1746853200000,1 - Restaurant,-78.37020155,35.78143649,M,Not Provided
3582,04092019711,HARAZ COFFEE,1750 OLIVE CHAPEL RD,,APEX,NC,27502,,1748581200000,1 - Restaurant,-78.89528074,35.73604019,M,Not Provided
3583,04092025686,PAPA JOHN'S #5522,2830 TEACHEY PL,,APEX,NC,27523,,1749186000000,2 - Food Stands,-78.91833406,35.74205277,M,Not Provided
3584,04092019712,RUCKUS PIZZA,13200 STRICKLAND RD,STE 104,RALEIGH,NC,27613,(919) 816-2113,1748926800000,1 - Restaurant,-78.72593678,35.90878748,M,Not Provided
3585,04092019713,SORA SUSHI & RAMEN,930 BROADSTONE WAY,STE 100,APEX,NC,27502,(919) 335-8899,1747976400000,1 - Restaurant,-78.84561934,35.71321686,M,Not Provided
3586,04092025687,CHICK-FIL-A CRABTREE VALLEY MALL,4325 GLENWOOD AVE SUITE 2047,,RALEIGH,NC,27612,(919) 782-1911,1748840400000,2 - Food Stands,-78.67900996,35.83931725,M,Not Provided
3587,04092019717,BOATMAN SPIRITS CO.,713 SEABOARD STATION DR,,RALEIGH,NC,27604,(919) 867-0440,1749272400000,1 - Restaurant,-78.64000247,35.78943809,M,Not Provided
3588,04092019718,THE PICKLED ONION LAFAYETTE,8470 HONEYCUTT ROAD,,RALEIGH,NC,27615,(919) 418-1113,1749445200000,1 - Restaurant,-78.62166264,35.89510631,M,Not Provided
3589,04092019714,CHICK-FIL-A STONE CREEK VILLAGE,1000 VALLEYSTONE DR,,CARY,NC,27519,(919) 465-0699,1748840400000,1 - Restaurant,-78.85027208,35.79062509,M,Not Provided
3590,04092019716,OH-MOCHI,1141 FALLS RIVER AVE,,RALEIGH,NC,27614,(919) 322-1980,1748667600000,1 - Restaurant,-78.58877607,35.90718422,M,Not Provided
3591,04092019719,ALDOS PIZZA,3608 BENSON RD,,GARNER,NC,27529,(919) 771-1000,1749013200000,1 - Restaurant,-78.61154057,35.63067753,M,Not Provided
3592,04092019721,RICK'S CABARET,3210 YONKERS RD,,RALEIGH,NC,27604,(919) 250-9826,1749099600000,1 - Restaurant,-78.58938206,35.79774374,M,Not Provided
3593,04092019722,THE FARMER'S INDIAN RESTAURANT,3721 SUMNER BLVD,,RALEIGH,NC,27616,(919) 638-4145,1749790800000,1 - Restaurant,-78.576038,35.86600165,M,Not Provided
3594,04092019720,LA MALA,"126 N WEST ST RALEIGH, 27603",,RALEIGH,NC,27603,(919) 608-8657,1746248400000,1 - Restaurant,-78.64537256,35.78238092,M,Not Provided
3595,04092025689,STACY'S SOUL KITCHEN @ THE KITCHEN SPACE,3805 S WILMINGTON ST,,RALEIGH,NC,27603,(919) 332-9712,1749272400000,2 - Food Stands,-78.64840838,35.72742869,M,Not Provided
3596,04092030744,ZONA VIVA (WCID# 1011),3501 CAPITAL BLVD,,RALEIGH,NC,27604,(919) 492-5314,1749272400000,3 - Mobile Food,-78.58692931,35.82783317,M,Not Provided
3597,04092019723,LUCCI BLUE'S SOCIAL CAFE,209 FAYETTEVILLE ST,,FUQUAY VARINA,NC,27526,,1750395600000,1 - Restaurant,-78.79542385,35.59328238,M,Not Provided
3598,04092019725,AMERICAN AIRLINES ADMIRALS CLUB,2400 JOHN BRANTLEY BLVD,,MORRISVILLE,NC,27560,(984) 742-5077,1749186000000,1 - Restaurant,-78.7893961,35.86970016,M,Not Provided
3599,04092300311,PUBLIX #1855 MEAT,821 S MAIN ST,,ROLESVILLE,NC,27571,(919) 263-6027,1747803600000,30 - Meat Market,-78.47703543,35.90846239,M,Not Provided
3600,04092040421,K & D HOT DOGS (WCID #1100),11016 CAPITAL BLVD,,WAKE FOREST,NC,27587,(919) 263-8837,1750395600000,4 - Push Carts,-78.53774541,35.94776496,M,Not Provided
3601,04092025690,PUBLIX #1855 DELI,821 S MAIN ST,,ROLESVILLE,NC,27571,(919) 263-6027,1747803600000,2 - Food Stands,-78.47703543,35.90846239,M,Not Provided
3602,04092025691,PUBLIX #1855 SEAFOOD,821 S MAIN ST,,ROLESVILLE,NC,27571,(919) 263-6027,1747803600000,2 - Food Stands,-78.47703543,35.90846239,M,Not Provided
3603,04092025692,PUBLIX #1855 PRODUCE,821 S MAIN ST,,ROLESVILLE,NC,27571,(919) 263-6027,1747803600000,2 - Food Stands,-78.47703543,35.90846239,M,Not Provided
3604,04092025693,AFC ZENSHI @ PUBLIX #1855,821 S MAIN ST,,ROLESVILLE,NC,27571,(919) 263-6027,1747803600000,2 - Food Stands,-78.47703543,35.90846239,M,Not Provided
3605,04092019726,DUCK DONUTS,8323 CREEDMOOR ROAD,,RALEIGH,NC,27613,(609) 513-7559,1749618000000,1 - Restaurant,-78.68223246,35.90105464,M,Not Provided
3606,04092019728,RUSH HOUR KARTING GARNER,5335 RAYNOR RD,,GARNER,NC,27529,(919) 662-2901,1749445200000,1 - Restaurant,-78.55025626,35.67539095,M,Not Provided
3607,04092019727,SHAWARMA STOP,10966 CHAPEL HILL RD,,MORRISVILLE,NC,27560,(919) 214-2099,1749877200000,1 - Restaurant,-78.84122141,35.85590291,M,Not Provided
3608,04092030745,CHILL MAMA FOOD TRUCK (WCID #1075),10420 CHAPEL HILL RD,,MORRISVILLE,NC,27560,(732) 997-2318,1749186000000,3 - Mobile Food,-78.8309265,35.83981209,M,Not Provided
3609,04092025694,BUTTERMILK BOUTIQUE @ THE KITCHEN SPACE,3805 S WILMINGTON ST,,RALEIGH,NC,27603,(617) 938-8520,1750482000000,2 - Food Stands,-78.64840838,35.72742869,M,Not Provided
3610,04092019731,EGGS UP GRILL #31,4216 LASSITER ROAD,,HOLLY SPRINGS,NC,27540,(919) 495-4530,1750136400000,1 - Restaurant,-78.79440651,35.66435704,M,Not Provided
3611,04092025695,WINGS & TURKEY BBQ @ FLAVOR DISTRICT - ROOM 14,11016 CAPITAL BLVD,,WAKE FOREST,NC,27587,(984) 303-9832,1750222800000,2 - Food Stands,-78.53774541,35.94776496,M,Not Provided
3612,04092019730,VILLAGE JUICE GLENWOOD,3701 EXCHANGE GLENWOOD PL,,RALEIGH,NC,27612,(919) 301-8711,1750654800000,1 - Restaurant,-78.66604239,35.83312441,M,Not Provided
3613,04092019732,INKA GRILL,16 W MARTIN STREET,,RALEIGH,NC,27601,(786) 458-2436,1751864400000,1 - Restaurant,-78.64002756,35.7771451,M,Not Provided
3614,04092025698,COUSINS MAINE LOBSTER COMMISSARY,3209 GRESHAM LAKE RD,SUITE 119,RALEIGH,NC,27615,(919) 867-6203,1750741200000,2 - Food Stands,-78.58045032,35.88537765,M,Not Provided
3615,04092019734,WONG TACOS GLENLAKE,4251 PARKLAKE AVE,STE 100,RALEIGH,NC,27612,(713) 397-7961,1751000400000,1 - Restaurant,-78.6906393,35.83659808,M,Not Provided
3616,04092019733,TASU ASIAN BISTRO & SUSHI BAR,"525 NEW WAVERLY PL, STE 103",,CARY,NC,27518,(919) 412-4037,1750741200000,1 - Restaurant,-78.77756452,35.73853427,M,Not Provided
3617,04092019738,BISTRO 401 AT WAKE TECH,1636 GRADUATION WAY,,RALEIGH,NC,27603,(919) 441-2084,1751000400000,1 - Restaurant,-78.70372013,35.64986654,M,Not Provided
3618,04092019735,COFFEE STUDIO,370 S WALKER ST,STE 123,CARY,NC,27511,(919) 234-1558,1746248400000,1 - Restaurant,-78.77921059,35.78340809,M,Not Provided
3619,04092019736,FAMOUS TOASTERY,612 LAKESTONE COMMONS AVE,STE 130,FUQUAY VARINA,NC,27526,(919) 285-2250,1748062800000,1 - Restaurant,-78.76397769,35.59244504,M,Not Provided
3620,04092019739,TOUS LES JOUR,300 VILLAGE WALK DR,,HOLLY SPRINGS,NC,27540,,1750136400000,1 - Restaurant,-78.83920975,35.63987629,M,Not Provided
3621,04092019740,CARIBBEAN KICKER,1011 N SMITHFIELD RD,,KNIGHTDALE,NC,27545,(919) 295-1161,1751000400000,1 - Restaurant,-78.48874851,35.797116,M,Not Provided
3622,04092019741,OVERTIME SPORTS PUB,"1030 N ROGERS LN, STE 149",,RALEIGH,NC,27610,(919) 255-9556,1751259600000,1 - Restaurant,-78.54837151,35.79167791,M,Not Provided
3623,04092030747,HALALGYRO (WCID #1101),160 SOMMERVILLE PARK RD.,,RALEIGH,NC,27603,(336) 653-4757,1751000400000,3 - Mobile Food,-78.65005756,35.69421011,M,Not Provided
3624,04092030746,DOY DOY GRILL (WCID #970),513 E BROAD ST,,FUQUAY VARINA,NC,27526,(347) 330-5762,1751000400000,3 - Mobile Food,-78.79402435,35.59342697,M,Not Provided
3625,04092019744,NY BAGEL DELI & CAFE,"7500 RAMBLE WAY, STE 111",,RALEIGH,NC,27616,(984) 200-2603,1751432400000,1 - Restaurant,-78.53751091,35.87630472,M,Not Provided
3626,04092019745,SOBOL,1451 RICHARDSON RD,SUITE 124,APEX,NC,27523,(919) 400-9444,1750222800000,1 - Restaurant,-78.91593923,35.74253044,M,Not Provided
3627,04092019747,EGGS UP GRILL,10501 SHADOWLAWN DR,SUITE 101,RALEIGH,NC,27614,(919) 900-8002,1750395600000,1 - Restaurant,-78.5888659,35.9079869,M,Not Provided
3628,04092030749,TACOS LAS CAROLINAS (WCID #1091),942 DURHAM RD,,WAKE FOREST,NC,27587,(919) 692-5951,1751950800000,3 - Mobile Food,-78.54322216,35.97838413,M,Not Provided
3629,04092019749,COOK OUT,9500 STRICKLAND RD,,RALEIGH,NC,27615,,1751432400000,1 - Restaurant,-78.65420963,35.90167815,M,Not Provided
3630,04092025700,ROYAL PUNJAB CATERING,2161 S WILMINGTON ST,,RALEIGH,NC,27603,,1751518800000,2 - Food Stands,-78.63902823,35.7520526,M,Not Provided
3631,04092019751,CHUN YANG,2828 TEACHEY PL,,APEX,NC,27523,,1752210000000,1 - Restaurant,-78.91833406,35.74205277,M,Not Provided
3632,04092030752,COUSINS MAINE LOBSTER T1 (WCID #762),3209 GRESHAM LAKE RD,,RALEIGH,NC,27615,(919) 830-2559,1753160400000,3 - Mobile Food,-78.58045032,35.88537765,M,Not Provided
3633,04092019753,MEEPLE'S BREW MORRISVILLE,9545 CHAPEL HILL ROAD,,MORRISVILLE,NC,27560,(919) 377-0061,1753246800000,1 - Restaurant,-78.81120592,35.8045755,M,Not Provided
3634,04092019752,MEEPLE'S BREW,821 BASS PRO LANE,,CARY,NC,27513,(919) 377-0061,1753074000000,1 - Restaurant,-78.77007336,35.83116267,M,Not Provided
3635,04092019754,DUCK DONUTS #213,2210 BIG FALLS DR,SUITE 104,WENDELL,NC,27591,(919) 366-6194,1752814800000,1 - Restaurant,-78.43392587,35.77447041,M,Not Provided
3636,04092019755,WINGSTOP #3102,2004 MARKET CENTER DR,,MORRISVILLE,NC,27560,(919) 444-0807,1753419600000,1 - Restaurant,-78.81670042,35.80776192,M,Not Provided
3637,04092025703,GUY FIERI'S PIZZA JOINT,2400 JOHN BRANTLEY BLVD,,MORRISVILLE,NC,27560,(631) 235-3966,1748667600000,2 - Food Stands,-78.7893961,35.86970016,M,Not Provided
3638,04092025704,DUNKIN' #364996,2400 JOHN BRANTLEY BLVD,,MORRISVILLE,NC,27560,(786) 866-9854,1751950800000,2 - Food Stands,-78.7893961,35.86970016,M,Not Provided
3639,04092110555,BOWLING ROAD ELEMENTARY SCHOOL CAFETERIA,1155 BOWLING RD,,FUQUAY VARINA,NC,27526,(919) 588-3532,1756098000000,11 - Public School Lunch,-78.79688243,35.56535681,M,Not Provided
3640,04092019757,TERIYAKI MADNESS,12610 CAPITAL BLVD,,WAKE FOREST,NC,27587,(919) 263-8898,1750482000000,1 - Restaurant,-78.53001025,35.98759087,M,Not Provided
3641,04092019758,PLAYA BOWLS WAKE FOREST,12646 CAPITAL BLVD,STE 116,WAKE FOREST,NC,27587,(919) 267-4622,1753938000000,1 - Restaurant,-78.53001025,35.98759087,M,Not Provided
3642,04092025705,HAN-DEE HUGO'S #53 FOODSERVICE,5101 CAPITAL BLVD,,RALEIGH,NC,27616,(919) 790-5867,1750914000000,2 - Food Stands,-78.58184023,35.8554519,M,Not Provided
3643,04092019759,MAMACITA GATEWAY,950 GATEWAY COMMONS CIRCLE,,WAKE FOREST,NC,27587,(984) 235-1311,1750482000000,1 - Restaurant,-78.49517643,35.96733271,M,Not Provided
3644,04092110556,PLEASANT PLAINS ELEMENTARY SCHOOL CAFETERIA,1511 WOODALL CREST DR,,APEX,NC,27502,(919) 588-3532,1751864400000,11 - Public School Lunch,-78.87857498,35.71347794,M,Not Provided
3645,04092025706,THYMELY MEALS @ THE COOKHOUSE,1214 E LENOIR ST,,RALEIGH,NC,27610,(919) 949-1907,1752555600000,2 - Food Stands,-78.62079848,35.77206859,M,Not Provided
3646,04092019760,CHAR-GRILL,145 CRENSHAW CORNERS DR,,WAKE FOREST,NC,27587,(919) 435-0034,1752210000000,1 - Restaurant,-78.55327124,35.97091421,M,Not Provided
3647,04092019762,RALEIGH VINO,606 GASTON ST,,RALEIGH,NC,27603,,1753333200000,1 - Restaurant,-78.64968663,35.787917,M,Not Provided
3648,04092019763,HALAL PITA MEDITERRANEAN GRILL,"5260 CAPITAL BLVD, STE 101",,RALEIGH,NC,27616,(919) 431-6500,1754024400000,1 - Restaurant,-78.58018191,35.85814357,M,Not Provided
3649,04092019761,GRAND MALABAR INDIAN CUISINE,"1901 NW CARY PKWY, STE 103",,MORRISVILLE,NC,27560,(919) 901-1975,1753851600000,1 - Restaurant,-78.81047275,35.80912908,M,Not Provided
3650,04092019764,HIBACHI & COMPANY,708 N JUDD PKY,,FUQUAY-VARINA,NC,27526,(919) 552-8899,1754024400000,1 - Restaurant,-78.77866077,35.59344505,M,Not Provided
3651,04092030754,LA LONCHERITA (WCID #1090),4020 CAPITAL BLVD,"SUITE 108,",RALEIGH,NC,27604,(919) 795-4295,1754024400000,3 - Mobile Food,-78.5796759,35.83550882,M,Not Provided
3652,04092019765,BARRIO TACOS & TEQUILA,425 N HARRINGTON ST,,RALEIGH,NC,27603,(919) 594-1388,1753246800000,1 - Restaurant,-78.64485464,35.78661175,M,Not Provided
3653,04092030755,BAGARA BIRYNAI (WCID #1128),1900 E WILLIAMS ST,,APEX,NC,27539,(984) 225-5377,1757048400000,3 - Mobile Food,-78.83494051,35.69338928,M,Not Provided
3654,04092025709,PRESTONWOOD COUNTRY CLUB AQUATIC CENTER,320 PRESTONWOOD PKWY,,CARY,NC,27513,,1754024400000,2 - Food Stands,-78.83456499,35.79547785,M,Not Provided
3655,04092019766,PRESTONWOOD COUNTRY CLUB OAK ROOM KITCHEN,300 PRESTONWOOD PKWY,,CARY,NC,27513,,1754024400000,1 - Restaurant,-78.83456499,35.79547785,M,Not Provided
3656,04092019769,FABLE BOOKS & CAFE,219 RALEIGH ST,,HOLLY SPRINGS,NC,27540,,1754715600000,1 - Restaurant,-78.83107708,35.65179246,M,Not Provided
3657,04092019767,PRESTONWOOD COUNTRY CLUB RED FOX KITCHEN,300 PRESTONWOOD PKWY,,CARY,NC,27513,,1754024400000,1 - Restaurant,-78.83456499,35.79547785,M,Not Provided
3658,04092019768,PRESTONWOOD COUNTRY CLUB BANQUET KITCHEN,300 PRESTONWOOD PKWY,,CARY,NC,27513,,1754024400000,1 - Restaurant,-78.83456499,35.79547785,M,Not Provided
3659,04092025710,REFUEL #1184,4100 TRYON RD,,RALEIGH,NC,27606,(843) 388-4966,1754024400000,2 - Food Stands,-78.70724754,35.75019718,M,Not Provided
3660,04092019772,QDOBA MEXICAN EATS #8014,210A HINTON OAKS,,KNIGHTDALE,NC,27545,(919) 217-4690,1754456400000,1 - Restaurant,-78.51259235,35.79763599,M,Not Provided
3661,04092019770,CAPITAL PIZZA BOX,1842 WAKE FOREST RD,,RALEIGH,NC,27608,,1753678800000,1 - Restaurant,-78.62435857,35.80561958,M,Not Provided
3662,04092019771,SHINMAI KUMO,1010 TRYON VILLAGE DR,STE 705,CARY,NC,27518,,1754370000000,1 - Restaurant,-78.74535336,35.74636309,M,Not Provided
3663,04092019773,DOMINIC'S NY PIZZERIA,"5911 POYNER VILLAGE PKWY, STE 105",,RALEIGH,NC,27616,(919) 878-7782,1754456400000,1 - Restaurant,-78.56916558,35.86464073,M,Not Provided
3664,04092019775,LIZARD LICK CAFETERIA,7000 SIEMENS RD,,WENDELL,NC,27591,(919) 306-1284,1753678800000,1 - Restaurant,-78.39510505,35.8145384,M,Not Provided
3665,04092025713,CINNAMON INDIAN CUISINE,1015 DAVIS DRIVE,,APEX,NC,27523,(919) 771-7932,1754542800000,2 - Food Stands,-78.848894,35.75386935,M,Not Provided
3666,04092019776,GOOD GRACES,540 ST ALBANS DR,SUITE 130,RALEIGH,NC,27609,(252) 432-6933,1753938000000,1 - Restaurant,-78.6308723,35.83439199,M,Not Provided
3667,04092025712,ROSATIS PIZZA,6615 FALLS OF NEUSE RD SUITE 101,,RALEIGH,NC,27615,,1754542800000,2 - Food Stands,-78.62444739,35.87396657,M,Not Provided
3668,04092025714,BIANY'S KITCHEN AT THE KITCHEN SPACE,3805 S WILMINGTON ST,,RALEIGH,NC,27603,(919) 520-5979,1753938000000,2 - Food Stands,-78.64840838,35.72742869,M,Not Provided
3669,04092019774,VIVO RISTORANTE,7400 SIX FORKS RD SUITE 2,,RALEIGH,NC,27615,(919) 845-6700,1754542800000,1 - Restaurant,-78.64526746,35.88157149,M,Not Provided
3670,04092110557,FELTON GROVE HIGH SCHOOL LUNCH ROOM,5100 THRIFTWOOD DR,,APEX,NC,27539,,1753938000000,11 - Public School Lunch,-78.81268785,35.68798995,M,Not Provided
3671,04092019777,BELLA ITALIA PIZZERIA,109 CAPCOM AVENUE,SUITE 5,WAKE FOREST,NC,27587,(919) 554-9404,1754542800000,1 - Restaurant,-78.52881174,35.9508628,M,Not Provided
3672,04092030756,NAMASTE AMERICA (WCID #1092),10125 DIVISION DRIVE,,RALEIGH,NC,27603,(336) 285-0471,1750395600000,3 - Mobile Food,-78.71143305,35.63398146,M,Not Provided
3673,04092019778,THE SPORTS PAGE GRILL & BAR,835 N SMITHFIELD RD,,KNIGHTDALE,NC,27545,(919) 266-3130,1754974800000,1 - Restaurant,-78.48796386,35.7957655,M,Not Provided
3674,04092030757,NYC HALAL BITES (WCID #1129),2161 S WILMINGTON ST,,RALEIGH,NC,27603,(919) 561-0247,1755234000000,3 - Mobile Food,-78.63902823,35.7520526,M,Not Provided
3675,04092019783,THE ONE NINE,4220 NW CARY PKWY,,CARY,NC,27513,,1754542800000,1 - Restaurant,-78.82705558,35.79085051,M,Not Provided
3676,04092019780,QDOBA 8011,1005 BEAVER CREEK COMMONS DRIVE,,APEX,NC,27502,(919) 362-4690,1754456400000,1 - Restaurant,-78.87238782,35.74374594,M,Not Provided
3677,04092019781,SIMMER COFFEE HOUSE,726 SLASH PINE DR,,CARY,NC,27519,,1754888400000,1 - Restaurant,-78.90892881,35.83075801,M,Not Provided
3678,04092025715,DRUNK TANK GRILL @ THE KITCHEN SPACE,"3805 S WILMINGTON ST, STE 35",,RALEIGH,NC,27603,(984) 368-6000,1755147600000,2 - Food Stands,-78.64840838,35.72742869,M,Not Provided
3679,04092019779,SAINT PIERRE,1103 E WHITAKER RD,SUITE 118,RALEIGH,NC,27604,,1754974800000,1 - Restaurant,-78.62086458,35.80732421,M,Not Provided
3680,04092030758,GUANAJUATO Y SUS DELICIAS (WCID# 1005),410 W GANNON AVE,,ZEBULON,NC,27597,,1749186000000,3 - Mobile Food,-78.32298516,35.82163006,M,Not Provided
3681,04092019785,PURPLE SPOON ACAI,3801 HILLSBOROUGH ST,SUITE 141,RALEIGH,NC,27607,,1754888400000,1 - Restaurant,-78.6885627,35.79387526,M,Not Provided
3682,04092019786,TRIANGLES BIRYANI,4121 DAVIS DR,,MORRISVILLE,NC,27560,(919) 377-1029,1755579600000,1 - Restaurant,-78.85811524,35.8356255,M,Not Provided
3683,04092019787,CHARMINAR BIRYANI & CHAT,6105 GRACE PARK DR,,MORRISVILLE,NC,27560,(919) 234-6281,1755579600000,1 - Restaurant,-78.84652233,35.821117,M,Not Provided
3684,04092019784,TDLLO RAMEN AND SUSHI,3612 ROGERS BRANCH RD SUITE 101,,WAKE FOREST,NC,27587,(919) 263-1451,1755493200000,1 - Restaurant,-78.50628751,35.94278947,M,Not Provided
3685,04092050041,TMSA K-7 CAFETERIA,3415 DROPSEED DR,,APEX,NC,27502,,1756098000000,5 - Private Schools Lunchroom,-78.94229896,35.73997344,M,Not Provided
3686,04092050042,TMSA HIGH SCHOOL CAFETERIA,3570 AMBERLIGHT RD,,APEX,NC,27502,,1756098000000,5 - Private Schools Lunchroom,-78.94498205,35.7400176,M,Not Provided
3687,04092019788,MCWALLY'S,1475 N JUDD PKWY NE,,FUQUAY VARINA,NC,27526,,1756098000000,1 - Restaurant,-78.80130576,35.60184188,M,Not Provided
3688,04092019791,GREEK KOUZINA,2820 TEACHEY PL,SUITE 100,APEX,NC,27523,,1756443600000,1 - Restaurant,-78.91833406,35.74205277,M,Not Provided
3689,04092019790,OAK CITY PIZZA AND GRILL,2811 HILLSBOROUGH ST SUITE 109,,RALEIGH,NC,27607,(919) 675-1887,1755838800000,1 - Restaurant,-78.67493897,35.78888926,M,Not Provided
3690,04092019792,LAMAMA PIZZA & SUBS,"5621 LOUISBURG RD, STE 105",,RALEIGH,NC,27616,(919) 872-5400,1756184400000,1 - Restaurant,-78.55796941,35.85459908,M,Not Provided
3691,04092019793,SUBWAY,1326 N MAIN ST,,FUQUAY-VARINA,NC,27526,(919) 285-2894,1756270800000,1 - Restaurant,-78.77764161,35.59047463,M,Not Provided
3692,04092300312,THE KOLA NUT,5520 ATLANTIC SPRINGS RD,,RALEIGH,NC,27616,(919) 977-6747,1756184400000,30 - Meat Market,-78.64164947,35.70568411,M,Not Provided
3693,04092019794,SUBWAY,1051 E BROAD ST,,FUQUAY-VARINA,NC,27526,,1756270800000,1 - Restaurant,-78.78150211,35.59449788,M,Not Provided
3694,04092141921,SHS INSIDE CONCESSIONS,5500 DIXON DRIVE,,RALEIGH,NC,27609,(919) 523-5903,1754974800000,14 - Limited Food,-78.64657271,35.86106016,M,Not Provided
3695,04092141920,BROUGHTON HS INDOOR CONCESSION,723 ST MARYS ST,,RALEIGH,NC,27605,(919) 602-2432,1755838800000,14 - Limited Food,-78.65350229,35.790761,M,Not Provided
3696,04092141922,HOLLY SPRINGS HAWKS CONCESSION STAND,5329 CASS HOLT RD,,HOLLY SPRINGS,NC,27540,(910) 610-1662,1755147600000,14 - Limited Food,-78.84882309,35.62890395,M,Not Provided
3697,04092019795,THE NEW YORK BUTCHER SHOPPE AND WINE BAR,1005 PORTRAIT DR,,CARY,NC,27513,,1756443600000,1 - Restaurant,-78.79794051,35.79958168,M,Not Provided
3698,04092141923,ENLOE HIGH SCHOOL OUTDOOR CONCESSIONS,128 CLARENDON CRESCENT,,RALEIGH,NC,27610,(919) 559-6762,1756357200000,14 - Limited Food,-78.60333824,35.78424366,M,Not Provided
3699,04092019796,LA FARM BAKERY AT NCSU,101 CURRENT DR,,RALEIGH,NC,27607,(919) 234-1591,1755234000000,1 - Restaurant,-78.67872314,35.78447976,M,Not Provided
3700,04092025716,MIDDLE SPOON CATERING @ THE KITCHEN SPACE,3805 S WILMINGTON ST,SUITE 29,RALEIGH,NC,27603,,1755493200000,2 - Food Stands,-78.64840838,35.72742869,M,Not Provided
3701,04092019798,PUBLIX #1886 DELI,7330 BUFFALOE RD,,RALEIGH,NC,27616,(919) 679-6584,1755579600000,1 - Restaurant,-78.51676268,35.84327657,M,Not Provided
3702,04092040422,ELISHA'S DOGS (WCID #1126),1214 E LENOIR ST,,RALEIGH,NC,27610,(919) 812-6594,1756443600000,4 - Push Carts,-78.62079848,35.77206859,M,Not Provided
3703,04092030759,PESCKY VEGAN (WCID #898),2161 S WILMINGTON ST,,RALEIGH,NC,27603,(984) 900-9820,1755838800000,3 - Mobile Food,-78.63902823,35.7520526,M,Not Provided
3704,04092025717,MEDITERRANEAN DELI @ THE ATRIUM,2600 FOUNDERS DR,,RALEIGH,NC,27607,,1755234000000,2 - Food Stands,-78.66895681,35.78776429,M,Not Provided
3705,04092030760,COUSINS MAINE LOBSTER T3 (WCID #1124),3209 GRESHAM LAKE RD,,RALEIGH,NC,27615,(919) 830-2559,1756443600000,3 - Mobile Food,-78.58045032,35.88537765,M,Not Provided
3706,04092030761,GENOA SQUARE PIZZA (WCID #1123),1214 E LENOIR ST,,RALEIGH,NC,27610,(919) 633-5664,1757048400000,3 - Mobile Food,-78.62079848,35.77206859,M,Not Provided
3707,04092019800,FIVE GUYS #2157,801 S MAIN ST,,ROLESVILLE,NC,27571,,1755838800000,1 - Restaurant,-78.47681884,35.90957081,M,Not Provided
3708,04092019797,GYM TACOS 6,1310 E. MILLBROOK RD.,,RALEIGH,NC,27609,,1756443600000,1 - Restaurant,-78.61557639,35.84978224,M,Not Provided
3709,04092025718,BUENA PAPA FRY BAR @ MSFH,411 W MORGAN STREET,,RALEIGH,NC,27603,(919) 637-8557,1755147600000,2 - Food Stands,-78.6456934,35.77945659,M,Not Provided
3710,04092019801,MIAMI RUSH,805 W PEACE STREET,,RALEIGH,NC,27605,(919) 834-8292,1756875600000,1 - Restaurant,-78.65035098,35.78844792,M,Not Provided
3711,04092025719,AFC ZENSHI @ PUBLIX #1886,7330 BUFFALOE RD,,RALEIGH,NC,27616,(310) 667-0361,1755579600000,2 - Food Stands,-78.51676268,35.84327657,M,Not Provided
3712,04092025720,PUBLIX #1886 PRODUCE,7330 BUFFALOE RD,,RALEIGH,NC,27616,(919) 679-6584,1755579600000,2 - Food Stands,-78.51676268,35.84327657,M,Not Provided
3713,04092300313,PUBLIX #1886 MEAT MARKET,7330 BUFFALOE RD,,RALEIGH,NC,27616,(919) 679-6584,1755579600000,30 - Meat Market,-78.51676268,35.84327657,M,Not Provided
3714,04092025721,PUBLIX #1886 SEAFOOD,7330 BUFFALOE RD,,RALEIGH,NC,27616,(919) 679-6584,1755579600000,2 - Food Stands,-78.51676268,35.84327657,M,Not Provided
3715,04092019803,SHEETZ #897,7350 BUFFALOE RD,,RALEIGH,NC,27616,(984) 833-1242,1755579600000,1 - Restaurant,-78.51503934,35.84424824,M,Not Provided
3716,04092019802,DAVE'S HOT CHICKEN RESTAURANT,2920 SHERMAN OAK PL,,RALEIGH,NC,27609,(919) 647-7053,1756184400000,1 - Restaurant,-78.62082881,35.82131683,M,Not Provided
3717,04092019806,SUBWAY #1880,3225 AVENT FERRY ROAD,,RALEIGH,NC,27606,(919) 625-1057,1756270800000,1 - Restaurant,-78.69565546,35.76674009,M,Not Provided
3718,04092019805,STARBUCKS #23309,1015 PARKSIDE MAIN ST,,CARY,NC,27519,(919) 466-8062,1757048400000,1 - Restaurant,-78.88790797,35.84638883,M,Not Provided
3719,04092019808,CLARION POINTE APEX BREAKFAST,1411 E WILLIAMS ST,,APEX,NC,27539,(919) 387-4600,1757307600000,1 - Restaurant,-78.83826509,35.71228894,M,Not Provided
3720,04092019807,JOHNNY'S PIZZA #5,7713 LEAD MINE RD,SUITE 45,RALEIGH,NC,27615,(919) 615-0450,1756962000000,1 - Restaurant,-78.6604412,35.88617756,M,Not Provided
3721,04092019810,CONNIPTION COCKTAILS & CUISINE,2400 JOHN BRANTLEY BLVD,,MORRISVILLE,NC,27560,(631) 235-3966,1755234000000,1 - Restaurant,-78.7893961,35.86970016,M,Not Provided
3722,04092019809,MAHANA FRESH #2421,2120 GATHERING SQUARE CT,,FUQUAY VARINA,NC,27526,(919) 285-2485,1754629200000,1 - Restaurant,-78.78286119,35.60086921,M,Not Provided
3723,04092019811,DELTA SKY CLUB SODEXO,2400 JOHN BRANTLEY BLVD,,MORRISVILLE,NC,27560,(919) 466-1873,1754456400000,1 - Restaurant,-78.7893961,35.86970016,M,Not Provided
3724,04092025727,HALF MOON EMPANADAS,2400 JOHN BRANTLEY BLVD,,MORRISVILLE,NC,27560,(856) 470-8564,1756357200000,2 - Food Stands,-78.7893961,35.86970016,M,Not Provided
3725,04092110559,DORAL ACADEMY CAFETERIA,7000 DESTINY DR,,RALEIGH,NC,27604,(919) 874-1001,1756789200000,11 - Public School Lunch,-78.53213135,35.82735549,M,Not Provided
3726,04092019812,TROPICAL SMOOTHIE CAFE,1940 GOLDEN SPUR LN,,WENDELL,NC,27591,(919) 434-4491,1756443600000,1 - Restaurant,-78.43515613,35.77412766,M,Not Provided
3727,04092019813,PLAYA BOWLS APEX,219 N SALEM ST,,APEX,NC,27502,(919) 263-1530,1757048400000,1 - Restaurant,-78.85101766,35.73229727,M,Not Provided
3728,04092019814,EL SALSA'S MEXICAN GRILL,18 W THIRD ST,,WENDELL,NC,27591,,1757048400000,1 - Restaurant,-78.37068381,35.78150866,M,Not Provided
3729,04092110558,SPRING FOREST MODULAR CAMPUS SCHOOL CAFETERIA,3851 SPRING FOREST RD,,RALEIGH,NC,27616,,1756184400000,11 - Public School Lunch,-78.57481573,35.85784732,M,Not Provided
3730,04092019815,WINGSTOP #0816,7880 ALEXANDER PROMENADE PLACE,,RALEIGH,NC,27617,(919) 237-3919,1757566800000,1 - Restaurant,-78.77695584,35.91424048,M,Not Provided
3731,04092019816,LAWRENCE BARBECUE,150 E CEDAR ST,,CARY,NC,27511,,1757912400000,1 - Restaurant,-78.77959226,35.78790734,M,Not Provided
3732,04092019818,THE FRANCISCAN SCHOOL CAFETERIA,10000 ST. FRANCIS DR,,RALEIGH,NC,27613,(919) 534-4837,1757566800000,1 - Restaurant,-78.73976044,35.9188319,M,Not Provided
3733,04092019817,CHIPOTLE MEXICAN GRILL #5645,3101 EDWARDS MILL RD,SUITE 102,RALEIGH,NC,27612,(919) 322-2458,1757307600000,1 - Restaurant,-78.70695545,35.82544758,M,Not Provided
3734,04092019819,OAK CITY COFFEE ROASTERS,"1100 INSPIRATION CIRCLE, BLDG C",,WENDELL,NC,27592,(919) 820-3924,1758085200000,1 - Restaurant,-78.41534604,35.80727633,M,Not Provided
3735,04092030762,DAMPF GOOD BBQ (WCID #1140),1600 OLIVE CHAPEL RD,,APEX,NC,27502,,1757653200000,3 - Mobile Food,-78.89057874,35.73813869,M,Not Provided
3736,04092025728,CARROLL'S KITCHEN COMMISSARY,301 S WILMINGTON ST.,STE 105,RALEIGH,NC,27601,(919) 670-3622,1758171600000,2 - Food Stands,-78.63784764,35.7765961,M,Not Provided
3737,04092141924,SHS OUTSIDE CONCESSIONS,5500 DIXON DRIVE,,RALEIGH,NC,27609,(919) 523-5903,1757998800000,14 - Limited Food,-78.64657271,35.86106016,M,Not Provided
3738,04092019821,DICED SALADS AND WRAPS,312 N MAIN ST,,HOLLY SPRINGS,NC,27540,,1746766800000,1 - Restaurant,-78.83403775,35.65536495,M,Not Provided
3739,04092030764,KAO THAI (WCID #1149),11016 CAPITAL BLVD,SUITE 1,WAKE FOREST,NC,27587,(919) 426-7500,1758949200000,3 - Mobile Food,-78.53774541,35.94776496,M,Not Provided
3740,04092019820,IHOP #3331,7471 SIX FORKS RD,,RALEIGH,NC,27615,(919) 278-8792,1758258000000,1 - Restaurant,-78.64671839,35.88191391,M,Not Provided
3741,04092030765,ROBERT'S TABLE (WCID #1157),160 SOMMERVILLE PARK RD,,RALEIGH,NC,27603,(919) 356-1080,1761368400000,3 - Mobile Food,-78.65005756,35.69421011,M,Not Provided
3742,04092019822,LA CUCINA ITALIANA,2101 GRACE PARK DR,,MORRISVILLE,NC,27560,(919) 234-0466,1758776400000,1 - Restaurant,-78.84652233,35.821117,M,Not Provided
3743,04092030766,ISLAND JAMS (WCID #1133),401 WAKE CHAPEL RD,,FUQUAY-VARINA,NC,27526,(919) 200-8487,1760677200000,3 - Mobile Food,-78.8000676,35.59072588,M,Not Provided
3744,04092141925,WILLOW SPRINGS HS OUTDOOR HOME CONCESSIONS,1704 OLD HONEYCUTT RD,,FUQUAY-VARINA,NC,27526,(919) 656-2523,1758517200000,14 - Limited Food,-78.73713953,35.57530164,M,Not Provided
3745,04092141926,WILLOW SPRINGS HS OUTDOOR VISITOR CONCESSIONS,1704 OLD HONEYCUTT RD,,FUQUAY-VARINA,NC,27526,(919) 656-2523,1758517200000,14 - Limited Food,-78.73713953,35.57530164,M,Not Provided
3746,04092025730,ROGUE PROVISIONS @ THE KITCHEN SPACE,3805 S WILMINGTON ST,,RALEIGH,NC,27603,(919) 271-2915,1758085200000,2 - Food Stands,-78.64840838,35.72742869,M,Not Provided
3747,04092019823,HL CATERING,1632 NORTH MARKET DR,,RALEIGH,NC,27609,(919) 605-0065,1758085200000,1 - Restaurant,-78.60883122,35.83990949,M,Not Provided
3748,04092019825,THAI CAFE,3309 ROGERS RD SUITE 221,,WAKE FOREST,NC,27587,(919) 453-1679,1759208400000,1 - Restaurant,-78.51539151,35.95074547,M,Not Provided
3749,04092019824,KUNG FU TEA,10251 LITTLE BRIER CREEK LN,SUITE 106,RALEIGH,NC,27617,(984) 382-0916,1759208400000,1 - Restaurant,-78.785168,35.91133298,M,Not Provided
3750,04092019827,LA CUCINA ITALIANA,524 N WEST ST,,RALEIGH,NC,27603,(919) 594-1184,1758690000000,1 - Restaurant,-78.64517014,35.78610909,M,Not Provided
3751,04092019826,IHOP #3307,1301 KILDAIRE FARM RD,,CARY,NC,27511,(919) 469-1835,1759208400000,1 - Restaurant,-78.78262718,35.76147493,M,Not Provided
3752,04092019830,THE SHUL DOWNTOWN,225 S WILMINGTON STREET,,RALEIGH,NC,27601,(919) 213-1932,1758862800000,1 - Restaurant,-78.63794281,35.77744193,M,Not Provided
3753,04092025731,RUSH BOWLS,2811 HILLSBOROUGH ST SUITE 105,,RALEIGH,NC,27607,(919) 444-5645,1759294800000,2 - Food Stands,-78.67493897,35.78888926,M,Not Provided
3754,04092019831,KAARA,2700 STOKESDALE AVE,SUITE 120,APEX,NC,27523,,1760677200000,1 - Restaurant,-78.91467956,35.74179211,M,Not Provided
3755,04092019828,IHOP #3181,1150 BEAVER CREEK COMMONS DR,,APEX,NC,27502,(919) 395-7980,1759294800000,1 - Restaurant,-78.87654682,35.74677019,M,Not Provided
3756,04092019832,WINGSTOP #3176,7212 GB ALFORD HWY,,HOLLY SPRINGS,NC,27540,,1759294800000,1 - Restaurant,-78.83292633,35.63499737,M,Not Provided
3757,04092025732,PAPA JOHN'S,101 ROLESVILLE CENTER RD,SUITE 105,ROLESVILLE,NC,27571,,1759208400000,2 - Food Stands,-78.45914969,35.92340322,M,Not Provided
3758,04092019833,ARITA RAMEN AND SUSHI,101 OAKVIEW COMMONS DR,SUITE 108,HOLLY SPRINGS,NC,27540,,1759294800000,1 - Restaurant,-78.86762683,35.65811063,M,Not Provided
3759,04092019834,IHOP #3180 - KNIGHTDALE,6707 KNIGHTDALE BLVD,,KNIGHTDALE,NC,27545,(919) 266-0418,1759381200000,1 - Restaurant,-78.50544001,35.79752075,M,Not Provided
3760,04092019835,TOASTIQUE,1000 SOCIAL ST,SUITE 130,RALEIGH,NC,27609,(919) 348-9488,1759208400000,1 - Restaurant,-78.62375898,35.82999082,M,Not Provided
3761,04092025733,LITTLE CAESARS PIZZA #25,6109 ROCK QUARRY RD,SUITE 120,RALEIGH,NC,27610,(919) 727-8680,1759122000000,2 - Food Stands,-78.54853184,35.72427852,M,Not Provided
3762,04092030768,MUM'S JAMAICAN RESTAURANT (WCID #1136),3901 CAPITAL BLVD,,RALEIGH,NC,27604,(919) 264-8123,1760677200000,3 - Mobile Food,-78.58517482,35.8349864,M,Not Provided
3763,04092019836,HONE-SHARPEN KITCHEN,516 N WEST ST,,RALEIGH,NC,27603,,1759381200000,1 - Restaurant,-78.64517014,35.78610909,M,Not Provided
3764,04092030767,SUPER SPUDS (WCID #1135),160 SOMMERVILLE PARK RD,,RALEIGH,NC,27603,(919) 803-9192,1760072400000,3 - Mobile Food,-78.65005756,35.69421011,M,Not Provided
3765,04092019838,CROFTON'S PRETZELS,1400 S SAUNDERS ST,,RALEIGH,NC,27603,(910) 236-9667,1759381200000,1 - Restaurant,-78.64955306,35.76166258,M,Not Provided
3766,04092019837,U SHOGUN SUSHI KITCHEN & BAR,1940 GOLDEN SPUR LN,SUITE 106,WENDELL,NC,27591,(919) 374-7013,1759381200000,1 - Restaurant,-78.43515613,35.77412766,M,Not Provided
3767,04092019840,BENCHWARMERS BAGELS AND COFFEE,1015 S SAUNDERS ST,,RALEIGH,NC,27603,(919) 880-7003,1759726800000,1 - Restaurant,-78.64783238,35.76841451,M,Not Provided
3768,04092019841,HUMMUS REPUBLIC,53 CABELA DR,,GARNER,NC,27529,,1760677200000,1 - Restaurant,-78.58553066,35.69877319,M,Not Provided
3769,04092019842,SONESTA SELECT FOOD SERVICE,2001 HOSPITALITY CT,,MORRISVILLE,NC,27560,(919) 467-9444,1760504400000,1 - Restaurant,-78.81504975,35.85903365,M,Not Provided
3770,04092019839,LIME AND LEMON INDIAN GRILL,2025 CREEKSIDE LANDING DR,,APEX,NC,27502,(919) 244-1205,1759381200000,1 - Restaurant,-78.88665656,35.7451396,M,Not Provided
3771,04092141927,JAGUAR CLUB STADIUM CONCESSIONS,1420 ATHENS DR,,RALEIGH,NC,27606,(919) 880-8489,1760504400000,14 - Limited Food,-78.71223228,35.768377,M,Not Provided
3772,04092019843,GUTHRIE'S CHICKEN FINGERS,2907 WAKE FOREST RD,,RALEIGH,NC,27609,(919) 322-2407,1759986000000,1 - Restaurant,-78.62430015,35.82062367,M,Not Provided
3773,04092019844,RALEIGH BEER GARDEN,1600 JOHN BRANTLEY BLVD,,MORRISVILLE,NC,27560,(631) 235-3966,1761886800000,1 - Restaurant,-78.7893961,35.86970016,M,Not Provided
3774,04092019845,JERSEY MIKE'S SUBS #3267,811 S MAIN ST,STE 204,ROLESVILLE,NC,27571,(919) 263-2970,1761195600000,1 - Restaurant,-78.47681884,35.90957081,M,Not Provided
3775,04092019846,LA PIZZA,336 SEMBLER LN,,CARY,NC,27519,,1760936400000,1 - Restaurant,-78.90353622,35.82486983,M,Not Provided
3776,04092019849,UGLY FISH SUSHI RESTAURANT,4701 ATLANTIC AVE,SUITE 129,RALEIGH,NC,27604,(919) 671-4248,1760677200000,1 - Restaurant,-78.60292756,35.84801798,M,Not Provided
3777,04092019847,FLYING BISCUIT WAKE FOREST,12646 CAPITAL BLVD,SUITE 168,WAKE FOREST,NC,27587,(919) 263-8692,1760677200000,1 - Restaurant,-78.53001025,35.98759087,M,Not Provided
3778,04092019850,TROPHY BREWING FIVE POINTS,207 BICKETT BLVD,,RALEIGH,NC,27608,(919) 659-8077,1761022800000,1 - Restaurant,-78.6384508,35.80056192,M,Not Provided
3779,04092019848,CABO MEXICAN CUISINE,8701 BRIER CREEK PKWY,,RALEIGH,NC,27617,(252) 218-9386,1760590800000,1 - Restaurant,-78.78741976,35.90296407,M,Not Provided
3780,04092025734,NY BAGEL BROTHERS @ THE KITCHEN SPACE,3805 S WILMINGTON ST,,RALEIGH,NC,27603,(919) 307-9085,1760590800000,2 - Food Stands,-78.64840838,35.72742869,M,Not Provided
3781,04092030770,MZ MARGARET'S SOUL FOOD (WCID #1134),4511 NEW BERN AVE,,RALEIGH,NC,27610,(919) 633-9703,1761973200000,3 - Mobile Food,-78.55938499,35.79875367,M,Not Provided
3782,04092030771,SAVOR (WCID #1138),10000 ST. FRANCIS DR,,RALEIGH,NC,27613,(919) 616-3351,1762059600000,3 - Mobile Food,-78.73976044,35.9188319,M,Not Provided
3783,04092019851,OAKVIEW PUBLIC HOUSE,131 OAKVIEW COMMONS DR,SUITE 101,HOLLY SPRINGS,NC,27540,,1760936400000,1 - Restaurant,-78.86762683,35.65811063,M,Not Provided
3784,04092019852,CARROLL'S KITCHEN,227 FAYETTEVILLE STREET,(MAIN ENTRANCE: 230 S WILMINGTON STREET),RALEIGH,NC,27601,(919) 616-7905,1761022800000,1 - Restaurant,-78.63872597,35.77738717,M,Not Provided
3785,04092019854,MEZCALITO CARY,1102 WALNUT ST,,CARY,NC,27511,,1761886800000,1 - Restaurant,-78.76331735,35.77087984,M,Not Provided
3786,04092300314,DESI DUKAAN,1350 FIFTH AVE,,GARNER,NC,27529,,1761886800000,30 - Meat Market,-78.62185674,35.70948085,M,Not Provided
3787,04092019855,GRAIN AND BERRY HOLLY SPRINGS,101 OAKVIEW COMMONS DR,SUITE 102,HOLLY SPRINGS,NC,27540,,1761282000000,1 - Restaurant,-78.86762683,35.65811063,M,Not Provided
3788,04092050043,TMSA CARY,312 GREGSON DR,,CARY,NC,27511,,1761282000000,5 - Private Schools Lunchroom,-78.80582725,35.7332766,M,Not Provided
3789,04092019856,SHIJIRI,9924 CHAPEL HILL RD,,MORRISVILLE,NC,27560,,1761282000000,1 - Restaurant,-78.820634,35.81480892,M,Not Provided
3790,04092019857,PLANET SMOOTHIE/BLIMPIE,5959 TRIANGLE TOWN BLVD,SUITE 2104,RALEIGH,NC,27616,,1761282000000,1 - Restaurant,-78.576038,35.86600165,M,Not Provided
3791,04092019859,GODFATHER'S PIZZA #34356,6429 GLENWOOD AVE,SUITE C,RALEIGH,NC,27612,(984) 238-2400,1761541200000,1 - Restaurant,-78.70744221,35.85850458,M,Not Provided
3792,04092019858,THE CARDINAL BAR,535 S WHITE ST,,WAKE FOREST,NC,27587,(919) 559-1635,1760763600000,1 - Restaurant,-78.51150108,35.97272371,M,Not Provided
3793,04092019860,BELLOW BUTCHER,8 N MAIN ST,,WENDELL,NC,27591,(919) 366-6470,1761800400000,1 - Restaurant,-78.36962631,35.78130191,M,Not Provided
3794,04092019861,HARAZ COFFEE HOUSE,3915 WESTERN BLVD,,RALEIGH,NC,27606,(919) 307-4790,1761800400000,1 - Restaurant,-78.6910692,35.78402076,M,Not Provided
3795,04092030773,MELTY (WCID #1095),2161 S. WILMINGTON ST,,RALEIGH,NC,27603,(919) 807-9168,1761973200000,3 - Mobile Food,-78.63902823,35.7520526,M,Not Provided
3796,04092030775,CITY PLATES (WCID #1054),160 SOMMERVILLE PARK RD,,RALEIGH,NC,27603,(919) 696-7655,1762578000000,3 - Mobile Food,-78.65005756,35.69421011,M,Not Provided
3797,04092019862,BAR LOUIE,8401 BRIER CREEK PKY,,RALEIGH,NC,27617,(864) 535-6500,1762146000000,1 - Restaurant,-78.78506092,35.90722132,M,Not Provided
3798,04092019864,SOUTHERN PEAK TAPROOM,1451 RICHARDSON RD,STE 130,APEX,NC,27523,(919) 606-3468,1762146000000,1 - Restaurant,-78.91593923,35.74253044,M,Not Provided
3799,04092025738,WINGSTOP,"6008 TAYLOR RD, STE 110",,WENDELL,NC,27591,(919) 280-0259,1762232400000,2 - Food Stands,-78.43256312,35.77636992,M,Not Provided
3800,04092141928,JAGUAR CLUB GYM CONCESSIONS - JAG JUNCTION,1420 ATHENS DR,,RALEIGH,NC,27606,(919) 880-8489,1762318800000,14 - Limited Food,-78.71223228,35.768377,M,Not Provided
3801,04092019865,WINGSTOP #1245,684-A CARY TOWNE BLVD,,CARY,NC,27511,(919) 377-0102,1762318800000,1 - Restaurant,-78.76562102,35.77485801,M,Not Provided
3802,04092025739,URBAN OLIVE,"500 E DAVIE ST, STE 116",,RALEIGH,NC,27601,,1762405200000,2 - Food Stands,-78.63206282,35.77487676,M,Not Provided
3803,04092019867,MI CANCUN FUQUAY-VARINA,711 N MAIN ST,,FUQUAY,NC,27526,,1762318800000,1 - Restaurant,-78.79267412,35.59152556,M,Not Provided
3804,04092019868,CAPTAIN JOHN'S SEAFOOD,308 SOUTHTOWN CIRCLE,,ROLESVILE,NC,27571,(919) 717-7598,1762491600000,1 - Restaurant,-78.47039393,35.91648281,M,Not Provided
3805,04092019863,BARKING DOG RESTAURANT,201 PARK AT NORTH HILLS ST,SUITE 100,RALEIGH,NC,27609,(929) 442-5521,1761886800000,1 - Restaurant,-78.63674547,35.836788,M,Not Provided
3806,04092019869,THE NOODLE SMITH,1401 SE MAYNARD RD,STE J,CARY,NC,27511,(919) 377-0140,1762491600000,1 - Restaurant,-78.76423194,35.78997868,M,Not Provided
3807,04092019870,BOBBY'S BURGER,2400 JOHN BRANTLEY BLVD,,MORRISVILLE,NC,27560,(856) 470-8564,1761886800000,1 - Restaurant,-78.7893961,35.86970016,M,Not Provided
3808,04092030776,LOS DOS CARNALES (WCID #1131),6605 HILLTOP RD,,WILLOW SPRING,NC,27592,(919) 625-8115,1762578000000,3 - Mobile Food,-78.71831128,35.59264463,M,Not Provided
3809,04092019871,JUBALA COFFEE #4,301 HILLSBOROUGH ST,SUITE 120,RALEIGH,NC,27603,,1761886800000,1 - Restaurant,-78.64385164,35.78014134,M,Not Provided
3810,04092019873,SONESTA ES SUITES RDU FOOD SERVICE,2020 HOSPITALITY COURT,,MORRISVILLE,NC,27560,(919) 467-8689,1763010000000,1 - Restaurant,-78.81549059,35.85787324,M,Not Provided
3811,04092025741,COALITION KITCHEN,1012 OBERLIN RD,,RALEIGH,NC,27605,(845) 242-5753,1763096400000,2 - Food Stands,-78.6595523,35.79662009,M,Not Provided
3812,04092019874,BOND BROTHERS KITCHEN & BAR,2400 JOHN BRANTLEY BLVD,,MORRISVILLE,NC,27560,(856) 470-8564,1762232400000,1 - Restaurant,-78.7893961,35.86970016,M,Not Provided
3813,04092025742,SCOOTER'S COFFEE,306 S MAIN ST,,ROLESVILLE,NC,27571,(919) 926-7670,1763010000000,2 - Food Stands,-78.46409578,35.91961389,M,Not Provided
3814,04092019872,BATTLE & BIRDIE,7407 SIX FORKS RD,,RALEIGH,NC,27615,(919) 766-6744,1762146000000,1 - Restaurant,-78.64730313,35.88064315,M,Not Provided
3815,04092019876,MAHANA FRESH,1151 PARKSIDE MAIN ST,,CARY,NC,27519,,1762750800000,1 - Restaurant,-78.88929615,35.84835999,M,Not Provided
3816,04092019875,TAJ MAHAL INDIAN CUISINE,3604 ROGERS BRANCH RD,SUITE 106,WAKE FOREST,NC,27587,(919) 848-2262,1763010000000,1 - Restaurant,-78.50628751,35.94278947,M,Not Provided
3817,04092019877,HONEYBAKED HAM #1937,1203 PARKSIDE MAIN ST,,CARY,NC,27519,,1762750800000,1 - Restaurant,-78.88929615,35.84835999,M,Not Provided
3818,04092019878,SONESTA ES SUITES RALEIGH CARY FOODSERVICE,2900 REGENCY PKY,,CARY,NC,27518,(919) 467-4080,1763442000000,1 - Restaurant,-78.78922986,35.73280077,M,Not Provided
3819,04092019880,HOOTERS,1001 CLAREN CIRCLE,,MORRISVILLE,NC,27560,(302) 368-9464,1763701200000,1 - Restaurant,-78.82295583,35.85640683,M,Not Provided
3820,04092025743,FARVA EATS @ THE KITCHEN SPACE - ROOM #5,3805 S WILMINGTON ST,,RALEIGH,NC,27603,(919) 247-0563,1763096400000,2 - Food Stands,-78.64840838,35.72742869,M,Not Provided
3821,04092019879,HOOTERS,4206 OLD WAKE FOREST RD,,RALEIGH,NC,27609,,1763442000000,1 - Restaurant,-78.61159224,35.83833482,M,Not Provided
3822,04092019882,POTBELLY SANDWICH WORKS,2824 TEACHEY PL,,APEX,NC,27523,,1763960400000,1 - Restaurant,-78.91833406,35.74205277,M,Not Provided
3823,04092019881,LIL' HOMBRE,535 S WHITE ST,,WAKE FOREST,NC,27587,(919) 559-1635,1763096400000,1 - Restaurant,-78.51150108,35.97272371,M,Not Provided
3824,04092019885,K38 SEABOARD STATION,20 SEABOARD AVE,,RALEIGH,NC,27604,(984) 489-8516,1763701200000,1 - Restaurant,-78.6390763,35.78941958,M,Not Provided
3825,04092019884,CAMPO TACO CO.,1001 S SAUNDERS ST,,RALEIGH,NC,27603,(919) 928-4602,1763614800000,1 - Restaurant,-78.64783238,35.76841451,M,Not Provided
3826,04092019883,SUBWAY #3151,311 CROSSROADS BLVD,,CARY,NC,27518,(919) 851-9594,1763960400000,1 - Restaurant,-78.73871469,35.76064643,M,Not Provided
3827,04092019887,JADE EXPRESS,111 SEABOARD AVE,SUITE 122,RALEIGH,NC,27604,(919) 367-4286,1763614800000,1 - Restaurant,-78.64016631,35.78861051,M,Not Provided
3828,04092025744,LA MAFIA @ THE KITCHEN SPACE,3805 S WILMINGTON ST,,RALEIGH,NC,27603,(919) 455-4000,1764046800000,2 - Food Stands,-78.64840838,35.72742869,M,Not Provided
3829,04092019886,MEZCALITO,130 BLUESTONE CROSSING RD,,ROLESVILLE,NC,27571,(919) 667-3553,1763528400000,1 - Restaurant,-78.45914969,35.92340322,M,Not Provided
3830,04092019889,TACO BELL 042105,1101 MONCURE PL,,APEX,NC,27523,(984) 330-6700,1763701200000,1 - Restaurant,-78.91752381,35.74195503,M,Not Provided
3831,04092019890,THE BREW BOX FOOD HALL,100 BIOTECHNOLOGY AVE,,HOLLY SPRINGS,NC,27540,,1749445200000,1 - Restaurant,-78.8752555,35.65275546,M,Not Provided
3832,04092019895,TOUS LES JOURS,7 SEABOARD AVE,,RALEIGH,NC,27604,(919) 301-8131,1763096400000,1 - Restaurant,-78.63910397,35.78849225,M,Not Provided
3833,04092019891,DOHERTY'S IRISH PUB,3149 MCCHESNEY HILL LOOP,,APEX,NC,27539,(919) 651-3500,1763528400000,1 - Restaurant,-78.8068241,35.68010545,M,Not Provided
3834,04092019894,POKEWORKS,7169 OKELLY CHAPEL RD,,CARY,NC,27519,(919) 237-3623,1764824400000,1 - Restaurant,-78.8882479,35.8441495,M,Not Provided
3835,04092025745,VELOCE ITALIAN MARKET,443 FAYETTEVILLE ST,,RALEIGH,NC,27601,(919) 307-3703,1763442000000,2 - Food Stands,-78.63936489,35.77440851,M,Not Provided
3836,04092019896,RAISING CANE'S CHICKEN FINGERS,2420 HILLSBOROUGH ST,,RALEIGH,NC,27607,(919) 325-3075,1763701200000,1 - Restaurant,-78.66754304,35.78792458,M,Not Provided
3837,04092019899,AL'S BURGERS,2832 TEACHEY PL,,APEX,NC,27523,(919) 267-4686,1764738000000,1 - Restaurant,-78.91833406,35.74205277,M,Not Provided
3838,04092019897,BURGER FI,10831 WAKEFIELD COMMONS DR,,RALEIGH,NC,27614,(919) 263-9074,1764046800000,1 - Restaurant,-78.54155641,35.94425714,M,Not Provided
3839,04092019898,WALTONWOOD LEAD MINE FOOD SERVICE,4510 LEAD MINE RD,,RALEIGH,NC,27612,(984) 304-9900,1763614800000,1 - Restaurant,-78.67370605,35.84275391,M,Not Provided
3840,04092110560,HILLTOP NEEDMORE ELEMENTARY SCHOOL CAFETERIA,4575 HILLTOP NEEDMORE RD,,FUQUAY VARINA,NC,27526,,1735794000000,11 - Public School Lunch,-78.73763112,35.62952721,M,Not Provided
3841,04092025746,SOO K FOOD,10341 MONCREIFFE RD,,RALEIGH,NC,27617,(919) 344-2035,1765256400000,2 - Food Stands,-78.79210026,35.89996606,M,Not Provided
3842,04092019893,SOBOL ACAI BOWLS & SMOOTHIES,110 LAKESTONE COMMONS AVE,,FUQUAY VARINA,NC,27526,(919) 817-9947,1764824400000,1 - Restaurant,-78.76936266,35.58671352,M,Not Provided
3843,04092025747,MEGA PIZZA,9101 LEESVILLE ROAD,SUITE 125,RALEIGH,NC,27613,(919) 532-9485,1764738000000,2 - Food Stands,-78.72548111,35.89676189,M,Not Provided
3844,04092030777,TASHI'S KITCHEN (WCID #1151),2161 S WILMINGTON ST,,RALEIGH,NC,27603,(646) 415-2169,1765602000000,3 - Mobile Food,-78.63902823,35.7520526,M,Not Provided
3845,04092025748,SAANVI REFUEL,550 W GANNON AVE,,ZEBULON,NC,27597,(919) 600-3668,1765515600000,2 - Food Stands,-78.32697498,35.82063207,M,Not Provided
3846,04092019903,EVERBOWL,7840 ALEXANDER PROMENADE PL,SUITE 125,RALEIGH,NC,27617,(919) 251-8051,1765170000000,1 - Restaurant,-78.77695584,35.91424048,M,Not Provided
3847,04092019902,ANCHOR BAR,6615 FALLS OF NEUSE RD,SUITE 102,RALEIGH,NC,27615,(919) 747-9574,1764738000000,1 - Restaurant,-78.62444739,35.87396657,M,Not Provided
3848,04092019904,CANASTAS CHICKEN,911 GATEWAY COMMONS CIR,,WAKE FOREST,NC,27587,(919) 263-1067,1765170000000,1 - Restaurant,-78.49709776,35.96649538,M,Not Provided
3849,04092025750,DOMINO'S #4489,1000 HENDRICKS DR,,ZEBULON,NC,27597,(919) 887-6099,1765342800000,2 - Food Stands,-78.32293798,35.83831757,M,Not Provided
3850,04092019906,UTTAR DAKSHIN,4137 DAVIS DRIVE,,MORRISVILLE,NC,27560,(919) 987-6983,1765861200000,1 - Restaurant,-78.85811524,35.8356255,M,Not Provided
3851,04092019905,HOMEWOOD SUITES BY HILTON RALEIGH-CRABTREE VALLEY,5400 HOMEWOOD BANKS DR,,RALEIGH,NC,27612,(919) 969-2728,1765515600000,1 - Restaurant,-78.68057247,35.83620317,M,Not Provided
3852,04092019901,SIXTY VINES,4000 CENTER AT NORTH HILLS ST,SUITE 110,RALEIGH,NC,27609,(919) 505-8510,1765170000000,1 - Restaurant,-78.64445422,35.83697574,M,Not Provided
3853,04092019907,DRAM & DRAUGHT,3 FENTON MAIN ST,,CARY,NC,27511,,1765429200000,1 - Restaurant,-78.75852986,35.78087951,M,Not Provided
3854,04092019908,CHARTER CAFE,4200 PARAMOUNT PKY,,MORRISVILLE,NC,27560,(919) 758-4722,1765947600000,1 - Restaurant,-78.83206467,35.86029407,M,Not Provided
3855,04092300315,NAVADHAANYA MEAT MARKET,12223 HAMPTON WAY DR,SUITE 100,WAKE FOREST,NC,27587,(984) 302-6694,1765774800000,30 - Meat Market,-78.54383575,35.97930204,M,Not Provided
3856,04092019909,TSAOCHA,3000 HILLSBOROUGH ST,,RALEIGH,NC,27607,(919) 896-6011,1766379600000,1 - Restaurant,-78.6765213,35.79007751,M,Not Provided
3857,04092019910,JIMMY JOHN'S #4642,2808 ROGERS RD,,WAKE FOREST,NC,27587,(919) 263-2998,1766379600000,1 - Restaurant,-78.52660249,35.95272354,M,Not Provided
3858,04092019912,DELI ON MAIN STREET,604 N MAIN ST,,FUQUAY VARINA,NC,27526,(919) 346-1060,1767070800000,1 - Restaurant,-78.79388435,35.59121339,M,Not Provided
3859,04092030779,ANTOJITOS DONA MARY (WCID #1066),4524 OLD WAKE FOREST RD,,RALEIGH,NC,27609,(919) 625-8172,1765774800000,3 - Mobile Food,-78.60995698,35.8419524,M,Not Provided
3860,04092019911,MCDONALD'S,5190 TIMBERFIELD WAY,,RALEIGH,NC,27604,(919) 708-8759,1765515600000,1 - Restaurant,-78.51710901,35.84457165,M,Not Provided
3861,04092019913,ALPACA HOLLY SPRINGS,109 COLLINS CROSSING RD,,HOLLY SPRINGS,NC,27540,(301) 325-1269,1766466000000,1 - Restaurant,-78.83091285,35.63320654,M,Not Provided
3862,04092019914,UNITED CLUB RDU,2400 JOHN BRANTLEY BLVD,,MORRISVILLE,NC,27560,(919) 840-4076,1767157200000,1 - Restaurant,-78.7893961,35.86970016,M,Not Provided
3863,04092019915,MCDONALD'S #16917,7991 FAYETTEVILLE RD,,RALEIGH,NC,27603,(919) 720-4002,1767243600000,1 - Restaurant,-78.69867189,35.66510253,M,Not Provided
3864,04092025752,MARCO'S PIZZA #8715,1940 GOLDEN SPUR LN,STE 101,WENDELL,NC,27591,(919) 917-9990,1767157200000,2 - Food Stands,-78.43515613,35.77412766,M,Not Provided
3865,04092019916,MINAS ITALIAN MARKET,8450-106 HONEYCUTT RD,,RALEIGH,NC,27615,,1767589200000,1 - Restaurant,-78.62166264,35.89510631,M,Not Provided
3866,04092019917,TAKI SUSHI,2701 LAWNVIEW LN,SUITE 103,APEX,NC,27523,,1767330000000,1 - Restaurant,-78.91548048,35.74080261,M,Not Provided
3867,04092019918,SAIGON KITCHEN,321 S BLOUNT STREET,,RALEIGH,NC,27601,(609) 412-9272,1762405200000,1 - Restaurant,-78.6362389,35.77586726,M,Not Provided
3868,04092019919,CREMA CAFE AND EATERY,421 FAYETTEVILLE STREET,,RALEIGH,NC,27601,(919) 834-7279,1765429200000,1 - Restaurant,-78.63936489,35.77440851,M,Not Provided
3869,04092019920,NAMI ASIAN NOODLE BAR,3901 CAPITAL BLVD,SUITE 163,RALEIGH,NC,27604,(984) 220-3783,1767070800000,1 - Restaurant,-78.58517482,35.8349864,M,Not Provided
3870,04092025751,SHEETZ #925,2825 FORESTVILLE RD,,RALEIGH,NC,27616,(984) 400-7073,1766379600000,2 - Food Stands,-78.5064697,35.89586751,M,Not Provided
3871,04092025753,PITA BOWL,438 FAYETTEVILLE STREET,,RALEIGH,NC,27601,(919) 412-4986,1767675600000,2 - Food Stands,-78.63936489,35.77440851,M,Not Provided
3872,04092019924,JERSEY MIKE'S #3262,7340 BUFFALOE RD,SUITE 104,RALEIGH,NC,27616,,1767070800000,1 - Restaurant,-78.51676268,35.84327657,M,Not Provided
3873,04092019922,MCDONALD'S #13362,4801 SW CARY PKWY,,CARY,NC,27511,(919) 800-7984,1767848400000,1 - Restaurant,-78.82984491,35.78912217,M,Not Provided
3874,04092019925,THE REFRESHERY,253 E CHATHAM ST,,CARY,NC,27511,(610) 213-3306,1767157200000,1 - Restaurant,-78.77588926,35.78842967,M,Not Provided
3875,04092019926,FRANKO'S PRIME,8460 HONEYCUTT RD STE 112,,RALEIGH,NC,27615,(919) 301-8295,1767762000000,1 - Restaurant,-78.62166264,35.89510631,M,Not Provided
3876,04092025754,THE NAKED EMPANADA,207 N MAIN ST,,ROLESVILLE,NC,27571,,1768194000000,2 - Food Stands,-78.45454094,35.92604805,M,Not Provided
3877,04092019923,BIG CAT,1000 BROOKSIDE DR,SUITE 119,RALEIGH,NC,27604,,1767589200000,1 - Restaurant,-78.62465289,35.79244258,M,Not Provided
3878,04092019928,MCDONALD'S #33850,601 CORPORATE CENTER DR,,RALEIGH,NC,27606,(919) 233-4144,1768280400000,1 - Restaurant,-78.74074061,35.79000425,M,Not Provided
3879,04092019927,SABATINOS RISTORANTE,131 CRENSHAW CORNERS DR,,WAKE FOREST,NC,27587,,1768194000000,1 - Restaurant,-78.55386183,35.97113997,M,Not Provided
3880,04092019929,PASTRAMI TOM'S,312 W CHATHAM ST,,CARY,NC,27511,(919) 377-2106,1767762000000,1 - Restaurant,-78.78699067,35.78720651,M,Not Provided
3881,04092019932,MCDONALD'S #2510,3710 WESTERN BLVD,,RALEIGH,NC,27606,(919) 833-7882,1768280400000,1 - Restaurant,-78.68803646,35.78529767,M,Not Provided
3882,04092019931,LIFETIME ATC CAFE,1120 HEALTHY WAY,,CARY,NC,27519,(919) 379-4200,1767934800000,1 - Restaurant,-78.88664082,35.83660817,M,Not Provided
3883,04092019930,VELVET TACO #172,4208 SIX FORKS RD,SUITE 150,RALEIGH,NC,27609,(919) 867-4667,1767934800000,1 - Restaurant,-78.63994698,35.83691241,M,Not Provided
3884,04092019933,MCDONALDS #3259,869 SE MAYNARD RD,,CARY,NC,27511,(919) 467-3883,1768280400000,1 - Restaurant,-78.76464851,35.77630584,M,Not Provided
3885,04092019934,TAJ INDIAN BISTRO,748 E CHATHAM STREET,SUITE A,CARY,NC,27511,(919) 377-0133,1767934800000,1 - Restaurant,-78.76514284,35.79157176,M,Not Provided
3886,04092019935,SEOUL GARDEN,815 W CHATHAM ST,,CARY,NC,27511,(919) 234-6002,1768453200000,1 - Restaurant,-78.79538501,35.78006842,M,Not Provided
3887,04092030780,GEORGE’S AUTHENTIC SOUTH PHILLY STEAKS (WCID #957),160 SOMMERVILLE PARK RD,,RALEIGH,NC,27603,(919) 908-1341,1768539600000,3 - Mobile Food,-78.65005756,35.69421011,M,Not Provided
3888,04092019936,CAFE TIRAMISU,6196 FALLS OF NEUSE RD,SUITE 116,RALEIGH,NC,27609,(919) 790-1006,1768885200000,1 - Restaurant,-78.61874122,35.86627999,M,Not Provided
3889,04092019938,PHO SUPER 9,"6401 TRIANGLE PLANTATION DR, STE 111",,RALEIGH,NC,27616,(919) 878-1599,1769058000000,1 - Restaurant,-78.5823769,35.87315531,M,Not Provided
3890,04092110561,LOCKHART ELEM SCHOOL TEMPORARY CAFETERIA,1320 N SMITHFIELD RD,,KNIGHTDALE,NC,27545,(919) 266-8525,1768885200000,11 - Public School Lunch,-78.48454643,35.80325299,M,Not Provided
3891,04092019937,CLYDE COOPER'S BARBEQUE,1326 E. MILLBROOK RD,,RALEIGH,NC,27609,(919) 832-7614,1768885200000,1 - Restaurant,-78.61557639,35.84978224,M,Not Provided
3892,04092025755,TAYSTY'S FUSION CUISINES @ FLAVOR DISTRICT -ROOM7,11016 CAPITAL BLVD,SUITE 11,WAKE FOREST,NC,27587,,1768280400000,2 - Food Stands,-78.53774541,35.94776496,M,Not Provided
3893,04092025756,SPICY FAME FOODS @ THE KITCHEN SPACE,3805 S WILMINGTON ST,,RALEIGH,NC,27603,(919) 551-2240,1768971600000,2 - Food Stands,-78.64840838,35.72742869,M,Not Provided
3894,04092025758,OAK CITY PIE COMPANY @ THE KITCHEN SPACE,3805 S WILMINGTON ST,,RALEIGH,NC,27603,(919) 850-6773,1768194000000,2 - Food Stands,-78.64840838,35.72742869,M,Not Provided
3895,04092019940,HAVELI INDIAN CUISINE,1125 HATCHES POND LN,STE 113,MORRISVILLE,NC,27560,,1769576400000,1 - Restaurant,-78.84968191,35.82663584,M,Not Provided
3896,04092019941,CHICK-FIL-A #833,1815 WALNUT ST,,CARY,NC,27518,,1770008400000,1 - Restaurant,-78.74236687,35.76001626,M,Not Provided
3897,04092160106,MORNINGSIDE OF RALEIGH KITCHEN,801 DIXIE TRAIL,,RALEIGH,NC,27607,(919) 828-5557,1770267600000,16 - Institutional Food Service,-78.67718579,35.80048992,M,Not Provided
3898,04092160107,PERRY CREEK HEALTH AND REHAB CTR FOODSERVICE,5201 CLARKS FORK DR NW,,RALEIGH,NC,27616,(919) 872-7033,1767848400000,16 - Institutional Food Service,-78.5554995,35.89053506,M,Not Provided
3899,04092160104,FALLS RIVER VILLAGE FOOD SERVICE,1110 FALLS RIVER AVE,,RALEIGH,NC,27614,(919) 844-9747,1768280400000,16 - Institutional Food Service,-78.5873449,35.90599723,M,Not Provided
3900,04092110562,SWIFT CREEK ELEMENTARY SCHOOL CAFETERIA,5601 TRYON RD,,RALEIGH,NC,27606,(919) 588-3532,1768971600000,11 - Public School Lunch,-78.73415845,35.74421369,M,Not Provided
3901,04092160105,FALLS RIVER COURT FOOD SERVICE,1130 FALLS RIVER AVE,,RALEIGH,NC,27614,(919) 844-9747,1770181200000,16 - Institutional Food Service,-78.58705589,35.90683389,M,Not Provided
3902,04092025759,LIMA 31 CATERING & EMPANADAS @ THE KITCHEN SPACE,3805 S. WILMINGTON STREET,ROOM #15,RALEIGH,NC,27603,(919) 924-8996,1770267600000,2 - Food Stands,-78.64840838,35.72742869,M,Not Provided
3903,04092019943,CALYX LIVING OF APEX,7501 JENKS RD,,APEX,NC,27523,,1770613200000,1 - Restaurant,-78.89339898,35.75415886,M,Not Provided
3904,04092019944,123 BURGER,4150 FAYETTEVIIILE RD,,RALEIGH,NC,27603,,1770008400000,1 - Restaurant,-78.65280639,35.72361302,M,Not Provided
3905,04092019945,SHAKE SHACK #1735,153 GRAND HILL PL,,HOLLY SPRINGS,NC,27540,,1769922000000,1 - Restaurant,-78.84941991,35.66264621,M,Not Provided
3906,04092019942,NEO HIBACHI,424 E. SIX FORKS ROAD,SUITE 113,RALEIGH,NC,27609,(919) 307-8797,1769576400000,1 - Restaurant,-78.62602306,35.82001966,M,Not Provided
3907,04092030783,UNIQUE SOUL FOOD (WCID #1044),903 N SMITHFIELD RD,,KNIGHTDALE,NC,27545,(919) 946-3644,1772773200000,3 - Mobile Food,-78.48796386,35.7957655,M,Not Provided
3908,04092141929,GARNER HIGH INDOOR CONCESSION,2101 SPRING DR,,GARNER,NC,27529,(919) 395-0278,1768366800000,14 - Limited Food,-78.63740248,35.70995069,M,Not Provided
3909,04092030782,CARAVAN FLAME EXPRESS (WCID #1194),1519 BROOKSIDE DR,,RALEIGH,NC,27604,(919) 741-1339,1770958800000,3 - Mobile Food,-78.6249484,35.79874484,M,Not Provided
3910,04092160108,HEARTFIELDS AT CARY FOODSERVICE,1050 CRESCENT GREEN DR,,CARY,NC,27518,(919) 852-5757,1771218000000,16 - Institutional Food Service,-78.77955235,35.73351152,M,Not Provided
3911,04092040424,ADAMS FAMILY HOT DOGS (WCID #1199),11016 CAPITAL BLVD,,WAKE FOREST,NC,27587,(919) 632-5418,1772773200000,4 - Push Carts,-78.53774541,35.94776496,M,Not Provided
3912,04092019948,SPICE RALEIGH,"1731 TRAWICK RD, STE 106",,RALEIGH,NC,27604,(919) 305-9330,1771477200000,1 - Restaurant,-78.57832582,35.80068657,M,Not Provided
3913,04092030784,HARRY’S HOT DOGS (WCID #1137),160 SOMMERVILLE PARK RD.,,KNIGHTDALE,NC,27603,(978) 518-0493,1770958800000,3 - Mobile Food,-78.65082484,35.69394247,M,Not Provided
3914,04092019946,OISHII KITCHEN,6008 FALLS OF NEUSE RD,,RALEIGH,NC,27609,(774) 232-8661,1771477200000,1 - Restaurant,-78.61874122,35.86627999,M,Not Provided
3915,04092030786,G’S PIZZA (WCID #1195),2161 S. WILMINGTON ST,,RALEIGH,NC,27603,(919) 600-8708,1772427600000,3 - Mobile Food,-78.63902823,35.7520526,M,Not Provided
3916,04092030785,VI POLLOS (WCID #1200),2411 E MILLBROOK RD.,UNIT #106,RALEIGH,NC,27604,(919) 524-9371,1771650000000,3 - Mobile Food,-78.59474248,35.84866623,M,Not Provided
3917,04092019947,MILLBROOK MANOR,1705 E. MILLBROOK RD,,RALEIGH,NC,27616,,1771477200000,1 - Restaurant,-78.60608449,35.85065481,M,Not Provided
3918,04092019949,ROOTS NATURAL KITCHEN,2712 HILLSBOROUGH STREET SUITE 103,,RALEIGH,NC,27607,(919) 689-1035,1770958800000,1 - Restaurant,-78.6717023,35.78888791,M,Not Provided
3919,04092025762,TWIST N' TASTE,160 SOMMERVILLE PARK,,RALEIGH,NC,27603,(984) 800-1173,1772168400000,2 - Food Stands,-78.65005756,35.69421011,M,Not Provided
3920,04092019950,HASHTAG INDIA,1207 KILDAIRE FARM RD,J,CARY,NC,27511,,1772168400000,1 - Restaurant,-78.78219418,35.76380551,M,Not Provided
3921,04092019951,DUKE'S KITCHEN & TAPHOUSE,132 S FUQUAY AVE,,FUQUAY-VARINA,NC,27526,(919) 762-7876,1771995600000,1 - Restaurant,-78.79867852,35.58323847,M,Not Provided
3922,04092019952,WOODY'S AT CITY MARKET,205 WOLFE STREET,,RALEIGH,NC,27601,(919) 833-3000,1770613200000,1 - Restaurant,-78.6364343,35.77636109,M,Not Provided
3923,04092030787,CAFE 301 (WCID #1053),1214 E LENOIR ST,,RALEIGH,NC,27610,(717) 799-5919,1774674000000,3 - Mobile Food,-78.62079848,35.77206859,M,Not Provided
3924,04092040425,THE DAWG HOUSE (WCID #1125),1214 E LENOIR ST,,RALEIGH,NC,27610,(919) 610-2072,1775278800000,4 - Push Carts,-78.62079848,35.77206859,M,Not Provided
3925,04092019953,YUMMA MEDITERRANEAN GRILL,11216 CAPITAL BLVD SUITE 106,,WAKE FOREST,NC,27587,,1772427600000,1 - Restaurant,-78.5373455,35.95247389,M,Not Provided
3926,04092019955,UPTOWN DOGS,3923 NEW BERN AVE,,RALEIGH,NC,27601,(919) 229-5459,1771304400000,1 - Restaurant,-78.57014675,35.800455,M,Not Provided
3927,04092030789,TOMBACHI  (WCID #1071),2201 S WILMINGTON ST,SUITE 101,RALEIGH,NC,27603,(704) 654-8119,1775192400000,3 - Mobile Food,-78.63902823,35.7520526,M,Not Provided
3928,04092030788,SUBSLICIOUS (WCID #1203),12239 CAPITAL BLVD.,,WAKE FOREST,NC,27587,(919) 437-3251,1770786000000,3 - Mobile Food,-78.54067857,35.97989629,M,Not Provided
3929,04092019954,THE GRAMERCY,1228 HERITAGE LINKS DR SUITE 100,,WAKE FOREST,NC,27587,(919) 724-6287,1772514000000,1 - Restaurant,-78.50262233,35.94544363,M,Not Provided
3930,04092019956,TWO GUYS GRILLE,4149 DAVIS DR,,MORRISVILLE,NC,27560,(919) 462-9336,1773032400000,1 - Restaurant,-78.85811524,35.8356255,M,Not Provided
3931,04092019958,STARBUCKS #81889,6903 LOUISBURG RD,,RALEIGH,NC,27616,(919) 342-6139,1770958800000,1 - Restaurant,-78.54589142,35.86930398,M,Not Provided
3932,04092019957,POPOVERS CAFE,219 N SALEM ST,,APEX,NC,27502,,1773032400000,1 - Restaurant,-78.85101766,35.73229727,M,Not Provided
3933,04092019960,BEOW'S COFFEE & CAFE,8111 CREEDMOOR RD STE 153,,RALEIGH,NC,27613,(919) 594-1127,1773205200000,1 - Restaurant,-78.68248846,35.8985009,M,Not Provided
3934,04092019959,WHATABURGER #598,489 DR CALVIN JONES HWY,,WAKE FOREST,NC,27587,(210) 476-6000,1770267600000,1 - Restaurant,-78.53440082,35.96581088,M,Not Provided
3935,04092030790,MI SABOR HISPANO (WCID #928),903 N SMITHFIELD RD,,KNIGHTDALE,NC,27545,(919) 757-7036,1773378000000,3 - Mobile Food,-78.48796386,35.7957655,M,Not Provided
3936,04092030791,SAENZ TACOS & PUPUSAS (WCID #1096),160 SOMMERVILLE PARK RD,,RALEIGH,NC,27603,(919) 760-7138,1773032400000,3 - Mobile Food,-78.65005756,35.69421011,M,Not Provided
3937,04092019963,HAMPTON INN RALEIGH/CARY BREAKFAST,201 ASHVILLE AVE,,CARY,NC,27518,(919) 859-5559,1773896400000,1 - Restaurant,-78.78426784,35.73925293,M,Not Provided
3938,04092019964,COCINAO DONA CLARA,"3110 NEW BERN AVE, STE 114",,RALEIGH,NC,27610,(984) 789-8640,1773896400000,1 - Restaurant,-78.5867454,35.78851092,M,Not Provided
3939,04092019961,WHATABURGER #1628,501 E SIX FORKS RD,,RALEIGH,NC,27609,(919) 521-4976,1772686800000,1 - Restaurant,-78.62327656,35.81997382,M,Not Provided
3940,04092030792,NC BURGER #2 PATRICE (WCID #1034),1600 OLIVE CHAPEL RD,,APEX,NC,27502,(480) 720-4831,1776402000000,3 - Mobile Food,-78.89057874,35.73813869,M,Not Provided
3941,04092025765,KAT-N-AROUND @ THE KITCHEN SPACE - ROOM #9,3805 S WILMINGTON ST,,RALEIGH,NC,27603,(919) 633-9365,1772514000000,2 - Food Stands,-78.64840838,35.72742869,M,Not Provided
3942,04092019965,HIBACHI K & SUSHI,7320 BUFFALOE RD,SUITE 112,RALEIGH,NC,27616,,1774846800000,1 - Restaurant,-78.51676268,35.84327657,M,Not Provided
3943,04092019962,KRAVE @ LAUNCH,2910 E MILLBROOK RD,,RALEIGH,NC,27604,(919) 752-8462,1772686800000,1 - Restaurant,-78.58256557,35.84853241,M,Not Provided
3944,04092019966,FIREHOUSE SUBS #1138,4111 ED DR,,RALEIGH,NC,27612,(919) 647-4291,1774242000000,1 - Restaurant,-78.70458312,35.82558141,M,Not Provided
3945,04092019969,CHIPOTLE #5858,3905 CAPITAL BLVD,,RALEIGH,NC,27604,(864) 360-5619,1773032400000,1 - Restaurant,-78.58517482,35.8349864,M,Not Provided
3946,04092019967,CROOKED HAMMOCK,4501 EDWARDS MILL RD,,RALEIGH,NC,27612,,1774846800000,1 - Restaurant,-78.68917012,35.83707533,M,Not Provided
3947,04092019968,FOXTAIL COFFEE CO.,1451 RICHARDSON RD,SUITE 126,APEX,NC,27523,,1774846800000,1 - Restaurant,-78.91593923,35.74253044,M,Not Provided
3948,04092025766,FUQUAY TARGET STARBUCKS,3200 GOLD RING RD,,FUQUAY VARINA,NC,27526,(919) 762-1212,1771995600000,2 - Food Stands,-78.7495062,35.59986121,M,Not Provided
3949,04092019970,MEZCALITO,1000 SOCIAL ST,SUITE 140,RALEIGH,NC,27609,(252) 292-9260,1773118800000,1 - Restaurant,-78.62375898,35.82999082,M,Not Provided
3950,04092030796,LAS DELICIAS ELIZABETH LATIN FOOD (WCID #1076),2549 S SAUNDERS ST,,RALEIGH,NC,27603,(919) 987-7779,1776402000000,3 - Mobile Food,-78.64827489,35.74908293,M,Not Provided
3951,04092030794,KEBAB EXPRESS HALAL GRILL (WCID #1152),160 SOMMERVILLE PARK RD,,RALEIGH,NC,27603,(347) 630-6020,1776402000000,3 - Mobile Food,-78.65005756,35.69421011,M,Not Provided
3952,04092030797,TAQUERIA LOS PATRONES (WCID #1078),160 SOMMERVILLE PARK RD,,RALEIGH,NC,27603,(956) 299-6615,1774587600000,3 - Mobile Food,-78.65005756,35.69421011,M,Not Provided
3953,04092019971,ZAXBY'S,4112 LAKE BOONE TRL,,RALEIGH,NC,27607,(919) 847-5574,1774242000000,1 - Restaurant,-78.69912929,35.81593375,M,Not Provided
3954,04092025767,CHARCUTERIE ALA CART @ JARA CAFE,8300 HEALTH PARK,,RALEIGH,NC,27615,(919) 235-2271,1773810000000,2 - Food Stands,-78.65910504,35.89591665,M,Not Provided
3955,04092019972,SUNFLOWERS,1029 S SAUNDERS ST,,RALEIGH,NC,27603,(919) 594-1906,1773723600000,1 - Restaurant,-78.64783238,35.76841451,M,Not Provided
3956,04092025768,MOM'S LEGACY @ THE KITCHEN SPACE - ROOM #14,3805 S WILMINGTON ST,,RALEIGH,NC,27603,(617) 888-3553,1773810000000,2 - Food Stands,-78.64840838,35.72742869,M,Not Provided
3957,04092141930,TMSA TRIANGLE APEX CONCESSION STAND,3570 AMBERLIGHT RD,SUITE GYM,APEX,NC,27502,(919) 650-2270,1773378000000,14 - Limited Food,-78.94498205,35.7400176,M,Not Provided
3958,04092025769,THE FLYING SAUCER CONDIMENT COMPANY @ TKA,2161 S WILMINGTON ST,,RALEIGH,NC,27603,(919) 771-5534,1773291600000,2 - Food Stands,-78.63902823,35.7520526,M,Not Provided
3959,04092025770,CHRISTIANO'S ITALIAN AMERICAN KITCHEN@TKS-ROOM #29,3805 S WILMINGTON ST,,RALEIGH,NC,27603,(919) 830-9591,1770872400000,2 - Food Stands,-78.64840838,35.72742869,M,Not Provided
3960,04092025771,NO PORK ON MY FORK @ THE KITCHEN SPACE -ROOM #17,3805 S WILMINGTON ST,,RALEIGH,NC,27603,(919) 522-2695,1772514000000,2 - Food Stands,-78.64840838,35.72742869,M,Not Provided
3961,04092030799,JOLLY'S CATERING FOOD TRUCK (WCID #1048),10125 DIVISION DR,,RALEIGH,NC,27603,(919) 815-6594,1775192400000,3 - Mobile Food,-78.71143305,35.63398146,M,Not Provided
3962,04092030798,BLR ADDA  (WCID #1077),140 MORRISVILLE SQUARE WAY,,MORRISVILLE,NC,27560,(919) 600-0556,1775278800000,3 - Mobile Food,-78.82897767,35.819515,M,Not Provided
3963,04092040426,CHEESEDOGS (WCID #1007),1214 E LENOIR STREET,,RALEIGH,NC,27610,(919) 798-1319,1776488400000,4 - Push Carts,-78.62079848,35.77206859,M,Not Provided
3964,04092141931,MILLBROOK WILDCAT CLUB CONCESSIONS,2201 SPRING FOREST RD,SUITE A,RALEIGH,NC,27615,(919) 995-6748,1773982800000,14 - Limited Food,-78.60299939,35.86585699,M,Not Provided
3965,04092025772,INDALIA KITCHEN @ THE KITCHEN SPACE - ROOM #13,3805 S WILMINGTON ST,,RALEIGH,NC,27603,(352) 442-4235,1774328400000,2 - Food Stands,-78.64840838,35.72742869,M,Not Provided
3966,04092019973,JERSEY MIKE'S SUBS #3254,2839 WENDELL BLVD,SUITE STE 110,WENDELL,NC,27591,(919) 374-2258,1774242000000,1 - Restaurant,-78.38037272,35.79568491,M,Not Provided
3967,04092019974,CHICK-FIL-A #06012,2100 TREELIGHT WAY,,WENDELL,NC,27591,(919) 374-2275,1774846800000,1 - Restaurant,-78.43203263,35.77366092,M,Not Provided
3968,04092019976,SPRINGHILL SUITES BY MARRIOTT RALEIGH APEX,1100 MARCO DR,,APEX,NC,27502,(919) 335-0135,1775451600000,1 - Restaurant,-78.83862517,35.71736468,M,Not Provided
3969,04092019977,MODENA CARY,7000 REGENCY PKWY,,CARY,NC,27518,(919) 342-8200,1775538000000,1 - Restaurant,-78.79046976,35.72830977,M,Not Provided
3970,04092019975,BELLA ROMA PIZZA,"800 S NEW HOPE RD, STE 103",,RALEIGH,NC,27610,(919) 250-0933,1775106000000,1 - Restaurant,-78.559998,35.76522001,M,Not Provided
3971,04092019978,DIM SUM HOUSE,100 JERUSALEM DR,STE 104,MORRISVILLE,NC,27560,(919) 380-3087,1775624400000,1 - Restaurant,-78.827069,35.85101709,M,Not Provided
3972,04092019979,MOMO STATION,405 E BROAD ST,,FUQUAY VARINA,NC,27526,,1775019600000,1 - Restaurant,-78.79497927,35.59418246,M,Not Provided
3973,04092019980,MISSION BBQ RALEIGH,7520 CREEDMOOR RD,,RALEIGH,NC,27613,,1776661200000,1 - Restaurant,-78.67928912,35.88878815,M,Not Provided
3974,04092019981,A2B,5015 WINSTON HILL DR,,CARY,NC,27513,,1776661200000,1 - Restaurant,-78.84641274,35.79047276,M,Not Provided
3975,04092019982,RESIDENCE INN CARY RALEIGH,103 EDINBURGH SOUTH DR,,CARY,NC,27511,,1777006800000,1 - Restaurant,-78.79806693,35.73669743,M,Not Provided
3976,04092019983,SHERATON RALEIGH,421 S SALISBURY STREET,,RALEIGH,NC,27601,(919) 834-9900,1776056400000,1 - Restaurant,-78.63990648,35.77493808,M,Not Provided
3977,04092300316,LA ESMERALDA TIENDA LATINA,740 E CHATHAM ST,SUITE A,CARY,NC,27511,(919) 651-0023,1776402000000,30 - Meat Market,-78.7669176,35.79077934,M,Not Provided
3978,04092019984,TIN ROOF,300 GLENWOOD AVE,,RALEIGH,NC,27603,,1776056400000,1 - Restaurant,-78.64714039,35.78430842,M,Not Provided
3979,04092040427,BELLA'S HOT DOGS (WCID #1082),11016 CAPITAL BLVD,,WAKE FOREST,NC,27587,(919) 218-2724,1776488400000,4 - Push Carts,-78.53774541,35.94776496,M,Not Provided
3980,04092030800,EL SAZON DE MI TIERRA NC (WCID #1037),4524 OLD WAKE FOREST RD,,RALEIGH,NC,27609,(919) 298-3285,1776402000000,3 - Mobile Food,-78.60995698,35.8419524,M,Not Provided
3981,04092019985,YABA MEDITERRANEAN GRILL,9424 FALLS OF NEUSE RD SUITE 100,,RALEIGH,NC,27615,(919) 322-2807,1776229200000,1 - Restaurant,-78.60287339,35.90144197,M,Not Provided
3982,04092019987,BOTIWALLA,2221 IRON WORKS DR,SUITE 120,RALEIGH,NC,27604,,1776315600000,1 - Restaurant,-78.61951523,35.80924691,M,Not Provided
3983,04092019988,COMFORT SUITES REGENCY PARK BREAKFAST,350 ASHVILLE AVE,,CARY,NC,27518,(919) 852-4318,1776920400000,1 - Restaurant,-78.78677093,35.73904811,M,Not Provided
3984,04092019986,ANJAPPAR CHETTINAD INDIAN RESTAURANT,4112 PLEASANT VALLEY RD,SUITE 124,RALEIGH,NC,27612,(919) 307-8556,1776229200000,1 - Restaurant,-78.70472779,35.86043849,M,Not Provided
3985,04092025773,MIDDLE SPOON CATERING,2161 S WILMINGTON,,RALEIGH,NC,27603,,1775019600000,2 - Food Stands,-78.63902823,35.7520526,M,Not Provided
3986,04092019989,CHELSEA CAFE @ 701,701 CORPORATE CENTER DR,STE 155,RALEIGH,NC,27607,(919) 322-4426,1777006800000,1 - Restaurant,-78.74123044,35.7918045,M,Not Provided
3987,04092030801,SMASHNDASH (WCID #1087),160 SOMMERVILLE PARK RD,,RALEIGH,NC,27603,(313) 858-5770,1777611600000,3 - Mobile Food,-78.65005756,35.69421011,M,Not Provided
3988,04092030802,FACTORY BURGER (WCID #1155),706 W PEACE ST,,RALEIGH,NC,27605,(919) 868-5963,1777093200000,3 - Mobile Food,-78.64931998,35.78886217,M,Not Provided
3989,04092030803,WING RUN (WCID #1081),160 SOMMERVILLE PARK RD,,RALEIGH,NC,27603,(760) 716-7285,1778821200000,3 - Mobile Food,-78.65005756,35.69421011,M,Not Provided
3990,04092019991,MAMACITAS,1540 DUNN RD,,RALEIGH,NC,27614,,1777438800000,1 - Restaurant,-78.58619614,35.92540089,M,Not Provided
3991,04092019992,COOK OUT APEX #328,1001 E WILLIAMS ST,,APEX,NC,27502,,1777438800000,1 - Restaurant,-78.84350608,35.72110919,M,Not Provided
3992,04092030805,MARIGOLD CAFE (WCID #1158),2161 S WILMINGTON ST,,RALEIGH,NC,27603,(347) 204-7930,1778216400000,3 - Mobile Food,-78.63902823,35.7520526,M,Not Provided
3993,04092019993,KAHLOVERA BAR & GRILL,2026 KILDAIRE FARM RD,,CARY,NC,27518,(919) 977-7777,1777870800000,1 - Restaurant,-78.78068643,35.73567118,M,Not Provided
3994,04092025774,THE BREAKFAST BAR,"5959 TRIANGLE TOWN BLVD, STE FC1112",,RALEIGH,NC,27616,(984) 304-9131,1777957200000,2 - Food Stands,-78.576038,35.86600165,M,Not Provided
3995,04092019995,BIDDY THOMAS,2409 CRABTREE BLVD,SUITE 100,RALEIGH,NC,27604,(919) 593-3013,1777870800000,1 - Restaurant,-78.61383257,35.80541224,M,Not Provided
3996,04092019994,AQUA VITAE,2701 LAWNVIEW LN,SUITE 108,APEX,NC,27523,(919) 267-4246,1777870800000,1 - Restaurant,-78.91548048,35.74080261,M,Not Provided
3997,04092019996,D'LUJO GRILL,"2822 NEW BIRCH DR, STE 106",,RALEIGH,NC,27610,(919) 803-4343,1778216400000,1 - Restaurant,-78.59887958,35.74572551,M,Not Provided
3998,04092030806,TACOS EL FAMOSO (WCID #1196),160 SOMMERVILLE PARK RD,,RALEIGH,NC,27603,(919) 521-1126,1779426000000,3 - Mobile Food,-78.65005756,35.69421011,M,Not Provided
3999,04092025775,LENOVO CENTER 318,1400 EDWARDS MILL RD,,RALEIGH,NC,27607,,1778216400000,2 - Food Stands,-78.72293853,35.80324451,M,Not Provided
4000,04092019998,BURGERFI,2001 WALNUT ST,STE 101,CARY,NC,27518,(919) 900-8959,1778475600000,1 - Restaurant,-78.7414297,35.75881135,M,Not Provided
4001,040920110001,IMPERIAL GARDEN CHINESE RESTAURANT,7713 LEAD MINE RD,#15,RALEIGH,NC,27615,(919) 846-1988,1779080400000,1 - Restaurant,-78.6604412,35.88617756,M,Not Provided
4002,04092019997,WAYBACK BURGER,3600 ROGERS BRANCH RD SUITE 101,,WAKE FOREST,NC,27587,,1778475600000,1 - Restaurant,-78.50628751,35.94278947,M,Not Provided
4003,040920110000,BIGGBY COFFEE #870,4208 PLEASANT VALLEY RD,,RALEIGH,NC,27613,,1779080400000,1 - Restaurant,-78.70578836,35.85971899,M,Not Provided
4004,040920110002,ORUGALLU INDIAN CUISINE,2250 GATHERING PARK CIR,,CARY,NC,27519,(919) 234-0755,1779253200000,1 - Restaurant,-78.85752141,35.820416,M,Not Provided
4005,04092025777,MARCO'S PIZZA #8266,7841 ALEXANDER PROMENADE PL,STE 120,RALEIGH,NC,27617,(919) 807-1900,1779253200000,2 - Food Stands,-78.77695584,35.91424048,M,Not Provided
4006,04092030807,ANOTHER PLATE (WCID #1198),903 N SMITHFIELD RD,,RALEIGH,NC,27545,(267) 973-0706,1778821200000,3 - Mobile Food,-78.48701184,35.79554687,M,Not Provided
4007,040920110003,MIKEY'S PIZZERIA,2320 BALE STREET,UNIT 114,RALEIGH,NC,27608,(919) 924-6806,1778734800000,1 - Restaurant,-78.6274814,35.81292749,M,Not Provided
4008,04092025778,KING GYROS,"5959 TRIANGLE TOWN BLVD, FC-STE 1100",,RALEIGH,NC,27616,,1780030800000,2 - Food Stands,-78.576038,35.86600165,M,Not Provided
4009,040920110004,LA FARM BAKERY,122 GLENWOOD AVE,SUITE 100,RALEIGH,NC,27603,,1778475600000,1 - Restaurant,-78.6472279,35.78250683,M,Not Provided
4010,040920110005,SHAKE SHACK #1785,1600 VILLAGE MARKET PL,,MORRISVILLE,NC,27560,(984) 280-4255,1777525200000,1 - Restaurant,-78.81676084,35.80454792,M,Not Provided
4011,040920110006,CHIPOTLE #5839,1 GLENWOOD AVE,SUITE 141,RALEIGH,NC,27603,(919) 244-8498,1778562000000,1 - Restaurant,-78.64799606,35.7803311,M,Not Provided
4012,04092025779,FIG AND FLUER @ COMMUNITY COMMISSARY,160 SOMMERVILLE PARK RD,,RALEIGH,NC,27603,(419) 906-9918,1778648400000,2 - Food Stands,-78.65005756,35.69421011,M,Not Provided
4013,040920110007,LAS-MAS,111 S WHITE ST,,WAKE FOREST,NC,27587,(919) 263-9469,1776229200000,1 - Restaurant,-78.50923959,35.97887812,M,Not Provided
4014,04092030809,GREEN ENVY EATS (WCID #1197),903 N SMITHFIELD RD,,KNIGHTDALE,NC,27545,(919) 862-6948,1779426000000,3 - Mobile Food,-78.48796386,35.7957655,M,Not Provided
4015,04092025780,DEVIL DOGZ STAND 6,1501 NC 39 HWY,,ZEBULON,NC,27597,(919) 687-6520,1779339600000,2 - Food Stands,-78.27122984,35.81726489,M,Not Provided
4016,04092025781,STAND 1 DEVIL DOGZ,1501 NC 39 HWY,,ZEBULON,NC,27597,(919) 687-6520,1779339600000,2 - Food Stands,-78.27122984,35.81726489,M,Not Provided
4017,04092025782,DEVIL DOGZ STAND 1,1501 NC 39 HWY,,ZEBULON,NC,27597,(919) 687-6520,1779339600000,2 - Food Stands,-78.27122984,35.81726489,M,Not Provided
4018,04092025783,PANINI PALACE @ FAIR GROUNDS,4285 TRINITY RD,EDUCATIONAL BUILDING,RALEIGH,NC,27607,(336) 250-1690,1779426000000,2 - Food Stands,-78.71515946,35.79630442,M,Not Provided
4019,040920110008,BAMBINO'S PIZZA,4129 DAVIS DR,,MORRISVILLE,NC,27560,(919) 378-9100,1779858000000,1 - Restaurant,-78.85811524,35.8356255,M,Not Provided
4020,04092030810,TAQUERIA LAS CHALECAS (WCID #1008),9101 LEESVILLE RD,,RALEIGH,NC,27613,(832) 531-3049,1779944400000,3 - Mobile Food,-78.72548111,35.89676189,M,Not Provided
4021,040920110009,QUALITY MART 40,7411 CHAPEL HILL RD,,RALEIGH,NC,27607,(919) 854-2606,1779166800000,1 - Restaurant,-78.74897136,35.79297584,M,Not Provided
4022,04092030811,G’S TACOS (WCID #1159),2161 S WILMINGTON ST,,RALEIGH,NC,27603,(919) 600-8708,1780549200000,3 - Mobile Food,-78.63902823,35.7520526,M,Not Provided
4023,04092160109,HARTWELL HEALTH & REHAB CENTER,1101 HARTWELL ST,,GARNER,NC,27529,(919) 772-8888,1780290000000,16 - Institutional Food Service,-78.62517489,35.70528878,M,Not Provided
4024,040920110010,WING STOP #3243,1071 BEAVER CREEK COMMONS DR,,APEX,NC,27502,(984) 343-8310,1779339600000,1 - Restaurant,-78.87238782,35.74374594,M,Not Provided
4025,040920110012,STATE FARMERS MARKET RESTAURANT,1240 FARMERS MARKET DR,,RALEIGH,NC,27603,(919) 755-1550,1780290000000,1 - Restaurant,-78.66330788,35.76445317,M,Not Provided
4026,040920110011,FLYING BISCUIT CAFE,161 OAKVIEW COMMONS DR,SUITE 105,HOLLY SPRINGS,NC,27540,(919) 335-5851,1779253200000,1 - Restaurant,-78.86762683,35.65811063,M,Not Provided
4027,040920110016,TRATTORIA FRANKO,205 BASALT PL,,ROLESVILLE,NC,27571,,1780030800000,1 - Restaurant,-78.45914969,35.92340322,M,Not Provided
4028,040920110015,MONYA RAMEN,3800 GLENWOOD AVE,,RALEIGH,NC,27612,(919) 594-1420,1779253200000,1 - Restaurant,-78.66651263,35.83176516,M,Not Provided
4029,040920110014,SHUBHAM,6102 OLD JENKS,,APEX,NC,27523,(919) 629-4028,1780290000000,1 - Restaurant,-78.848894,35.75386935,M,Not Provided
4030,04092030813,CRAVEDD (WCID #1160),2161 S WILMINGTON ST,,RALEIGH,NC,27603,(919) 520-7414,1781326800000,3 - Mobile Food,-78.63902823,35.7520526,M,Not Provided
4031,040920110018,CLOUDS BREWING,505 W JONES STREET,,RALEIGH,NC,27603,(504) 669-4514,1779944400000,1 - Restaurant,-78.64644314,35.78205691,M,Not Provided
4032,040920110013,NC JAPAN EXPRESS,9660 FALLS OF NEUSE RD SUITE 147,,RALEIGH,NC,27615,(919) 846-1672,1780290000000,1 - Restaurant,-78.60013448,35.90523089,M,Not Provided
4033,040920110019,BIBIBOP ASIAN GRILL #106,169 GRAND HILL PL,,HOLLY SPRINGS,NC,27540,(919) 701-0923,1780030800000,1 - Restaurant,-78.84941991,35.66264621,M,Not Provided
4034,040920110020,RAMYUN ZIP,772 W WILLIAMS ST,,APEX,NC,27502,(919) 267-4059,1779339600000,1 - Restaurant,-78.86276232,35.73802969,M,Not Provided
4035,040920110017,BIGGBY COFFEE #796,5424 SIX FORKS RD,,RALEIGH,NC,27609,,1780549200000,1 - Restaurant,-78.64059755,35.85499399,M,Not Provided
4036,040920110021,CHOPT CREATIVE SALAD CO.,11108 LIGON MILL RD,,WAKE FOREST,NC,27587,(984) 362-8901,1780462800000,1 - Restaurant,-78.53173925,35.9665207,M,Not Provided
4037,040920110023,BRUMA,1898 S FRANKLIN ST,,WAKE FOREST,NC,27587,(919) 963-9371,1780894800000,1 - Restaurant,-78.50941468,35.95135713,M,Not Provided
4038,04092030815,EL SABOR EXPRESS (WCID #1010),4009 NEW BERN AVE,,RALEIGH,NC,27604,(919) 723-1628,1780635600000,3 - Mobile Food,-78.56768807,35.79961557,M,Not Provided
4039,04092030814,TAQUERIA VILLA LOMAS (WCID #1161),8532 KNIGHTDALE BLVD,,KNIGHTDALE,NC,27545,(919) 225-8015,1781240400000,3 - Mobile Food,-78.44622386,35.80399949,M,Not Provided
4040,040920110024,PAN INDIA KITCHEN & BAR,800 W WILLIAMS ST #176,,APEX,NC,27502,(919) 363-9000,1780894800000,1 - Restaurant,-78.86480258,35.73964977,M,Not Provided
4041,040920110026,BOJANGLES #57,1617 BENSON RD,,GARNER,NC,27529,,1783659600000,1 - Restaurant,-78.60286873,35.68289636,M,Not Provided
4042,04092025784,BACKYARD HIBACHI,3805 S WILMINGTON ST,,RALEIGH,NC,27603,,1781067600000,2 - Food Stands,-78.64840838,35.72742869,M,Not Provided
4043,040920110027,STANDARD BEER,560 ST ALBANS DR,,RALEIGH,NC,27609,,1781845200000,1 - Restaurant,-78.62990039,35.83433108,M,Not Provided
4044,04092025785,HARMONY FOOD HUB,3805 S WILMINGTON ST,,RALEIGH,NC,27603,,1780894800000,2 - Food Stands,-78.64840838,35.72742869,M,Not Provided
4045,040920110028,TADKA BIRYANI TANDOOR,9825 CHAPEL HILL RD,STE F,MORRISVILLE,NC,27560,(919) 234-6266,1781154000000,1 - Restaurant,-78.81704809,35.81052408,M,Not Provided
4046,04092160110,HIGHFIELD NURSING AND REHABILITATION FOOD SERVICE,6590 TRYON RD,,CARY,NC,27518,(919) 851-8000,1781499600000,16 - Institutional Food Service,-78.76593661,35.74356552,M,Not Provided
4047,040920110029,HONEST INDIAN VEGETARIAN RESTAURANT,3607 DAVIS DR,STE 111,MORRISVILLE,NC,27560,(919) 377-2172,1781499600000,1 - Restaurant,-78.84976358,35.82130617,M,Not Provided
4048,040920110030,KOKORO RAMEN & IZAKAYA,200 E MARTIN ST,SUITE 100,RALEIGH,NC,27601,(919) 900-7099,1780290000000,1 - Restaurant,-78.63648864,35.77665826,M,Not Provided
4049,04092025786,OUTLAW SMOKE BBQ @ THE COOK HOUSE,1214 E LENOIR ST,,RALEIGH,NC,27610,(919) 961-1726,1780635600000,2 - Food Stands,-78.62079848,35.77206859,M,Not Provided
4050,04092030817,TAQUERIA LOMAS (WCID #1164),102 W FOURTH ST,,WENDELL,NC,27591,(919) 539-0421,1781586000000,3 - Mobile Food,-78.37128046,35.7830305,M,Not Provided
4051,04092030816,EL SABOR DE MAMI GLADIS (WCID #1162),160 SOMMERVILLE PARK RD,,RALEIGH,NC,27603,(919) 258-8156,1781845200000,3 - Mobile Food,-78.65005756,35.69421011,M,Not Provided
4052,04092025787,VOID'S MARKET,3805 S WILMINGTON ST,,RALEIGH,NC,27603,,1781845200000,2 - Food Stands,-78.64840838,35.72742869,M,Not Provided
4053,040920110031,SULLY'S MISFITS KITCHEN,213 FAYETTEVILLE ST,,FUQUAY-VARINA,NC,27526,(919) 980-2773,1782104400000,1 - Restaurant,-78.79542385,35.59328238,M,Not Provided
4054,040920110032,BENELUX CAFE,402 OBERLIN RD SUITE 118,,RALEIGH,NC,27605,,1782104400000,1 - Restaurant,-78.66234255,35.78976083,M,Not Provided
4055,04092025788,LITTLE ITALY PIZZERIA,5959 TRIANGLE TOWN BLVD,SUITE 1120,RALEIGH,NC,27616,(984) 370-9222,1781758800000,2 - Food Stands,-78.576038,35.86600165,M,Not Provided
4056,04092025789,YUKIYA BAKERY,160 SOMMERVILLE PARK RD,,RALEIGH,NC,27603,,1781845200000,2 - Food Stands,-78.65005756,35.69421011,M,Not Provided
4057,040920110034,321 COFFEE,901 MAIN CAMPUS DR,,RALEIGH,NC,27606,(484) 798-9758,1781586000000,1 - Restaurant,-78.67654237,35.77240176,M,Not Provided
4058,040920110033,BARNES AND NOBLE CAFE,1012 SHOPPES AT MIDWAY DR,,KNIGHTDALE,NC,27545,(919) 525-2346,1781240400000,1 - Restaurant,-78.50727643,35.79842841,M,Not Provided
4059,040920110035,EARLY BIRD CAFE,736 N MAIN ST,,FUQUAY VARINA,NC,27526,(919) 946-8282,1782104400000,1 - Restaurant,-78.78930477,35.59079805,M,Not Provided
4060,040920110036,MARGARITA HOUSE BAR & GRILL,190 WAKELON ST,,ZEBULON,NC,27597,,1782882000000,1 - Restaurant,-78.31858232,35.83228581,M,Not Provided
4061,040920110037,BEP VIETNAMESE KITCHEN,300 S MAIN ST,STE 124,HOLLY SPRINGS,NC,27540,(919) 285-2477,1782968400000,1 - Restaurant,-78.83425908,35.64817337,M,Not Provided
4062,04092160111,LAWNDALE MANOR KITCHEN,601 LAKESIDE DR,,GARNER,NC,27529,(919) 652-0099,1749099600000,16 - Institutional Food Service,-78.61471007,35.69780027,M,Not Provided
4063,04092030820,COUSINS MAINE LOBSTER T4 (WCID #1168),3209 GRESHAM LAKE RD,,RALEIGH,NC,27615,(919) 830-2559,1783400400000,3 - Mobile Food,-78.58045032,35.88537765,M,Not Provided
4064,04092030819,CHICK-N-QUE 4 (WCID #1167),903 N SMITHFIELD RD,,KNIGHTDALE,NC,27545,(919) 369-7788,1783054800000,3 - Mobile Food,-78.48796386,35.7957655,M,Not Provided
4065,040920110038,SUPER CHIX #1061,1125 HATCHES POND LN,SUITE 110,MORRISVILLE,NC,27560,(919) 234-0818,1782190800000,1 - Restaurant,-78.84968191,35.82663584,M,Not Provided
4066,040920110040,STARBUCKS #8217,6120 GLENWOOD AVE,SUITE 120,RALEIGH,NC,27612,(919) 785-0111,1782277200000,1 - Restaurant,-78.70142294,35.85792757,M,Not Provided
4067,040920110041,JIMMY JOHN'S #4916,6120 GLENWOOD AVE,SUITE 100,RALEIGH,NC,27612,(919) 239-4114,1781672400000,1 - Restaurant,-78.70142294,35.85792757,M,Not Provided
4068,040920110039,BUBBAKOO'S BURRITOS,337 SEMBLER LN,,CARY,NC,27519,(732) 974-8444,1782190800000,1 - Restaurant,-78.90353622,35.82486983,M,Not Provided
4069,04092025790,FROMAGE FRIENDS @ COMMUNITY COMMISSARY,160 SOMMERVILLE PARK RD,,RALEIGH,NC,27603,(919) 638-7150,1782363600000,2 - Food Stands,-78.65005756,35.69421011,M,Not Provided
4070,040920110042,HUMMUS REPUBLIC,8107 CREEDMOOR RD STE 110,,RALEIGH,NC,27613,(919) 282-7320,1783573200000,1 - Restaurant,-78.68116671,35.89788698,M,Not Provided
4071,040920110043,BURGER LOVE,3133 MCCHESNEY HILL LOOP,,APEX,NC,27539,(984) 400-8030,1783314000000,1 - Restaurant,-78.8068241,35.68010545,M,Not Provided
4072,040920110045,ZEERA INDIAN RESTAURANT,1311 E BROAD ST,,FUQUAY-VARINA,NC,27526,,1783918800000,1 - Restaurant,-78.77604627,35.59548797,M,Not Provided
4073,04092030822,EL ENCINO TACOS (WCID #1163),410 W GANNON AVE,,ZEBULON,NC,27597,(919) 987-5052,1784869200000,3 - Mobile Food,-78.32298516,35.82163006,M,Not Provided
4074,040920110047,HIBACHI 88,4544 CAPITAL BLVD,,RALEIGH,NC,27604,(919) 803-0086,1784178000000,1 - Restaurant,-78.57896431,35.84571465,M,Not Provided
4075,04092030823,TAQUI TACO (WCID #1170),818 SOUTH MAIN STREET,,WAKE FOREST,NC,27587,(919) 592-6249,1784005200000,3 - Mobile Food,-78.51637676,35.97076188,M,Not Provided
4076,040920110049,DUNKIN,4506 CAPITAL BLVD,,RALEIGH,NC,27604,(984) 408-2590,1784264400000,1 - Restaurant,-78.57896431,35.84571465,M,Not Provided
4077,040920110044,REGAL NORTH HILLS #1846,4150 MAIN AT NORTH HILLS ST,,RALEIGH,NC,27609,(919) 786-4494,1782968400000,1 - Restaurant,-78.64297679,35.83719099,M,Not Provided
4078,040920110048,CREAMYFI,13200 FALLS OF NEUSE ROAD,SUITE133,RALEIGH,NC,27614,(251) 209-0501,1784178000000,1 - Restaurant,-78.55982173,35.94075522,M,Not Provided
4079,040920110050,BEIGNETS AND BREW,3001 HILLSBOROUGH ST,SUITE 120,RALEIGH,NC,27607,,1783918800000,1 - Restaurant,-78.67702546,35.78909475,M,Not Provided
4080,04092025791,LICK MY FORK,1214 E LENOIR ST,,RALEIGH,NC,27610,,1783918800000,2 - Food Stands,-78.62079848,35.77206859,M,Not Provided
4081,04092030824,EL RINCON DE DILCIA (WCID #1171),3520 CAPITAL BLVD,,RALEIGH,NC,27604,(984) 349-4151,1785474000000,3 - Mobile Food,-78.58408349,35.82807441,M,Not Provided
4082,04092030825,KHAN HALAL GRILL (WCID #1172),3917 WESTERN BLVD,,RALEIGH,NC,27606,(336) 906-4179,1784869200000,3 - Mobile Food,-78.69135662,35.78400108,M,Not Provided
4083,04092030826,K-FUSION (WCID #1173),1214 E LENOIR ST,,RALEIGH,NC,27610,(754) 226-7481,1785214800000,3 - Mobile Food,-78.62079848,35.77206859,M,Not Provided
4084,04092025792,FIVE GUYS 2171,4325 GLENWOOD AVE,SUITE 2048,RALEIGH,NC,27612,,1784264400000,2 - Food Stands,-78.67900996,35.83931725,M,Not Provided
4085,040920110054,BENCHWARMERS BAGELS,505 HARDIMONT RD,,RALEIGH,NC,27609,(919) 880-7003,1784178000000,1 - Restaurant,-78.63006722,35.83386965,M,Not Provided
4086,040920110052,HEDINGHAM COMMUNITY ASSOCIATION,4801 HARBOUR TOWNE DR,,RALEIGH,NC,27604,(919) 661-8185,1784610000000,1 - Restaurant,-78.55468707,35.80720509,M,Not Provided
4087,040920110053,BURGERFI,3004 WAKE FOREST ROAD,SUITE 100,RALEIGH,NC,27609,(919) 999-3700,1784696400000,1 - Restaurant,-78.6203889,35.82333174,M,Not Provided
4088,040920110055,SONGBIRD SMOOTHIE & COCKTAIL BAR,1020 E WHITAKER MILL RD,SUITE 130,RALEIGH,NC,27608,(253) 223-4092,1779858000000,1 - Restaurant,-78.62355955,35.80762708,M,Not Provided
4089,04092030827,KENDRA'S KREATIONS (WCID #1174),125 SOMMERVILLE PARK RD,,RALEIGH,NC,27603,(919) 909-7490,1785387600000,3 - Mobile Food,-78.65171373,35.69451553,M,Not Provided
4090,040920110056,MAGNOLIA KITCHEN,113 N WINGATE ST,,WAKE FOREST,NC,27587,(201) 448-0710,1726203600000,1 - Restaurant,-78.516722,35.98219012,M,Not Provided
4091,040920110057,PRANZO ITALIANO,1000 SOCIAL ST,SUITE 120,RALEIGH,NC,27609,(919) 290-2888,1784091600000,1 - Restaurant,-78.62375898,35.82999082,M,Not Provided
4092,04092025793,MATTY'S MEATBALLS @ COMMUNITY COMMISSARY,160 SOMMERVILLE PARK RD,,RALEIGH,NC,27603,(732) 740-0087,1783486800000,2 - Food Stands,-78.65005756,35.69421011,M,Not Provided
4093,040920110059,HOME2SUITES,2051 CENTURY DR,,RALEIGH,NC,27612,,1785474000000,1 - Restaurant,-78.66992139,35.83725357,M,Not Provided
4094,040920110060,TRY SEAFOOD FUQUAY,525 BROAD ST,,FUQUAY-VARINA,NC,27526,(919) 874-1477,1785474000000,1 - Restaurant,-78.79375985,35.59327288,M,Not Provided
4095,04092030828,ALLEYCAT FOODS (WCID #775),11016 CAPITAL BLVD,,WAKE FOREST,NC,27587,(347) 388-6006,1788498000000,3 - Mobile Food,-78.53774541,35.94776496,M,Not Provided
4096,04092030829,PK BREAKFAST & BAKERY (WCID #1139),2161 S. WILMINGTON ST,,RALEIGH,NC,27603,(804) 926-7219,1786683600000,3 - Mobile Food,-78.63902823,35.7520526,M,Not Provided
4097,040920110058,SOLO,13200 FALLS OF NEUSE ROAD,SUITE 117,RALEIGH,NC,27614,(919) 556-2146,1785128400000,1 - Restaurant,-78.55982173,35.94075522,M,Not Provided
4098,04092030830,OLD DAMASCUS (WCID #1176),160 SOMMERVILLE PARK RD,,RALEIGH,NC,27603,(862) 684-1958,1786338000000,3 - Mobile Food,-78.65005756,35.69421011,M,Not Provided
4099,040920110062,7-ELEVEN #44657,2600 S SAUNDERS ST,,RALEIGH,NC,27603,(984) 365-4321,1785733200000,1 - Restaurant,-78.64951138,35.74829026,M,Not Provided
4100,04092110563,RISE CHARTER SCHOOL DINING ROOM,3420 IDLEWOOD VILLAGE DR,,RALEIGH,NC,27610,(919) 446-4777,1785733200000,11 - Public School Lunch,-78.61938073,35.73686801,M,Not Provided
4101,040920110064,7-ELEVEN #42378,1106 N ARENDELL AVE,,ZEBULON,NC,27597,(252) 966-8619,1785992400000,1 - Restaurant,-78.3212059,35.83590372,M,Not Provided
4102,040920110061,LEVANT BISTRO,7400 SIX FORKS RD,,RALEIGH,NC,27615,(919) 200-3999,1784091600000,1 - Restaurant,-78.64526746,35.88157149,M,Not Provided
4103,040920110065,LORI'S @ COMPASS ROSE,"3201 NORTHSIDE DR, STE 101",,RALEIGH,NC,27615,(919) 610-5753,1785992400000,1 - Restaurant,-78.58271074,35.88393748,M,Not Provided
4104,040920110063,VIC'S PIZZA & PASTA CAFE,5434 SIX FORKS RD,,RALEIGH,NC,27609,(919) 771-6416,1785128400000,1 - Restaurant,-78.64059755,35.85499399,M,Not Provided
4105,040920110066,THE BURGER SHOP,113 S WHITE ST,,WAKE FOREST,NC,27587,(919) 562-2333,1786078800000,1 - Restaurant,-78.50923959,35.97887812,M,Not Provided
4106,040920110067,NASH AND SMASHED,5821 POYNER VILLAGE PKWY,SUITE 101,RALEIGH,NC,27616,(919) 902-5120,1785387600000,1 - Restaurant,-78.57119108,35.86392064,M,Not Provided
4107,040920110068,RESERVE,137 WESTON PKWY,,CARY,NC,27513,(919) 757-7199,1785301200000,1 - Restaurant,-78.77115668,35.82699559,M,Not Provided
4108,04092025795,IRON AND PINE PROVISIONS @ THE KITCHEN SPACE #23,3805 S WILMINGTON ST,,RALEIGH,NC,27603,(626) 399-1361,1785906000000,2 - Food Stands,-78.64840838,35.72742869,M,Not Provided
4109,040920110069,AZAMI RAMEN AND SUSHI,9025 WINSTON HILL DR,,CARY,NC,27513,(919) 980-9888,1785906000000,1 - Restaurant,-78.84585566,35.79134626,M,Not Provided
4110,04092300317,APNA BAZAR MEAT MARKET,8395 GREEN LEVEL CHURCH RD,,APEX,NC,27523,(919) 461-3969,1785992400000,30 - Meat Market,-78.90356982,35.7777481,M,Not Provided
4111,040920110070,THE TOASTED YOLK RALEIGH,11201 GALLERIA AVE,SUITE 101,RALEIGH,NC,27614,(919) 435-0028,1785214800000,1 - Restaurant,-78.54362316,35.94818871,M,Not Provided
4112,04092025796,AHARA @ THE FLAVOR DISTRICT ROOM 6,11016 CAPITAL BLVD,,WAKE FOREST,NC,27587,(984) 407-0909,1786078800000,2 - Food Stands,-78.53774541,35.94776496,M,Not Provided
4113,040920110071,CAMPO AZUL MEXICAN KITCHEN,7320 BUFFALOE RD,SUITE 120,RALEIGH,NC,27616,(919) 426-1801,1785214800000,1 - Restaurant,-78.51676268,35.84327657,M,Not Provided
4114,040920110073,DRIFT COFFEE AND KITCHEN AT DIX PARK,1000 HAMMELL DR,SUITE 100,RALEIGH,NC,27603,(910) 236-3033,1785906000000,1 - Restaurant,-78.65088615,35.76729792,M,Not Provided
4115,04092025797,ISLAND GLORY @ COMMUNITY COMMISSARY,160 SOMMERVILLE PARK RD,,RALEIGH,NC,27603,(919) 896-8347,1783486800000,2 - Food Stands,-78.65005756,35.69421011,M,Not Provided
4116,040920110075,TROPICAL SMOOTHIE CAFE #161,7320 BUFFALOE RD,SUITE 116,RALEIGH,NC,27616,(984) 291-7714,1786338000000,1 - Restaurant,-78.51676268,35.84327657,M,Not Provided
4117,040920110074,PHO KITCHEN,1024 MARKET CENTER DR,,MORRISVILLE,NC,27560,(919) 234-1309,1785992400000,1 - Restaurant,-78.81670042,35.80776192,M,Not Provided
4118,040920110076,JABAL COFFEE SHOP,5619 HILLSBOROUGH ST,SUITE E,RALEIGH,NC,27606,(313) 445-9852,1786338000000,1 - Restaurant,-78.72220478,35.78574901,M,Not Provided
4119,04092025798,MEALS BY ERICA @ COMMUNITY COMMISSARY,160 SOMMERVILLE PARK RD,,RALEIGH,NC,27603,(984) 408-3838,1785733200000,2 - Food Stands,-78.65005756,35.69421011,M,Not Provided
4120,040920110078,APNA BAZAR EATERY,8395 GREEN LEVEL CHURCH RD,,APEX,NC,27523,(919) 461-3969,1785992400000,1 - Restaurant,-78.90356982,35.7777481,M,Not Provided
4121,04092025800,APEX MARKET,1720 OLIVE CHAPEL RD,,APEX,NC,27502,,1786251600000,2 - Food Stands,-78.89402789,35.73640935,M,Not Provided
4122,04092025799,APNA BAZAR PRODUCE,8395 GREEN LEVEL CHURCH RD,,APEX,NC,27523,(919) 461-3969,1785992400000,2 - Food Stands,-78.90356982,35.7777481,M,Not Provided
4123,040920110079,SHINE & DINE CAFE,1318 S MAIN ST,SUITE 108,WAKE FOREST,NC,27587,,1786424400000,1 - Restaurant,-78.51926333,35.9609338,M,Not Provided
4124,040920110080,YAY LUNCH,801 BUCK JONES ROAD,,RALEIGH,NC,27606,(919) 747-2020,1786597200000,1 - Restaurant,-78.73694144,35.77190517,M,Not Provided
4125,04092110564,FUQUAY VARINA ELEMENTARY SCHOOL CAFETERIA,6600 JOHNSON POND RD,,FUQUAY VARINA,NC,27526,(919) 557-2566,1786597200000,11 - Public School Lunch,-78.75815452,35.60306647,M,Not Provided
4126,040920110082,K 38 BAJA GRILL,147 E CHATHAM ST,,CARY,NC,27511,(910) 763-0308,1786683600000,1 - Restaurant,-78.78003775,35.78771985,M,Not Provided
4127,040920110081,THE BALKAN TABLE,2425 KILDAIRE FARM RD,SUITE 201,CARY,NC,27518,(919) 917-7063,1786942800000,1 - Restaurant,-78.77660652,35.72829269,M,Not Provided
4128,040920110083,UMI BUFFET,1805 WALNUT ST,,CARY,NC,27518,(919) 891-8888,1786510800000,1 - Restaurant,-78.74320328,35.76109634,M,Not Provided
4129,040920110084,SWEET PARIS CREPERIES & CAFE,1 FENTON MAIN ST,SUITE 190,CARY,NC,27511,,1786424400000,1 - Restaurant,-78.75852986,35.78087951,M,Not Provided
4130,040920110085,DUNKIN' # 365463,3907 CAPITAL BLVD,,RALEIGH,NC,27604,(984) 408-2591,1785906000000,1 - Restaurant,-78.58517482,35.8349864,M,Not Provided
4131,04092025801,MICA'S SWEETS & TREATS @ THE KITCHEN SPACE,3805 S WILMINGTON ST,,RALEIGH,NC,27603,(919) 270-2510,1785906000000,2 - Food Stands,-78.64840838,35.72742869,M,Not Provided
4132,040920110077,THE PERCH,1125 MCCHESNEY HILL LOOP,,HOLLY SPRINGS,NC,27540,(919) 267-4379,1785128400000,1 - Restaurant,-78.80620965,35.67883502,M,Not Provided
4133,04092025802,PIZZA HUT,3801 WESTERN BLVD,SUITE 103,RALEIGH,NC,27606,(919) 833-1213,1787115600000,2 - Food Stands,-78.68847905,35.78448725,M,Not Provided
4134,04092141932,CARY ACADEMY INSIDE CONCESSION STAND,1500 N HARRISON AVE,,CARY,NC,27513,(919) 218-0797,1786942800000,14 - Limited Food,-78.76821234,35.81996575,M,Not Provided
4135,040920110088,PHILLY STEAK & SUBS,4701 ATLANTIC AVENUE,SUITE 103,RALEIGH,NC,27604,(919) 369-4361,1786338000000,1 - Restaurant,-78.60292756,35.84801798,M,Not Provided
4136,040920110087,LA SULTANA KITCHEN,5821 POYNER VILLAGE PKWY UNIT 105,,RALEIGH,NC,27616,(919) 322-4756,1787288400000,1 - Restaurant,-78.57119108,35.86392064,M,Not Provided
4137,040920110089,SUMMER MOON CAFE,11108 LIGON MILL RD,SUITE 140,WAKE FOREST,NC,27587,(919) 263-8302,1787720400000,1 - Restaurant,-78.53173925,35.9665207,M,Not Provided
4138,040920110091,GALLICCHIO'S,702 N PERSON STREET,,RALEIGH,NC,27604,(860) 604-2181,1785387600000,1 - Restaurant,-78.6340898,35.78910584,M,Not Provided
4139,040920110090,HIGH GROUND AT HOTEL INDIGO,320 HILLSBOROUGH ST,SUITE A,RALEIGH,NC,27603,,1787634000000,1 - Restaurant,-78.6440779,35.78099676,M,Not Provided
4140,04092030832,BOWL DA DASH (WCID #1166),12239 CAPITAL BLVD,,WAKE FOREST,NC,27587,(919) 830-2438,1788584400000,3 - Mobile Food,-78.54067857,35.97989629,M,Not Provided
4141,040920110086,ADIOS!,2400 JOHN BRANTLEY BLVD,,RALEIGH,NC,27560,(805) 448-4553,1769749200000,1 - Restaurant,-78.79446939,35.87503038,M,Not Provided
4142,040920110092,RED ROBIN #688,10 CABELA DR,,GARNER,NC,27529,(919) 444-2142,1788152400000,1 - Restaurant,-78.58612516,35.69744078,M,Not Provided
4143,040920110093,RED ROBIN #573,11420 CAPITAL BLVD,,WAKE FOREST,NC,27587,(919) 562-0276,1788152400000,1 - Restaurant,-78.5401275,35.95578496,M,Not Provided
4144,040920110094,RED ROBIN GOURMET BURGERS AND BREWS,7860 ALEXANDER PROMENADE PL,,RALEIGH,NC,27617,(919) 957-2880,1788152400000,1 - Restaurant,-78.77695584,35.91424048,M,Not Provided
4145,04092030833,NAATU NAATU EXPRESS (WCID #1141),10420 CHAPEL HILL RD,,MORRISVILLE,NC,27560,,1791176400000,3 - Mobile Food,-78.8309265,35.83981209,M,Not Provided
4146,040920110095,RED ROBIN GOURMENT BURGERS AND BREWS,1431 BEAVER CREEK COMMONS DR,,APEX,NC,27502,(919) 363-8599,1788152400000,1 - Restaurant,-78.8838039,35.74630069,M,Not Provided
4147,040920110096,PHO MOC,1898 S FRANKLIN STREET,SUITE 110,WAKE FOREST,NC,27587,(610) 780-0254,1789794000000,1 - Restaurant,-78.50941468,35.95135713,M,Not Provided
4148,040920110098,EL JEFE MODERN MEX,831 S MAIN ST,SUITE 105,ROLESVILLE,NC,27571,,1788152400000,1 - Restaurant,-78.47768385,35.90766172,M,Not Provided
4149,040920110097,HIBACHI 88,327 S WILMINGTON ST,,RALEIGH,NC,27601,,1787720400000,1 - Restaurant,-78.63784764,35.7765961,M,Not Provided
4150,04092025804,COLOMBIAN STREET @ THE FLAVOR DISTRICT (12),11016 CAPITAL BLVD,SUITE 12,WAKE FOREST,NC,27587,(919) 901-5289,1787893200000,2 - Food Stands,-78.53774541,35.94776496,M,Not Provided
4151,04092025803,LITTLE CAESARS PIZZA 56128,4458 FAYETTEVILLE RD,,RALEIGH,NC,27603,,1787893200000,2 - Food Stands,-78.65442845,35.71917822,M,Not Provided
4152,040920110101,SPOTTED COW STEAKHOUSE,151 AIRGATE DR,,MORRISVILLE,NC,27560,(919) 484-7721,1788843600000,1 - Restaurant,-78.81478791,35.8634455,M,Not Provided
4153,04092025805,DOMINO'S #8985,7320 BUFFALOE RD,SUITE 118,RALEIGH,NC,27616,(919) 910-8004,1786424400000,2 - Food Stands,-78.51676268,35.84327657,M,Not Provided
4154,040920110099,VIRA BISTRO,3604 ROGERS BRANCH RD,STE 101,WAKE FOREST,NC,27587,(919) 426-1204,1788152400000,1 - Restaurant,-78.50628751,35.94278947,M,Not Provided
4155,040920110100,ROXY'S BAR & GRILL,107 EDINBURGH SOUTH DR STE #129,,CARY,NC,27511,(984) 333-0047,1788411600000,1 - Restaurant,-78.79806693,35.73669743,M,Not Provided
4156,040920110102,BOTANICAL LOUNGE,419 GLENWOOD AVE,,RALEIGH,NC,27603,(919) 900-7809,1787806800000,1 - Restaurant,-78.64777846,35.78568366,M,Not Provided
4157,040920110106,CHIPOTLE MEXICAN GRILL #5443,725 S MAIN ST,,ROLESVILLE,NC,27571,(984) 404-8002,1789362000000,1 - Restaurant,-78.47567768,35.91091871,M,Not Provided
4158,040920110104,JS RIVERAS RESTAURANT,927 DURHAM RD STE 107,,WAKE FOREST,NC,27587,,1789016400000,1 - Restaurant,-78.54094823,35.97615104,M,Not Provided
4159,040920110105,LA PAUSE PARISIENNE,160 NE MAYNARD RD,SUITE 114,CARY,NC,27513,(919) 434-0413,1788152400000,1 - Restaurant,-78.78043043,35.80237168,M,Not Provided
4160,040920110103,OUTBACK STEAKHOUSE #3479,680 RICHLAND GROVE AVE,,WAKE FOREST,NC,27587,(919) 435-3031,1789016400000,1 - Restaurant,-78.53084658,35.96668505,M,Not Provided
4161,040920110111,AREPA CULTURE,9320 FORUM DR,,RALEIGH,NC,27615,,1789102800000,1 - Restaurant,-78.65274738,35.89750215,M,Not Provided
4162,040920110109,MISS CHANG AN,311 ASHVILLE AVE,SUITE J,CARY,NC,27518,(919) 890-5011,1788411600000,1 - Restaurant,-78.78493552,35.73790444,M,Not Provided
4163,040920110110,PIPOPE GRILL,"2822 NEW BIRCH RD, STE100",,RALEIGH,NC,27610,(919) 410-0690,1789621200000,1 - Restaurant,-78.59887958,35.74572551,M,Not Provided
4164,04092025806,CHRISTINE'S PLATES - ROOM 11,3805 S WILMINGTON ST,,RALEIGH,NC,27603,,1789102800000,2 - Food Stands,-78.64840838,35.72742869,M,Not Provided
4165,04092025807,CHRISTINE'S PLATES @ THE KITCHEN SPACE -  ROOM 11,3805 S WILMINGTON ST,,RALEIGH,NC,27603,,1789102800000,2 - Food Stands,-78.64840838,35.72742869,M,Not Provided
4166,04092025808,PURELY NOURISH @ COMMUNITY COMMISSARY - SHARED ARE,160 SOMMERVILLE PARK RD,,RALEIGH,NC,27603,,1789102800000,2 - Food Stands,-78.65005756,35.69421011,M,Not Provided
4167,040920110112,CHINA UNO,308 VILLAGE WALK DR,,HOLLY SPRINGS,NC,27540,(919) 557-9888,1789966800000,1 - Restaurant,-78.83920975,35.63987629,M,Not Provided
4168,040920110108,INTOWN GOLF CLUB,541 CHURCH AT NORTH HILLS ST,SUITE 200,RALEIGH,NC,27609,(716) 499-4668,1786424400000,1 - Restaurant,-78.63045422,35.8335369,M,Not Provided
4169,040920110113,CRUMBSTRUCTION,903 N SMITHFIELD RD,,KNIGHTDALE,NC,27545,(984) 848-7110,1789966800000,1 - Restaurant,-78.48796386,35.7957655,M,Not Provided
4170,04092030834,EVROS MEDITERRANEAN GRILL (WCID #1142),1214 E LENOIR ST,,RALEIGH,NC,27610,(518) 606-9749,1789621200000,3 - Mobile Food,-78.62079848,35.77206859,M,Not Provided
4171,04092030835,BEEF STREET AND A PIG TOO (WCID #1143),1214 E LENOIR ST,,RALEIGH,NC,27610,(919) 522-3699,1789880400000,3 - Mobile Food,-78.62079848,35.77206859,M,Not Provided
4172,040920110114,CAFE ROYALE,1000 SOCIAL STREET,SUITE 100,RALEIGH,NC,27609,(919) 264-7523,1788843600000,1 - Restaurant,-78.62375898,35.82999082,M,Not Provided
4173,040920110115,WAREHOUSE BBQ,12281 CAPITAL BLVD,,WAKE FOREST,NC,27587,(919) 263-1793,1789966800000,1 - Restaurant,-78.54097708,35.98087662,M,Not Provided
4174,040920110117,BRASS TAP & BILLIARDS KITCHEN,3316 CAPITAL BLVD,,RALEIGH,NC,27604,(918) 876-2582,1789621200000,1 - Restaurant,-78.5854729,35.82439324,M,Not Provided
4175,040920110116,FIREBIRDS WOOD FIRED GRILL,1311 GROVE VILLAGE RD,,WAKE FOREST,NC,27587,(984) 263-4777,1789966800000,1 - Restaurant,-78.53168299,35.96517305,M,Not Provided
4176,040920110118,BIGGIE'S,8808 CAPITAL BLVD,,RALEIGH,NC,27616,(919) 876-9879,1790139600000,1 - Restaurant,-78.55819745,35.89895963,M,Not Provided
4177,040920110119,QDOBA #3443,1102 PARKSIDE MAIN ST,,CARY,NC,27519,(984) 345-0722,1789966800000,1 - Restaurant,-78.88929615,35.84835999,M,Not Provided
4178,040920110121,LIME & LEMON INDIAN GRILL & BAR,110 BLUESTONE CROSSING RD,STE 100,ROLESVILLE,NC,27571,,1790571600000,1 - Restaurant,-78.45914969,35.92340322,M,Not Provided
4179,040920110120,GRAIN AND BERRY APEX,2017 CREEKSIDE LANDING DR,,APEX,NC,27502,(919) 889-0512,1789707600000,1 - Restaurant,-78.88665656,35.7451396,M,Not Provided
4180,04092025809,EARTHHOUSE,1022 RYAN RD,,CARY,NC,27511,(919) 868-6901,1790139600000,2 - Food Stands,-78.76675868,35.77660368,M,Not Provided
4181,040920110122,LIMRA MEDITERRANEAN RESTAURANT,3109 MCCHESNEY HILL LOOP,,APEX,NC,27540,(919) 593-3205,1790312400000,1 - Restaurant,-78.8068241,35.68010545,M,Not Provided
4182,040920110123,PARTAKE BAR & LOUNGE,2645 E MILLBROOK RD,SUITE A,RALEIGH,NC,27604,(919) 995-7215,1790139600000,1 - Restaurant,-78.59079165,35.84880107,M,Not Provided
